Judul,Industri,Tipe,Kategori,Tanggal_Post,Berlaku_Hingga,Perusahaan,Website_Perusahaan,Logo_Perusahaan,Alamat,Kota,Provinsi,Negara,Latitude,Longitude,Gaji_Min,Gaji_Max,Gaji_Currency,Gaji_Unit,Skills,Pengalaman_Bulan,Pendidikan,Deskripsi,Tentang_Perusahaan,Benefit,Apply_Langsung,Link,cleaned_text
Data Analyst,Retail,FULL_TIME,Data Analyst,2026-04-06T10:51:25.537Z,2026-05-07,PT. DANGHUAN TEKNOLOGI INDONESIA,http://www.danghuanindo.com,https://images.glints.com/unsafe/glints-dashboard.oss-ap-southeast-1.aliyuncs.com/company-logo/d0dd0cec18278fcab36477e9cd9a9249.jpg,Landmark Pluit Lantai 12,Jakarta Utara,DKI Jakarta,ID,-6.12083,106.76111,5750000.0,7500000.0,IDR,MONTH,"Data Visualization, Microsoft Excel, Data Analysis",12.0,bachelor degree,"Kualifikasi: 
 Pendidikan minimal SMA/SMK/D3 (diutamakan Administrasi/Manajemen) 
 Pengalaman minimal 1 tahun sebagai Admin Sales  
 Wajib bisa menggunakan Excel 
 Teliti, rapi, dan mampu mengelola data dengan baik 
 Memiliki komunikasi yang baik 
 Mampu bekerja secara mandiri maupun dalam tim 
 
 Tanggung Jawab: 
 Mengelola dan menginput data penjualan 
 Membuat quotation & SO 
 Menyiapkan & Menganalisa laporan penjualan harian/mingguan/bulanan 
 Berkoordinasi dengan tim sales, gudang, dan finance 
 Mengarsipkan dokumen penjualan dengan rapi","Danghuan is wholly-owned subsidiary of Oppo China. Established in 2018 at China and focus in second-hand electronic products. It has now become a leading second-hand electronic product service provider in China. 
 
 Founded in 2023, Danghuan teknologi Indonesia is commited to use better technology and mature channels to serve and give local customers a better experience in buy and use electronic products. Also, Danghuan aims to facilitate the circulation and trade of local second-hand electronic products in Indonesia.","bpjs tenaga kerja insurance and health, medical coverage, sales commission financial benefits, near public transport work environment and facilities, user defined, career growth",True,https://glints.com/id/opportunities/jobs/data-analyst/c1456e08-7fed-4dc3-a039-e5207f80bb0f,data visualization microsoft excel data analysis
Data Analyst,Information Technology and Services,FULL_TIME,Data Analyst,2026-03-26T07:13:08.794Z,2026-04-26,HIGO,http://higo.id,https://images.glints.com/unsafe/glints-dashboard.oss-ap-southeast-1.aliyuncs.com/company-logo/2008a49b0d3c23c974a91801ac941681.jpg,"Jl. Panjang Raya, Kedoya Elok Plaza, Blok DA No.3-4, RT.19/RW.4, South Kedoya, Kebonjeruk, West Jakarta City, Jakarta 11520",Jakarta Barat,DKI Jakarta,ID,-6.18889,106.77083,5700000.0,7000000.0,IDR,MONTH,"Python, Data Visualization, Data Analysis, Statistics, Tableau, Power BI, Microsoft Excel, SQL",12.0,bachelor degree,"Requirement: 
 1. Bachelor’s degree in  Data Science, Computer Science, Statistics, Mathematics, or related field with certifications related to data science, data analysts business analytics, or AI/ML. 
 2.  Minimum 1–3 years of hands-on experience  in a data analyst or similar analytical role. 
 3. Have a strong analytical mindset, excellent data manipulation skills, and a passion for uncovering insights that drive business value 
 4. Proficiency in  MongoDB, SQL and programming languages like Python or R. 
 5. Strong experience with data visualization tools  (e.g., Tableau, Power BI, or Looker). 
 6. Solid understanding of  statistical analysis, hypothesis testing, and data modeling. 
 7. Familiarity with machine learning concepts and basic experience with frameworks like  scikit-learn, TensorFlow, or similar. 
 8. Strong business acumen, data product knowledge and problem solving abilities. 
 9. Ability to clearly communicate technical insights to non-technical stakeholders. 
 10. Experience in a business analyst role or working closely with business units. 
 11. Knowledge of data engineering pipelines and tools is a plus. 
 12. Familiarity with AI use cases in business contexts  (e.g., customer segmentation, churn prediction). 
 
 Job Description: 
 1. Collect, clean, and transform data from multiple sources for analysis. 
 2. Perform exploratory data analysis to identify trends, anomalies, and opportunities. 
 3. Develop and maintain dashboards and reports to support data-driven decision-making. 
 4. Collaborate with product, marketing, operations, and other departments to understand data needs. 
 5. Work with machine learning and AI teams to support data preparation and model evaluation. 
 6. Assist in forecasting, segmentation, and performance analysis projects. 
 7. Translate analytical findings into actionable business insights and recommendations. 
 8. Document processes and develop reusable code/templates for analysis. 
 9. Often collaborate with stakeholders to translate data into strategic decisions.","Higo merupakan sebuah WiFi Advertising Platform yang hadir untuk membantu pelaku bisnis mengenal semua pengunjung secara lebih dekat layaknya seorang teman, serta mampu melakukan human-based marketing dari data analitik. 
 Kami menghadirkan layanan Social WiFi, Free WiFi, dan HIGOes To School di beberapa lokasi strategis. 
 Vision : 
 To be the most innovative solution for digital information exchange and distribution in Indonesia 
 Mission : 
 Innovative – Memaksimalkan fasilitas internet di area publik untuk mengenal semua pengunjung layaknya teman, buat traffic iklan yang tinggi, dan ciptakan customize survey yang menarik perhatian 
 Reliable – Buat pengunjung terus kembali, tayangkan iklan di spot yang tepat dan raih potensial customer lebih banyak dengan segmentasi audiens yang akurat 
 Relevant – Menjadi solusi terbaik bagi pemilik bisnis untuk meningkatkan jumlah pengunjung, mampu menghasilkan awareness dan leads dari iklan yang ditayangkan","team building events, professional development, free food and beverages, near public transport work environment and facilities, bpjs tenaga kerja insurance and health, thr financial benefits, career growth, medical coverage",True,https://glints.com/id/opportunities/jobs/data-analyst/d928b194-5e9e-45a5-a4d6-ee7bbfda6dbc,python data visualization data analysis statistics tableau power bi microsoft excel sql
Data Analyst,Information Technology and Services,FULL_TIME,Data Analyst,2026-01-28T01:10:00.502Z,2026-04-29,PT. Berlian Sistem Informasi,http://bsi.co.id,https://images.glints.com/unsafe/glints-dashboard.oss-ap-southeast-1.aliyuncs.com/company-logo/cd1a98bcad61553b3059daf9da952105.png,"KTB Annex Building, 4th Floor Jl. Jendral A. Yani, Pulomas",Jakarta Timur,DKI Jakarta,ID,-6.19306,106.88889,9100000.0,15200000.0,IDR,MONTH,"Data Analysis, Power BI, Data Visualization, Microsoft Excel, SQL",36.0,bachelor degree,"Perform data management activities in accordance with customer, company, contract, and regulatory requirements. 
 Interact with customers and other teams to obtain data requirements for new and existing applications. 
 Identify business problems and variables which need to be predicted. 
 Understand how to utilize data to solve business problems. 
 Support development, enhancement, evaluate and maintenance of multiple datasets for consistency, completeness, accuracy and reasonableness. 
 Perform data analysis and generate data reports on periodic basis for management and customers. 
 Present data management updates at internal and customer meetings. 
 Develop process improvements for data management activities. 
 
 
 Requirement 
 
 Minimum 3 years of experience in data management, data analysis, or a related field. 
 Bachelor’s degree in a relevant discipline from a reputable university. 
 Excellent English communication skills (written and verbal). 
 Proven ability to manage and analyze large datasets with high accuracy and consistency. 
 Strong knowledge of data management principles and data governance. 
 Proficiency in SQL, Excel, and BI tools. 
 Ability to identify business problems and deliver data-driven solutions. 
 Strong problem-solving skills and a proactive approach to process improvements. 
 Capable of working independently and in a team environment.","PT Berlian Sistem Informasi is an IT service and consulting company, focusing on automotive and mobility service business in Indonesia. As one of group companies of Mitsubishi Corporation, our dream is to create cross-industry new value and drive transformation of automotive and mobility service.","medical coverage, career growth, thr financial benefits, professional development, bpjs tenaga kerja insurance and health",True,https://glints.com/id/opportunities/jobs/data-analyst/273ea407-0b58-46c7-8dbc-3d77c21db5ae,data analysis power bi data visualization microsoft excel sql
Data Analyst,Retail,FULL_TIME,Data Analyst,2026-03-12T07:43:34.841Z,2026-04-12,Nusantara Sakti Group,https://www.nusantara-sakti.com,https://images.glints.com/unsafe/glints-dashboard.oss-ap-southeast-1.aliyuncs.com/company-logo/b4b6d4378e7834800bf5395c8685ce8d.jpg,"Gedung The Victoria Lantai 5-6 Jl. Tomang Raya Kav. 35-37, RT.12/RW.5, Tomang, Kec. Grogol petamburan, Kota Jakarta Barat, Daerah Khusus Ibukota Jakarta 11440",Jakarta Barat,DKI Jakarta,ID,-6.19167,106.79444,7000000.0,10000000.0,IDR,MONTH,"Business Strategy, Pivot Table, Business Growth Strategy, Business Development, Business Analysis, Business Process Improvement, Data Analysis, Microsoft Excel, Business Improvement, Analytical Skills, Tableau, SQL",12.0,bachelor degree,"Qualifications : 
 
 Pendidikan minimal S1 jurusan  Statistika, Matematika, Accounting, Aktuaria, Ekonomi, Sistem Informasi,  dan jurusan relevan lainnya 
 Menguasai Excel minimal intermediate , kemampuan SQL / Power BI / Tableu menjadi nilai tambah 
 Mampu menganalisa data dalam jumlah besar dan membuat  forecasting 
 Komunikatif dan  Detail-oriented 
 Inisiatif dan mampu bekerja lintas tim/divisi 
 Memiliki ketertarikan dan pemahaman tentang dunia bisnis 
 Memahami  Business Process Management  menjadi nilai tambah 
 Memiliki pengalaman sebagai  Data analyst  menjadi nilai tambah 
 Penempatan  Jakarta Barat 
 
 
 Jobdesc : 
 
 Melakukan analisa data pencapaian dan alur proses dari sebuah bisnis 
 Bertanggung jawab terhadap pencapaian bisnis 
 Mampu mengolah, menganalisa, mengintepretasi, dan memvisualisasi data sesuai bisnis/divisi yang menjadi tanggung jawab 
 Memberikan insight strategis dan  actionable  untuk meningkatkan efisiensi dan efektivitas 
 Menerjemahkan konsep  improvement  bisnis menjadi kebutuhan sistem  (system requirement) 
 Berkoordinasi dengan tim IT untuk memastikan pemahaman kebutuhan sistem sesuai dengan konsep bisnis 
 Melakukan analisa ulang apabila hasil penerapan belum sesuai ekspektasi, sehingga terbentuk pola  continuous development / continuous improvement  agar sistem dan proses terus berkembang secara berkelanjutan. 
 Membangun hubungan kerjasama internal dan eksternal 
 Mempersiapkan laporan bulanan, triwulan, dan tahunan","Nusantara Sakti Group adalah perusahaan yang bergerak di berbagai unit usaha. 
 Beberapa unit usahanya ialah : 
 
 Dealer Resmi Sepeda Motor Honda 
 Bengkel Resmi Sepeda Motor Honda (AHASS) 
 Pembiayaan Multiguna Motor (M2W) 
 Pembiayaan Multiguna Mobil (M4W) & Mortgage 
 Jasa Pengiriman dan Ekspedisi 
 Distibutor (Honda Genuine Parts, Honda Genuine Oil, Indoparts, Federal Oil, Pertamina Oil) 
 Property 
 Ivaro Furniture","career growth, perform bonus financial benefits, medical coverage, near public transport work environment and facilities, thr financial benefits",True,https://glints.com/id/opportunities/jobs/data-analyst/ca0d5486-c090-475b-95eb-ed96ae6aff51,business strategy pivot table business growth strategy business development business analysis business process improvement data analysis microsoft excel business improvement analytical skills tableau sql
Data Analyst,Information Technology and Services,CONTRACTOR,Data Analyst,2026-02-06T10:29:27.222Z,2026-04-13,PT. Quad Sinergi Teknologi,https://quadteknologi.com,https://images.glints.com/unsafe/glints-dashboard.oss-ap-southeast-1.aliyuncs.com/company-logo/dc87c121cdcb0c0b1e2ce2d04be14de7.png,"Jl. Meruya Ilir Raya No.14 Blok H1, North Meruya, Kembangan, West Jakarta City, Jakarta 11620",Jakarta Barat,DKI Jakarta,ID,-6.19861,106.74167,6000000.0,7500000.0,IDR,MONTH,"Power BI, SQL, Python, Tableau, Redis, Microsoft SQL Server, Microsoft Excel, Statistics, Data Analysis, Data Visualization",36.0,bachelor degree,"Data Analyst 
 PT. Quad Sinergi Teknologi (QST) adalah perusahaan IT Solution yang berfokus pada penyediaan solusi infrastruktur teknologi, jaringan, dan sistem yang inovatif dan tepat guna bagi klien kami. Saat ini kami membuka kesempatan bagi talenta terbaik untuk bergabung sebagai Data Analyst. 
 Tanggung Jawab: 
 - Menganalisis kebutuhan teknis klien terkait solusi pengolahan data. 
 - Menyusun solusi teknis dan desain arsitektur sesuai kebutuhan klien. 
 - Mampu memberikan presentasi dan penjelasan teknis kepada klien menjadi nilai tambah. 
 - Mengikuti perkembangan teknologi dan produk terbaru di bidang pengolahan data. 
 Kualifikasi: 
 - Pendidikan minimal S1 Teknik Informatika / Sistem Informasi / Matematika / Statistik, sejenis. 
 - Pengalaman minimal 2-5 tahun sebagai Engineer Data (Data Analyst, Scientist, Engineer). 
 - Mampu mengolah data, membersihkan data, membuat report/dashboard/visualisasi. 
 - Memiliki pengetahuan dan keahlian pada Python (pandas, matplotlib, pytorch, etc..)/R, SQL, PowerBI/Tebleu, Machine learning, Big Data, Jupyter Notebook. 
 - Mengerti sistem data warehouse, ETL, Datalake, etc. 
 - Memiliki kemampuan dan pengetahuan teknologi contenerized (kubernetes, docker, etc..) menjadi nilai tambah. 
 - Memiliki pengetahuan ERD, dan biasa bekerja dengan konsep SDLC. 
 - Memiliki pemahaman yang kuat terhadap proses bisnis. 
 - Mampu melakukan presentasi teknis dengan baik. 
 - Memiliki kemampuan komunikasi dan analisis yang baik. 
 - Memiliki sertifikasi terkait menjadi nilai tambah. 
 Benefit: 
 - Gaji kompetitif 
 - Lingkungan kerja profesional dan kolaboratif 
 - Kesempatan pengembangan skill & karier 
 - Terlibat langsung dalam project IT berskala enterprise","PT Quad Sinergi Teknologi (QST) adalah perusahaan teknologi informasi yang berdiri sejak 2014, berfokus pada penyediaan solusi infrastruktur IT, keamanan jaringan, cloud system, dan data analytics. 
QST terdiri dari profesional berpengalaman yang berkomitmen memberikan solusi bernilai bagi klien dengan mengintegrasikan infrastruktur dan arsitektur data melalui perencanaan yang matang. 
 Tujuan QST adalah membantu klien mencapai target bisnis melalui solusi teknologi yang agile, aman, efisien, dan berperforma tinggi. 
Mereka menyediakan layanan seperti: 
 
 Transformasi dan integrasi infrastruktur bisnis penting (critical-business system) 
 Cloud architecture, hyper-converged, colocation, dan microservices 
 Solusi keamanan jaringan (firewall, SD-WAN, IAM, SIEM) 
 Data management dan big data analytics (machine learning, predictive analytics, RPA) 
 Preventive & corrective maintenance serta managed services","bpjs tenaga kerja insurance and health, professional development, medical coverage, career growth",True,https://glints.com/id/opportunities/jobs/data-analyst/c76020aa-e7c5-43c6-9f3e-87658370baf3,power bi sql python tableau redis microsoft sql server microsoft excel statistics data analysis data visualization
Data Analyst,Information Technology and Services,CONTRACTOR,Data Analyst,2026-03-30T04:15:23.621Z,2026-04-30,Tamtech International,https://tamtech.id,https://images.glints.com/unsafe/glints-dashboard.oss-ap-southeast-1.aliyuncs.com/company-logo/9d240240a35943a4760dacc37c6c7617.jpg,"Jalan Ring Road Utara No 29 Caturtunggal, Depok, Mlati, Sleman, Daerah Istimewa Yogyakarta 55284",Sleman,DI Yogyakarta,ID,-7.76667,110.40972,6000000.0,7000000.0,IDR,MONTH,"SQL, Power BI, Redis, Python, Statistics, Data Visualization, Tableau, Data Analysis",12.0,bachelor degree,"We are currently looking for a Data Analyst to join our team for a Smart City Enterprise Architecture project. In this role, you will serve as the core driver for defining data structures, governance, and integration models. You will work closely with Business Analysts and Architecture Leaders to translate business requirements into comprehensive data architecture blueprints. 
 
 Key Responsibilities: 
 
 Identify, classify, and document data entities, data flows, and master data models across the domain 
 Analyze current data landscapes and integration workflows within the assigned Smart City domain 
 Map and document data governance policies, security standards, and compliance frameworks 
 Identify data quality gaps, integration bottlenecks, and opportunities for data interoperability 
 Ensure strict alignment between data architecture models and the overall business objectives 
 
 
 Job Requirements: 
 
 Bachelor's degree in Data Science, Computer Science, Information Systems, Statistics, or a related field 
 Proven experience as a Data Analyst, Data Architect, or Enterprise Data practitioner 
 Solid understanding of Enterprise Architecture principles; familiarity with the TOGAF framework is highly preferred 
 Proficiency in data modeling techniques (conceptual, logical, physical) and tools (e.g., ERD, ArchiMate) 
 Strong analytical skills with the ability to design standardized data structures without over-engineering the technical database design 
 Excellent communication and stakeholder management skills, with experience facilitating review workshops 
 Experience in smart city, government public services, or large-scale data integration projects is a significant plus 
 Willingness to travel and work on-site (hybrid arrangement) to project locations for stakeholder workshops and executive reviews","Software Design and Development Consultancy 
 Tamtech International is an IT consultancy agency established in January 2019. We specialize in Design, Development, Management, and Consulting services. Our young and dynamic team is driven by our core values to provide high-quality solutions tailored to our clients' needs. We prioritize innovation and excellence, staying up-to-date with industry trends and utilizing cutting-edge technology. Our goal is to exceed expectations and be a trusted partner in our clients' success.","thr financial benefits, free food and beverages, vacation and leaves",True,https://glints.com/id/opportunities/jobs/data-analyst/3251658f-e26a-49c5-8640-00217f5f02b7,sql power bi redis python statistics data visualization tableau data analysis
Data Analyst,Distributor,FULL_TIME,Data Analyst,2026-03-27T08:58:47.55Z,2026-04-27,CV Dinamika Artha Persada,https://id.jobstreet.com/companies/dinamika-artha-persada-168558967614890,https://images.glints.com/unsafe/glints-dashboard.oss-ap-southeast-1.aliyuncs.com/company-logo/b408701d76f96c55914663b05491317c.png,"Jl. T. Amir Hamzah No. 62 C Helvetia, Medan, Sumatera Utara",Medan,Sumatera Utara,ID,3.60389,98.63222,5000000.0,7000000.0,IDR,MONTH,"SQL, Data analysis, Power BI",12.0,bachelor degree,"Kualifikasi : 
 
 Pendidikan Minimal S1 Jurusan Statistika, Matematika, Fisika, Teknik Informatika atau bidang terkait. 
 Pengalaman minimal 1 tahun di bidang Data Analyst / Data Administrator. 
 Mahir menggunakan Microsoft Excel, khususnya dalam pengolahan data dalam jumlah besar. 
 Mampu memvisualisasikan data dengan menggunakan Power BI atau Tableau. 
 Domisili dan Penempatan di Medan. 
 
 
 Deskripsi Pekerjaan : 
 
 Menganalisa, menyajikan dan menginterpretasikan data 
 Melakukan pengecekan data penjualan sesuai dengan skema yang berlaku 
 Menyajikan laporan pencapain target cabang 
 Melakukan validasi terkait data/dokumen untuk keperluan klaim program","CV Dinamika Artha Persada (DAP) adalah perusahaan distribusi ban di Indonesia, didirikan di kota Medan pada tahun 2016 sebagai distributor ban merek Swallow & Delium. Produk yang tersedia mulai dari ban sepeda; ban motor; ban mobil; ban industrial sampai ke ban alat pertanian.","vacation and leaves, career growth, medical coverage",True,https://glints.com/id/opportunities/jobs/data-analyst/380421d2-b715-4666-a4c9-2a83bff4fe10,sql data analysis power bi
Data Analyst,Information Technology and Services,FULL_TIME,Data Analyst,2026-03-27T07:35:13.721Z,2026-04-27,Pt Kreator Solusi Informasi,http://www.kreators.com,https://images.glints.com/unsafe/glints-dashboard.oss-ap-southeast-1.aliyuncs.com/company-logo/100e00d7d73862701aae99912207ca06.png,"Ruko Manyar Megah Indah Plaza H-7, Jl Ngagel Jaya Selatan, Kel. Baratajaya, Kec. Gubeng",Surabaya,Jawa Timur,ID,-7.27972,112.75611,3712000.0,5568000.0,IDR,MONTH,"Tableau, Data Integration, Data Analysis, Microsoft SQL Server, Data Engineering, Database Systems, Power BI",12.0,bachelor degree,"PENEMPATAN  : JAKARTA TIMUR dan SURABAYA 
 
 Deskripsi Pekerjaan 
 Bertanggung jawab merancang, membangun, dan memelihara infrastruktur data yang andal untuk mendukung kebutuhan bisnis dan analitik. Termasuk di dalamnya pembuatan pipeline ETL/ELT, integrasi data dari berbagai sumber, optimasi performa sistem data, serta kolaborasi dengan tim data analytics dan engineering.  
 
 Tugas spesifik: 
 
 Merancang, Mengimplementasikan, mengoptimasi, dan mengotomasi pipeline ETL/ELT serta memantau performanya untuk memastikan reliabilitas jangka panjang. 
 Membangun dan memelihara arsitektur data warehouse/data lake yang scalable serta menjamin kualitas, konsistensi, dan ketersediaan data.B120 
 Bekerja sama dengan data analysts, data scientists, dan tim produk untuk memenuhi kebutuhan data dan analitik. 
 Mengekstrak dan menyiapkan data terstruktur dari data warehouse untuk kebutuhan training AI; akan diajarkan jika belum berpengalaman 
 
 
 Kualifikasi 
 
 Minimal S1 di bidang Teknologi Informasi, Ilmu Komputer, Sistem Informasi, Data Sceince atau bidang terkait. 
 Fresh graduate dipersilakan melamar. Pengalaman kerja sebagai data Engineer atau peran terkait menjadi nilai tambah. 
 Wajib menguasai Python untuk pengolahan data, scripting, dan automasi. 
 menguasai SQL dan konsep dasar pengelolaan database. 
 Berpengalaman atau Familiar menggunakan database Microsoft SQL Server dan PostgreSQL. 
 Memahami konsep ETL/ELT, data modeling, dan data pipeline. 
 Familiar dengan Microsoft Power Automate menjadi nilai tambah. 
 Memiliki kemampuan analitis yang baik, terbiasa Bekerja dengan data terstruktur, dan mampu Bekerja mandiri maupun dalam tim.","Kami   adalah sekumpulan professional di bidang teknologi informasi di   Surabaya.        Visi kami adalah menjadi   perusahaan software development yang dinamis dengan didukung tenaga   profesional di bidangnya untuk   memberikan solusi terbaik bagi channel kami dan masyarakat.          Misi kami menjadi perusahaan   yang tumbuh secara sehat melalui produk-produk solusi IT yang dapat diterima   oleh masyarakat dan memotivasi seluruh elemen di dalamnya untuk berkreasi   secara   berkesinambungan dalam   mendeliver solusi terbaik sesuai dengan perkembangan teknologi dan   kebutuhan masyarakat. 
 Kami juga merupakan Partner dari PT TERA DATA INDONUSA (AXIOO BRAND) sehingga tidak perlu diragukan lagi untuk Kemampuan dan Kinerja perusahaan kami.","bpjs tenaga kerja insurance and health, thr financial benefits, medical coverage",True,https://glints.com/id/opportunities/jobs/data-analyst/d7999800-5e92-4016-81f9-568d1d149ad4,tableau data integration data analysis microsoft sql server data engineering database systems power bi
Affiliate Data Analyst,Cosmetics,FULL_TIME,Data Analyst,2026-04-06T03:44:31.112Z,2026-05-07,Moicare Indonesia,https://moicareindonesia.com/,https://images.glints.com/unsafe/glints-dashboard.oss-ap-southeast-1.aliyuncs.com/company-logo/5ccb2377c0229f99d857898405adddb4.png,"Jl. Srigunting 3 No.20a, Manahan, Kec. Banjarsari, Kota Surakarta, Jawa Tengah 57139",Surakarta,Jawa Tengah,ID,-7.54722,110.81722,2500000.0,3200000.0,IDR,MONTH,"Microsoft Excel, Data Visualization, Data Analysis",12.0,high school,"WFO, SOLO 
 
 Mampu mengolah dan menganalisis data performa affiliate 
 Terbiasa membaca metrik seperti: CTR (Click Through Rate), Conversion Rate, ROI / ROAS, GMV / Revenue 
 Bisa menarik insight dan membuat rekomendasi strategi 
 Paham sistem affiliate (komisi, tracking link, kode referral) 
 Familiar dengan platform: TikTok Affiliate, Shopee Affiliate 
 Mengerti cara evaluasi performa tiap affiliate/creator 
 Mampu membuat report harian/mingguan/bulanan 
 Bisa menyampaikan insight ke tim: Marketing, Content Creator, Management 
 Membuat presentasi data dalam bentuk yang mudah dipahami","Moicare Indonesia adalah perusahaan yang menyediakan produk perawatan kulit dan kesehatan, dengan fokus pada inovasi dalam pembuatan skincare berkualitas tinggi untuk mendukung kecantikan dan kesehatan kulit.","medical coverage, perform bonus financial benefits, meal allowance financial benefits, career growth",True,https://glints.com/id/opportunities/jobs/affiliate-data-analyst/2c729890-31e8-4db1-96ad-f0a80d1f9343,microsoft excel data visualization data analysis
Data Quality Analyst,Information Technology and Services,FULL_TIME,Data Analyst,2026-04-06T01:21:57.171Z,2026-05-07,Dot Indonesia,https://www.dot.co.id,https://images.glints.com/unsafe/glints-dashboard.oss-ap-southeast-1.aliyuncs.com/company-logo/dd61a2dc6be658c83e2932333ebbef22.png,"Jakarta Office Millenium Centennial Center lt. 39, Jl. Jend. Sudirman Kav. 25, Setiabudi, Jakarta Selatan 12920",Jakarta Pusat,DKI Jakarta,ID,-6.20556,106.81111,5800000.0,8000000.0,IDR,MONTH,"Statistics, Data Profiling, Data Quality Management",12.0,bachelor degree,"Job Description 
 
 Melakukan data profiling dan assessment  
 Menyusun cleansing plan dan laporan per unit  
 Memberikan rekomendasi perbaikan berbasis business rules  
 
 Requirement  
 
 Pendidikan minimal S1 Statistika, Matematika, Sistem Informasi, atau Ilmu Komputer  
 Pengalaman minimal 2 tahun dalam data profiling, cleansing, dan validasi kualitas data  
 Memahami prinsip Data Quality Management dan standar (misal: ISO 8000, DAMA-DMBOK)  
 Menguasai alat bantu spreadsheet, analisis manual, serta teknik segmentasi/anomali","DOT Indonesia is a creative IT company specialize in Website Development, UI/UX Design & Development, Mobile application, Database Application, and Digital Marketing.  We are full-timers strategists, designers, technologists, experts and part-timers thinkers, explorers, makers and creators with full plate of experiences and high dose of curiosity, creativity and passion.  We’re serious about delivering great outcomes. We strive to deliver intelligent-out of the box-competitive advantage products, engaging experiences and exceptional outcomes for our incredible clients.","bpjs tenaga kerja insurance and health, medical coverage, thr financial benefits",True,https://glints.com/id/opportunities/jobs/data-quality-analyst/046d6c0a-2db0-4b13-abd2-6fad0049c84e,statistics data profiling data quality management
Data analyst (Denpasar),Outsourcing/Offshoring,FULL_TIME,Data Analyst,2026-04-06T07:04:20.084Z,2026-05-07,PT. Provis Garuda Services,https://provisgaruda.web.indotrading.com/about,https://images.glints.com/unsafe/glints-dashboard.oss-ap-southeast-1.aliyuncs.com/company-logo/6d17ecd6d5a04f6ff0f60a04fdfc5fc7.jpeg,"Jalan Tanah Abang I No.8, RT.11/RW.8, Petojo Selatan, Gambir, RT.11/RW.8, Petojo Sel., Kecamatan Gambir, Kota Jakarta Pusat, Daerah Khusus Ibukota Jakarta 10160",Denpasar,Bali,ID,-8.66889,115.19722,3000000.0,3500000.0,IDR,MONTH,"Statistics, Microsoft Excel, Data Analysis",12.0,professional certificate,"Uraian Tugas : 
 ​​Memantau dan mengelola beberapa perangkat lunak dan semua aktivitas yang terkait dengan input data proses dan output  
 Merancang data sesuai dengan kebutuhan pengguna  
 Berkomunikasi dengan area Manager dan Regional Manager mengenai kebutuhan data  
 Mengelola anggota tim agar memenuhi aturan dan ketentuan kerja sesuai dengan timeline yang berlaku  
 
 Kualifikasi : 
 Usia Maksimal 30 Tahun 
 Pendidikan minimal S1  
 Memiliki Kemampuan dan keterampilan dalam bidang matematika dan statistika 
 Memiliki kemampuan untuk mengoperasikan Microsoft Excel  
 Berdomisili tinggal di wilayah Denpasar","Pada tahun 1990, perusahaan ini berdiri dengan nama PT Wahana Garuda Purnakarya (WGP) sebagai perusahaan jasa penyedia tenaga kerja untuk memenuhi kebutuhan sebagian tenaga kerja Garuda Indonesia Airlines. 
 
Memasuki tahun 2000, WGP memperluas segmen dengan penyediaan tenaga kerja untuk sektor industri Oil and Gas, Recreation, Pharmacy, dan Telecommunication. 
 
Sejak 11 Mei 2011, perusahaan ini melakukan re-branding menjadi PT Provis Garuda Services (PROVIS) dan melakukan perubahan Visi, Misi dan strategi perusahaan, sebagai perusahaan pengelola tenaga kerja / Manage Service / Business Process Outsourcing dengan tiga satuan Business Unit yaitu : 
 
HR Services 
Cleaning Services 
Security Services 
Saat ini PROVIS telah dipercaya oleh Klien yang terdiri dari perusahaan asing/PMA, Swasta dan BUMN dengan jumlah 40 perusahaan, untuk mengelola tenaga kerja yang berjumlah ribuan dengan lokasi penempatan yang tersebar di 150 kota wilayah Indonesia.","thr financial benefits, medical coverage, professional development, career growth",True,https://glints.com/id/opportunities/jobs/data-analyst-(denpasar)/f83c4f2e-96ab-4356-bb32-34786221bfb7,statistics microsoft excel data analysis
Business Intelligence & Strategic Data Analyst,Retail,FULL_TIME,Data Analyst,2026-04-04T04:59:09.55Z,2026-05-05,Waschen Alora Indonesia,https://waschenalora.com,https://images.glints.com/unsafe/glints-dashboard.oss-ap-southeast-1.aliyuncs.com/company-logo/3746f775d7d2342985e93ed625c2d2af.png,"Jl. Pringgodani, Kelurahan Harjamukti, Kecamatan Cimanggis, Kota Depok, Provinsi Jawa Barat, Indonesia",Depok,Jawa Barat,ID,-6.36861,106.87,5000000.0,9000000.0,IDR,MONTH,"Power BI, B2C Marketing, Microsoft Excel, B2B Marketing, Data Visualization, Python, Data Analysis, Marketing Strategy, Sales Strategy, Statistics, Operations Management, SQL",36.0,bachelor degree,"Deskripsi Perusahaan  
 PT  Waschen Alora Indonesia (Alora Group) adalah sebuah entitas induk perusahan yang memiliki core business di bidang jasa kebersihan, seperti: Laundry rumah sakit (Healtcare Laundry), Penyewaan linen rumah sakit (Linen Rental), Laundry untuk Perusahaan (Corporate Laundry), Laundry Retail (residence), Jasa kebersihan rumah (Home Care) dan Jasa Kebersihan Kantor (Office Care).  
 Kami mengundang talenta terbaik yang memiliki dedikasi, berpikiran terbuka (growth mindset) dan loyalitas untuk pengembangan karir dan pengembangan bisnis demi kemajuan bersama di masa depan. Kami tidak mencari sekadar analis data. Kami mencari “arsitek pertumbuhan”, seseorang yang mampu mengubah data menjadi strategi, dan strategi menjadi dampak nyata.  Kami mencari “problem solver berbasis data”, seseorang yang mampu melihat pola di balik angka, memahami bisnis secara mendalam, dan mengubah insight menjadi keputusan strategis. 
 Di peran ini, Anda akan berada di jantung pengambilan keputusan memahami apa yang benar-benar bekerja, apa yang tidak, dan ke mana kita harus melangkah berikutnya. 
 
 
Tanggung Jawab (Job Description) 
 1.	Turn Data Into Strategic Insight 
 
 Melakukan analisis data dan riset pasar untuk memahami tren industri, kebutuhan pelanggan, posisi kompetitif perusahaan serta peluang dan area yang perlu ditingkatkan dalam operasional bisnis. 
 Melakukan riset dan analisis mendalam (in-depth analysis) terhadap customer, marketing metrics, competitor landscape, serta tren marketing terbaru untuk mengidentifikasi peluang dan menutup gap pada produk maupun funnel. 
 Menggali data operasional, data pelanggan, data pasar untuk menemukan pola, peluang, dan risiko yang tidak terlihat oleh orang lain.  
 
 
 2.	Drive Decision-Making 
 
 Menyajikan insight yang tajam dan relevan untuk membantu manajemen mengambil keputusan berbasis data, bukan asumsi. 
 Bertanggung jawab atas fungsi analitik dengan merancang strategi pelacakan (tracking), membangun kerangka pengukuran (measurement framework), serta memberikan insight yang jelas terkait aktivitas operasional dan marketing. 
 Berkolaborasi dengan tim lintas fungsi untuk memberikan insight yang mendukung pengambilan keputusan strategis 
 
 
 3.	Solve Real Business Problems 
 
 Mengidentifikasi bottleneck, inefficiency, dan peluang growth dalam proses bisnis, lalu memberikan solusi yang actionable. 
 Mendukung pelaksanaan A/B testing dan desain eksperimen, memastikan setiap project dapat diukur dengan baik dan hasilnya valid secara statistik.  
 
 
 4.	Build Data-Driven System 
 
 Mengembangkan dashboard, model analitik, dan framework pengukuran yang menjadi fondasi pengambilan keputusan perusahaan. 
 
 
 5.	Collaborate Across Functions 
 
 Bekerja lintas tim (Operations, Marketing, Finance, Product) untuk memastikan setiap strategi didukung oleh data yang solid. 
 
 
 Kualifikasi (Requirements) 
 
 Pendidikan minimal Diploma/Sarjana di bidang terkait (relevan). 
 Memiliki pengalaman bekerja minimal 1 s.d. 5 tahun dibidang data analyst dan business analyst (lebih diutamakan yang menguasai market research dan marketing analysis). 
 Mampu berpikir kritis dan sistematis serta mampu menghubungkan data dengan konteks bisnis. 
 Pengalaman dalam menggunakan alat analisis data (Google Analytics, Power BI, SQL, Python dan tools sejenisnya), termasuk kemampuan mengolah big data secara efisien. 
 Berpengalaman membuat dashboard menggunakan tools visualisasi data (Metabase, Tableau, Looker, Power BI atau sejenisnya). 
 Memahami berbagai channel digital marketing (iklan berbayar, SEO, referral, pertumbuhan organik, kampanye CRM). 
 Memahami statistik, analisis tren, dan machine learning dasar. 
 Kemampuan untuk bekerja dengan data besar dan kompleks.  
 Berpikir analitis, detail-oriented, serta mampu menyajikan data secara logis. 
 Komunikatif & kolaboratif, bisa bekerja sama dengan tim marketing, sales, dan operasional. 
 Lancar berbahasa Inggris. 
 
 
 
 Kompensani dan Benefit 
 
 Gaji dan tunjangan yang kompetitif dengan insentif (bonus) kinerja. 
 BPJS (Asuransi kesehatan). 
 Exposure langsung ke decision-making level. 
 Lingkungan kerja yang mendorong thinking, ownership, dan impact. 
 Kesempatan berkembang menjadi future leader di bidang data, business & strategy.","Total Care for Happy Life 
 PT Waschen Alora Indonesia adalah sebuah induk perusahan (holding) yang memiliki core business di bidang commercial laundry dan cleaning service yang bergerak disektor B2B (Buisiness-to-Business) dan B2C (Business-to-Customer). Layanan yang kami hadirkan berupa: Laundry rumah sakit (healthcare laundry), Penyewaan linen rumah sakit (linen management), Laundry untuk Perusahaan (corporate laundry), Retail laundry, Jasa kebersihan rumah (home cleaning) dan jasa kebersihan kantor (office cleaning). 
 Dengan komitmen terhadap kualitas layanan premium dan efisiensi operasional, kami terus berkembang dan berinovasi  dalam hal kualitas produk, strategi layanan dan marketing sebagai bagian pertumbuhan berkelanjutan menjadi inti dari semua yang kami lakukan (the heart of everything we do). 
 Kami membutuhkan talenta yang memiliki dedikasi dan loyalitas untuk pengembangan karir dan pengembangan bisnis demi kemajuan bersama di masa depan. Kami mengundang talenta terbaik sebagai Operations Coordinator yang akan berperan penting dalam mengelola unit bisnis dan kegiatan operasional di perusahaan kami.","insurance, gifts and vouchers, vacation and leaves, well ness, team building events, professional development, career growth, free food and beverages",True,https://glints.com/id/opportunities/jobs/business-intelligence-&-strategic-data-analyst/bfe0c6ae-2ce7-4948-82a5-76c99453937f,power bi bc marketing microsoft excel bb marketing data visualization python data analysis marketing strategy sales strategy statistics operations management sql
Business Data Analyst (Accounting Divison),Retail,FULL_TIME,Data Analyst,2026-03-25T02:48:34.29Z,2026-04-25,Nusantara Sakti Group,https://www.nusantara-sakti.com,https://images.glints.com/unsafe/glints-dashboard.oss-ap-southeast-1.aliyuncs.com/company-logo/b4b6d4378e7834800bf5395c8685ce8d.jpg,"Gedung The Victoria Lantai 5-6 Jl. Tomang Raya Kav. 35-37, RT.12/RW.5, Tomang, Kec. Grogol petamburan, Kota Jakarta Barat, Daerah Khusus Ibukota Jakarta 11440",Jakarta Barat,DKI Jakarta,ID,-6.19167,106.79444,7000000.0,10000000.0,IDR,MONTH,"Business Analysis, Microsoft Excel, Business Strategy, Business Process Improvement, SQL, Pivot Table, Business Improvement, Data Analysis, Business Development, Business Growth Strategy, Tableau, Analytical Skills",12.0,bachelor degree,"Qualifications : 
 
 Pendidikan minimal S1 jurusan  Accounting, Matematika, Aktuaria,  dan jurusan relevan lainnya 
 Menguasai Excel minimal intermediate , kemampuan SQL / Power BI / Tableu menjadi nilai tambah 
 Mampu menganalisa data dalam jumlah besar dan membuat  forecasting 
 Komunikatif dan  Detail-oriented 
 Inisiatif dan mampu bekerja lintas tim/divisi 
 Memiliki ketertarikan dan pemahaman tentang dunia bisnis 
 Memahami  Business Process Management  menjadi nilai tambah 
 Memiliki pengalaman sebagai  Data analyst  di divisi  Accounting  menjadi nilai tambah 
 Penempatan  Jakarta Barat 
 
 
 Jobdesc : 
 
 Melakukan analisa data pencapaian dan alur proses dari sebuah bisnis 
 Bertanggung jawab terhadap pencapaian bisnis 
 Mampu mengolah, menganalisa, mengintepretasi, dan memvisualisasi data sesuai bisnis/divisi yang menjadi tanggung jawab 
 Memberikan insight strategis dan  actionable  untuk meningkatkan efisiensi dan efektivitas 
 Menerjemahkan konsep  improvement  bisnis menjadi kebutuhan sistem  (system requirement) 
 Berkoordinasi dengan tim IT untuk memastikan pemahaman kebutuhan sistem sesuai dengan konsep bisnis 
 Melakukan analisa ulang apabila hasil penerapan belum sesuai ekspektasi, sehingga terbentuk pola  continuous development / continuous improvement  agar sistem dan proses terus berkembang secara berkelanjutan. 
 Membangun hubungan kerjasama internal dan eksternal 
 Mempersiapkan laporan bulanan, triwulan, dan tahunan","Nusantara Sakti Group adalah perusahaan yang bergerak di berbagai unit usaha. 
 Beberapa unit usahanya ialah : 
 
 Dealer Resmi Sepeda Motor Honda 
 Bengkel Resmi Sepeda Motor Honda (AHASS) 
 Pembiayaan Multiguna Motor (M2W) 
 Pembiayaan Multiguna Mobil (M4W) & Mortgage 
 Jasa Pengiriman dan Ekspedisi 
 Distibutor (Honda Genuine Parts, Honda Genuine Oil, Indoparts, Federal Oil, Pertamina Oil) 
 Property 
 Ivaro Furniture","career growth, thr financial benefits, medical coverage, perform bonus financial benefits, near public transport work environment and facilities",True,https://glints.com/id/opportunities/jobs/business-data-analyst-(accounting-divison)/2bc42fe4-9b95-4dac-ba7f-5badbe2433ec,business analysis microsoft excel business strategy business process improvement sql pivot table business improvement data analysis business development business growth strategy tableau analytical skills
System Analyst,Information Technology and Services,FULL_TIME,System Analyst,2026-03-26T07:42:33.149Z,2026-04-26,VhiWEB,https://vhiweb.com,https://images.glints.com/unsafe/glints-dashboard.oss-ap-southeast-1.aliyuncs.com/company-logo/687fbfde3ad3dc41c24498ea4e3f1f8d.jpg,"Jl. Batu Tulis Raya No.24A, Kb. Klp., Kecamatan Gambir, Kota Jakarta Pusat, Daerah Khusus Ibukota Jakarta 10120",Jakarta Pusat,DKI Jakarta,ID,-6.17083,106.81806,6500000.0,9000000.0,IDR,MONTH,"SDLC, Dokumentasi Teknis, Agile Methodologies, System Analysis, Komunikasi Lintas Divisi, Critical Thinking",12.0,bachelor degree,"Role Overview 
 As a System Analyst (SA) at DDN, you are not merely a technical document writer, but the guardian of system clarity. You bridge abstract business needs with concrete technical solutions, ensuring that requirements are structured, feasible, and clearly understood by all stakeholders. You will be involved from the early discovery phase through documentation and implementation support, ensuring developers and QA teams have clear, structured, and testable references. 
 
 Key Responsibilities 
 
 Elicit, analyze, and clarify business requirements together with clients and/or Business Analysts. 
 Translate business needs into structured technical documentation (SRS, Use Case, ERD, UML, logical wireframes). 
 Provide technical input to BA and PMO regarding scope definition, prioritization, and feasibility. 
 Act as the primary reference for developers in understanding system requirements. 
 Collaborate with QA to ensure requirements are fully covered in test cases. 
 Align business expectations with technical constraints and system capabilities. 
 
 
 Minimum Qualifications 
 
 Bachelor’s degree in Information Systems, Computer Science, Engineering, or related field. 
 Graduates from reputable universities (national or international). 
 2–3 years of experience as a System Analyst or similar role. 
 Strong ability to produce structured technical documentation (SRS, ERD, UML, etc.). 
 Familiar with Agile methodologies (Scrum/Kanban) and effort estimation (story points). 
 Proficient in system analysis tools (Draw.io, Lucidchart, Figma, or similar). 
 Solid understanding of the Software Development Life Cycle (SDLC).","VhiWEB is a dynamic digital agency specializing in cutting-edge technological solutions aimed at driving digital transformation for its clients. We offers comprehensive services including web and app development, managed services, and gamified marketing campaigns. 
 With a strong emphasis on user-centered design and innovative strategies, we empowers businesses to enhance their operational efficiency and make impactful advancements in the digital space.","bpjs tenaga kerja insurance and health, medical coverage",True,https://glints.com/id/opportunities/jobs/system-analyst/be2904f2-745f-4334-9fbd-a9be9d769b9e,sdlc dokumentasi teknis agile methodologies system analysis komunikasi lintas divisi critical thinking
Data Analyst Supervisor (Yogyakarta),Marketing and Advertising,FULL_TIME,Data Analyst,2026-02-16T03:27:23.359Z,2026-05-07,PT Ebliethos Digital Indonesia,http://www.ebliethos.co.id,https://images.glints.com/unsafe/glints-dashboard.oss-ap-southeast-1.aliyuncs.com/company-logo/895dd1d0f9c48f4e72c5847d70e8742f.png,"Jalan Mulia no 104, Sedan, Ngaglik, Sleman, Yogyakarta",Sleman,DI Yogyakarta,ID,-7.7125,110.39722,2000000.0,3000000.0,IDR,MONTH,"Advertising Planning, Postal Application (Point of Sales), TikTok Ads, Data Pipeline, Advertising Media, Technical Support, WMS System, Data analysis, Meta Ads, IT Support",36.0,bachelor degree,"Kualifikasi : 
 
 Pendidikan min. S1 Jurusan Sistem Informatika, Teknik Informatika, Statistik atau jurusan yang relevan 
 Memiliki pengalaman min. 2-3 tahun dalam bidang Operasional Support dan Data Analyst di Perusahaan Digital Marketing 
 Memahami Shipment Tracing 
 Mahir menggunakan Microsoft Excel/Google Sheets (pivot table, vlookup/index match, rumus dasar, filtering, formatting). 
 Memiliki pengalaman yang berhubungan dengan data penjualan (Input, olah, maupun merekap data untuk laporan harian) 
 Bersedia ditempatkan di Sleman, Yogyakarta","PT Ebliethos Digital Indonesia adalah sebuah perusahaan yang bergerak di bidang digital marketing yang saat ini sedang bertumbuh sangat pesat. Perusahaan ini berpusat di kota Yogyakarta dengan 6 kantor cabang (Mulia, Rejodani, Gamping, Godean, Maguwoharjo dan Bantul)","career growth, medical coverage, travel, bpjs tenaga kerja insurance and health, thr financial benefits",True,https://glints.com/id/opportunities/jobs/data-analyst-supervisor-(yogyakarta)/1bc40e26-91b7-44d4-9289-9d7e759c52da,advertising planning postal application point sales tiktok ads data pipeline advertising media technical support wms system data analysis meta ads support
System Analyst,Staffing and Recruiting,FULL_TIME,System Analyst,2026-03-12T08:28:04.273Z,2026-04-23,PT Esha Parama Teknologi,http://www.eshaparama.com,https://images.glints.com/unsafe/glints-dashboard.oss-ap-southeast-1.aliyuncs.com/company-logo/ab048bbb649ff3fee8905d3c528242c9.jpeg,"PT Esha Parama Teknologi, 88@ Kasablanka Office Tower A 26 F, Jl Casablanca Raya Kav.88, Jakarta, Jakarta Selatan 12870, Indonesia",Jakarta Pusat,DKI Jakarta,ID,-6.19444,106.83333,5000000.0,6500000.0,IDR,MONTH,"FSD, SQL, SRS, System Analysis, BRD",12.0,bachelor degree,"Kualifikasi 
 
 * Minimal S1 Sistem Informasi / Informatika 
 * Pengalaman minimal 1 tahun sebagai System Analyst 
 * Diutamakan memiliki pengalaman menangani sistem di industri insurance atau financial services 
 
 Kompetensi Wajib 
 
 * Mampu melakukan requirement gathering dan business process mapping (AS-IS & TO-BE) 
 * Berpengalaman menyusun dokumen BRD, FSD, dan SRS 
 * Mampu membuat flowchart, use case, dan process mapping 
 * Menguasai SQL (minimal SELECT, JOIN, GROUP BY) 
 * Memahami integrasi API (REST/JSON) 
 * Mampu mendukung proses SIT dan UAT 
 
 Karakter yang Dibutuhkan 
 
 * Analitis dan detail oriented 
 * Komunikatif dan mampu menjadi penghubung antara user dan developer 
 * Mampu menangani beberapa project secara paralel 
 * Proaktif dalam melakukan breakdown requirement menjadi kebutuhan teknis, tidak hanya berperan sebagai notulen","Esha Parama Technology is a Staffing & IT Solutions firm specializing in IT and NON-IT positions working with market leaders and well-known brand names in the Indonesian market. Our business is headquartered in Indonesia & India. A few of the industries we serve are Finance & Banking, Insurance, Automobile, Aerospace, Manufacturing, Health care, Engineering, Energy and Utilities, Oil & Gas 
 We strongly believe in building a value of trust, honesty, and transparency with our clients so as to develop long-term relationships and adopt a flexible approach as per their needs. 
 All our resources are multifaceted and come with years of commended performance. The project completion rate of our consultants is 97%, and 3% is attributed to unforeseen situations like project shutdown, health issues, relocation, etc. We appreciate the experience that our candidates bring from various industries and we like to leverage it for the mutual benefit of both clients and candidates.",user defined,True,https://glints.com/id/opportunities/jobs/system-analyst/e4f25518-eb5e-4f59-a1f9-ab2f38da420f,fsd sql srs system analysis brd
System Analyst,Staffing and Recruiting,CONTRACTOR,System Analyst,2026-04-06T07:19:03.997Z,2026-05-07,PT Talent Placement Consulting Indonesia,https://www.tpcrecruit.com,https://images.glints.com/unsafe/glints-dashboard.oss-ap-southeast-1.aliyuncs.com/company-logo/194eaa35036116863121927810d2c94c.jpg,"Jalan Bintaro Raya No.8, RT.002 RW.010, Kebayoran Lama Utara, Kebayoran Lama, Kota Adm. Jakarta Selatan, DKI Jakarta",Jakarta Selatan,DKI Jakarta,ID,-6.21944,106.82917,7000000.0,9000000.0,IDR,MONTH,"Agile Project Management, Scrum, SQL, Jira, SDLC",36.0,bachelor degree,"Requirements: 
 	•	Bachelor’s degree in Information Technology, Computer Science, Information Systems, or related field 
 	•	Minimum 2–4 years of experience as a System Analyst 
 	•	Strong understanding of Software Development Life Cycle (SDLC) 
 	•	Ability to gather, analyze, and translate business requirements into functional and technical specifications 
 	•	Experience in creating system documentation, such as: 
 	•	Business Requirement Document (BRD) 
 	•	Functional Specification Document (FSD) 
 	•	User Stories / Use Case Diagrams 
 	•	Understanding of API / Web Services (RESTful API) 
 	•	Familiar with database concepts (SQL is a plus) 
 	•	Good communication and stakeholder management skills 
 	•	Strong analytical thinking and problem-solving skills 
 	•	Experience in fintech, payment, banking, or insurance industry is a plus","Talent Placement Consulting Indonesia is an executive search, headhunting, and recruitment firm specializing in the ASEAN region. Based in Bangkok, Thailand, we assist clients in finding exceptional leaders and skilled candidates through various recruitment channels. 
 
 We provide the highest level of satisfaction to our clients and candidates. We deliver a first-class recruitment experience and quality results on each project, bringing together high-caliber talent and leading employers with dedication and commitment. We pride ourselves on nurturing long-term relationships built on trust, and as a result, many of our clients return to us.","medical coverage, thr financial benefits, bpjs tenaga kerja insurance and health",True,https://glints.com/id/opportunities/jobs/system-analyst/2aac098a-6db7-4855-91e4-710694c7e6a3,agile project management scrum sql jira sdlc
Data Analyst (Mandarin Speaker - Jkt Timur),Automotive,CONTRACTOR,Data Analyst,2026-04-02T07:17:03.261Z,2026-05-03,PT SUNMOTOR JAKARTA,https://www.sunmotor.com,https://images.glints.com/unsafe/glints-dashboard.oss-ap-southeast-1.aliyuncs.com/company-logo/ea429ee3ed16befb4115b838a5257233.jpg,"Gedung Mitsubishi Sun Star Prima Motor
Jl. Matraman no. 140 Jakarta Timur",Jakarta Timur,DKI Jakarta,ID,-6.20417,106.86528,5800000.0,7000000.0,IDR,MONTH,"Data Analysis, Analytical Skills, Google Spreadsheets, Microsoft Excel, Communication Skills, Data Visualization",12.0,bachelor degree,"QUALIFICATIONS: 
 
 Bachelor’s degree in Statistics/Mathematics/Information System/Business/related. 
 Minimum 1–3 years of experience as a Data Analyst, preferably in automotive, retail, or multi-branch operations. 
 Strong proficiency in Ms. Excel & Spreadsheets (advanced formulas, pivot tables, data analysis). 
 Ability to analyze large datasets and generate actionable insights. 
 Familiar with operational data: sales performance, inventory, and service efficiency. 
 Strong analytical thinking and problem-solving skills. 
 Good communication skills with the ability to present data clearly to stakeholders. 
 MANDARIN proficiency is required. 
 Available to join immediately. 
 Placement: Matraman, Jakarta Timur.","Automotif Dealer, Rent, Hotel & Property","career growth, thr financial benefits, professional development, near public transport work environment and facilities, bpjs tenaga kerja insurance and health, medical coverage",True,https://glints.com/id/opportunities/jobs/data-analyst-(mandarin-speaker---jkt-timur)/ce29d45d-023a-4d1e-b47a-cec6aadfde3f,data analysis analytical skills google spreadsheets microsoft excel communication skills data visualization
System Analyst,Logistics and Supply Chain,FULL_TIME,System Analyst,2026-04-01T08:41:04.484Z,2026-05-02,PT Tirtamas Coldstorindo Logistik,https://tclgroup.co.id,https://images.glints.com/unsafe/glints-dashboard.oss-ap-southeast-1.aliyuncs.com/company-logo/f3b9dd4cace9cea880924fd0dcb00f04.jpg,"Jl. Bakalan, Kel. Bakalanwringipitu, Kec. Balongbendo, Sidoarjo",Surabaya,Jawa Timur,ID,-7.3125,112.68833,5200000.0,6000000.0,IDR,MONTH,"Business Analysis, Sistem Analysis, Software Documentation",12.0,professional certificate,"We are looking for a  System/Product/Business Analyst  who can take full ownership of a product, from defining the vision and product requirements to ensuring successful delivery and implementation. This role is ideal for someone who enjoys working in a lean team, building products end-to-end, and driving both product strategy and execution. 
 
 What You’ll Do 
 
 Support the development of a product module within our SaaS ecosystem 
 Translate business and operational needs into structured product requirements (FSD & workflows) 
 Assist in defining product scope, user flows, system logic, and specifications 
 Work closely with Product Manager, Product Designer, and Engineering to ensure requirements are clearly understood and implemented 
 Help manage product backlog, track priorities, and ensure alignment with business goals 
 Support Agile/Scrum processes including sprint planning, grooming, and tracking progress 
 
 
 What We’re Looking For 
 
 Minimum 1–2 years experience as Product Analyst, Business Analyst, System Analyst, or related role 
 Strong ability to document product requirements (FSD, workflows, logic) 
 Good understanding of Agile / Scrum framework 
 Able to manage tasks, priorities, and collaborate across teams 
 Good communication skills to bridge business, operations, and engineering 
 Detail-oriented and able to translate complex requirements into structured documentation 
 Experience in Transport Management System or other SaaS platform is a plus 
 
 
 What This Role Is (and Is Not) 
 
 Strong involvement in product development and execution 
 Focus on requirement clarity, coordination, and delivery support 
 Not a full product ownership / strategy decision-making role 
 
 
 Why Join Us 
 
 Exposure to end-to-end product development 
 Opportunity to grow into Product Manager role 
 Work closely with decision makers and senior product stakeholders 
 Real impact on operational product development 
 
 
 Work Location 
 Work From Office: Wiyung, Surabaya","PT Tirtamas Coldstorindo Logistik atau disingkat TCL merupakan perusahaan yang bergerak di bidang Jasa Cold Storage dan Logistic berpusat di Kabupaten Sidoarjo, Jawa Timur.","user defined, medical coverage, bpjs tenaga kerja insurance and health, perform bonus financial benefits, thr financial benefits, career growth",True,https://glints.com/id/opportunities/jobs/system-analyst/8ecdcbdd-afe8-45fb-bd35-5dabfb36d3d8,business analysis sistem analysis software documentation
System Analyst,Information Technology and Services,FULL_TIME,System Analyst,2026-03-31T07:16:00.66Z,2026-05-01,Tamtech International,https://tamtech.id,https://images.glints.com/unsafe/glints-dashboard.oss-ap-southeast-1.aliyuncs.com/company-logo/9d240240a35943a4760dacc37c6c7617.jpg,"Jalan Ring Road Utara No 29 Caturtunggal, Depok, Mlati, Sleman, Daerah Istimewa Yogyakarta 55284",Sleman,DI Yogyakarta,ID,-7.76667,110.40972,3500000.0,4200000.0,IDR,MONTH,"System Analysis, SDLC, Stakeholder Management, Software Documentation, UML, Business Analysis, Requirements Analysis",12.0,professional certificate,"We are looking for a dedicated System Analyst to join our team at Tamtech International and contribute to the development and enhancement of our Hospital Management System (SIM-RS). In this role, you will be responsible for analyzing business requirements, transforming them into detailed technical specifications, and ensuring the successful integration and deployment of our system. You will collaborate closely with a multi-functional team, including product, developers, QA, and business stakeholders, to deliver a scalable, reliable, and efficient solution that meets our clients’ needs. 
 
 Requirements: 
 
 Associate degree in Information Technology, Information Systems, Computer Science, or a related field, with a minimum of 3 years of experience as a System Analyst or in a similar role 
 Deep understanding of SDLC and business analysis, with proven skills in system modeling, design, data modeling, and requirements analysis 
 Proficient in creating UML diagrams, flowcharts, and business process diagrams, and experienced with tools such as JIRA, Confluence, or similar 
 Solid knowledge of databases (SQL/NoSQL) and data structures, along with familiarity with Agile/Scrum methodologies 
 Excellent communication, negotiation, and stakeholder management skills 
 Strong analytical, problem-solving, and documentation abilities 
 Fully able to work onsite at the Tamtech International office. 
 
 
 Responsibilities: 
 
 Analyze business needs and translate them into comprehensive technical requirements 
 Develop and maintain detailed system specification documents 
 Collaborate with product, developers, QA, and other stakeholders to ensure the effective implementation of system enhancements 
 Assist in system testing and deployment to ensure high-quality deliverables 
 Create and maintain accurate and up-to-date system documentation 
 
 
 Additional Experience (Plus): 
 
 Experience with the implementation of Hospital Information Systems, EMR, or EHR 
 Familiarity with hospital system modules such as SIMRS, RIS, LIS, PACS, etc. 
 Experience in migrating data from legacy systems to new platforms 
 Knowledge of integrating with medical devices 
 Experience in training users on healthcare system applications 
 Background or experience in the healthcare industry","Software Design and Development Consultancy 
 Tamtech International is an IT consultancy agency established in January 2019. We specialize in Design, Development, Management, and Consulting services. Our young and dynamic team is driven by our core values to provide high-quality solutions tailored to our clients' needs. We prioritize innovation and excellence, staying up-to-date with industry trends and utilizing cutting-edge technology. Our goal is to exceed expectations and be a trusted partner in our clients' success.","thr financial benefits, free food and beverages, vacation and leaves",True,https://glints.com/id/opportunities/jobs/system-analyst/1d67e5a3-3e6e-48af-81eb-34b80fe6b40c,system analysis sdlc stakeholder management software documentation uml business analysis requirements analysis
System Analyst,Information Technology and Services,FULL_TIME,System Analyst,2026-03-25T06:30:51.666Z,2026-04-25,Hexavara Technology,http://www.hexavara.com,https://images.glints.com/unsafe/glints-dashboard.oss-ap-southeast-1.aliyuncs.com/company-logo/b8b805e7acf4fdb0caab7203fa9c6762.png,"Graha Bukopin Lantai 7 Unit BUK-0719, Jl. Panglima Sudirman No. 10-18, Kota Surabaya",Surabaya,Jawa Timur,ID,-7.25917,112.745,4000000.0,6000000.0,IDR,MONTH,"Requirements Analysis, System Analysis, Business Analysis",12.0,professional certificate,"Role Description: 
 
 Gather and analyze business and user requirements 
 Prepare clear and detailed system requirement documents 
 Act as a bridge between users and the development team 
 Support the development process from planning to testing and implementation 
 Evaluate existing systems and recommend improvements 
 Provide solutions and support for system-related issues 
 Create mockups for initial visualizations to present to clients 
 
 
 Qualifications : 
 
 Bachelor’s degree in Information Systems, Computer Science, or a related field 
 Minimum 1–3 years of experience as a System Analyst (fresh graduates are welcome to apply with relevant projects or portfolio) 
 Strong understanding of the Software Development Life Cycle (SDLC) 
 Ability to analyze user/business requirements and translate them into system documentation 
 Experienced in creating: Business Requirement Document (BRD), Software Requirement Specification (SRS), Flowcharts, UML, or other system diagrams 
 Excellent communication skills to collaborate with users, developers, and stakeholders 
 Strong analytical thinking, attention to detail, and problem-solving skills 
 Able to work independently and as part of a team 
 Basic knowledge of databases, APIs, and web/mobile application development is a plus","Hexavara Technology, is a software development and IT consulting company based in Surabaya. Whichever solution you have chosen, our team of experts is on hand to advise you about the best solutions for your activities.",career growth,True,https://glints.com/id/opportunities/jobs/system-analyst/4fc194ac-bc89-4ad5-9333-c5fe41d8d74b,requirements analysis system analysis business analysis
IT Business Analyst,Information Technology and Services,FULL_TIME,Business Analyst,2026-03-27T10:50:55.242Z,2026-04-27,PT Elang Strategi Adidaya,http://www.estrada.co.id,https://images.glints.com/unsafe/glints-dashboard.oss-ap-southeast-1.aliyuncs.com/company-logo/e27a1bd5f47797e0076bde5bb54d878e.jpg,"Ruko Pesona View
Jalan Ir. H. Juanda Blok A 1
Mekarjaya, Sukmajaya, Depok",Depok,Jawa Barat,ID,-6.39722,106.84361,5000000.0,6000000.0,IDR,MONTH,"Business Intelligence, Requirements Analysis, Process Improvement, Business Analysis",12.0,bachelor degree,"Qualifications 
 
 Bachelor’s Degree in Engineering, Information Systems, Information Technology, or a related field. 
 1–2 years of experience as a Business Analyst in application or IT system development projects. 
 Strong analytical, leadership, business process, and planning skills, along with solid technical abilities. 
 Proficient in data analytics and system analysis. 
 
 
 Job Description 
 
 Collect, analyze, and document user requirements in the form of a Business Requirements Document (BRD). 
 Prepare technical specifications based on the gathered requirements. 
 Develop test cases according to business needs. 
 Manage the User Acceptance Testing (UAT) process and document the results. 
 Create progress reports and document the system after deployment. 
 Coordinate with stakeholders regarding mockups or prototypes.",Perusahaan ICT yang berfokus pada pelanggan dalam memberikan manfaat dan nilai tambah melalui solusi ICT yang tepat guna dengan semangat perbaikan berkelanjutan dan berkomitmen untuk tumbuh dan berkembang bersama pelanggan kami.,"bpjs tenaga kerja insurance and health, medical coverage, thr financial benefits",True,https://glints.com/id/opportunities/jobs/it-business-analyst/9189d921-c5ae-4f35-96b8-a84084df3847,business intelligence requirements analysis process improvement business analysis
Business Analyst,Information Technology and Services,FULL_TIME,Business Analyst,2025-09-26T04:33:46.056Z,2026-04-25,AdIns (Advance Innovations) - PT. Adicipta Inovasi Teknologi,https://www.ad-ins.com,https://images.glints.com/unsafe/glints-dashboard.oss-ap-southeast-1.aliyuncs.com/company-logo/bfed6fe811c2f799fc19cec4f61aee7e.jpg,"Jl. Raya Kb. Jeruk No.80, RT.7/RW.1, Kb. Jeruk, Kec. Kb. Jeruk, Kota Jakarta Barat, Daerah Khusus Ibukota Jakarta 11530",Jakarta Barat,DKI Jakarta,ID,-6.18889,106.77083,15000000.0,20000000.0,IDR,MONTH,"Multifinance, IT Project Management, Business Analysis",36.0,bachelor degree,"Job Descriptions 
 
 Evaluating business processes, anticipating requirements, uncovering areas for improvement, and developing and implementing solutions 
 Leading ongoing reviews of business processes and developing optimization strategies 
 Performing requirements analysis 
 Documenting and communicating Requirements, Analysis & User Acceptance Test 
 Effectively communicating insights and plans to cross-functional team members and management 
 Gathering critical information from meetings with various stakeholders and producing useful reports 
 Ensuring solutions meet business needs and requirements. 
 Performing user acceptance testing 
 Prioritizing initiatives based on business needs and requirements 
 
 Qualifications 
 
 A bachelor’s degree in business or related field or an MBA 
 A minimum of 5 years’ experience in Business Analysis in Multi-Finance Industries (Other financial industries such as Banking, BPR are also welcome) 
 Exceptional analytical and conceptual thinking skills 
 The ability to influence stakeholders and work closely with them to determine acceptable solutions 
 Excellent documentation skills 
 Fundamental analytical and conceptual thinking skills 
 Experience creating detailed reports and giving presentations","PT Adicipta Inovasi Teknologi (AdIns) is a dynamic, thriving organization with the mission to deliver business solutions through the innovative integration of proven technologies with creativity. The company's vision is to become a leading provider of IT solutions in the regional market.  
 AdIns was established in April 2000 with a sound vision and commitment to deliver the suitable and innovative solutions to increase the customer competitive advantage. The best solution to our client will never be achieved without close long term relationship partners. Our strategic partners include Microsoft, IBM, HP, Oracle, SUN Microsystem, Kofax, Matel, Blackberry and some local partners. 
 Our team members are well trained, self-motivated and result-driven professionals, responsive to client needs amidst the ever-changing information field. We use the latest and affordable technology available in the market to support our client needs.","professional development, career growth, medical coverage, gifts and vouchers, well ness, work station, vacation and leaves, team building events, travel",True,https://glints.com/id/opportunities/jobs/business-analyst/e0710cc3-a7f2-4742-bb68-8c6a13b8f6c5,multifinance project management business analysis
Fraud Analyst,Information Technology and Services,FULL_TIME,Spesialis Anti Fraud,2026-03-30T06:17:38.829Z,2026-04-30,PT. Sarana Pactindo,https://pactindo.com/home/,https://images.glints.com/unsafe/glints-dashboard.oss-ap-southeast-1.aliyuncs.com/company-logo/aae66c11e7209c937c9d365532c555fb.jpg,"Jl. Soekarno Hatta 267 Bandung
",Bandung,Jawa Barat,ID,-6.95167,107.59778,5000000.0,8000000.0,IDR,MONTH,"Fraud Audit, Security Audit, Risk Management, Financial Analysis",12.0,bachelor degree,"Tanggung Jawab Utama: 
 
 
 Melakukan audit dan analisis mendalam terhadap proses keuangan dan transaksi di bank klien untuk mendeteksi potensi tindak penipuan atau kecurangan. 
 Mengembangkan dan menerapkan strategi pemantauan dan deteksi penipuan yang efektif, termasuk algoritma dan aturan yang relevan. 
 Menyusun laporan keamanan keuangan yang berisi temuan dan rekomendasi hasil analisis untuk klien bank. 
 Menyelidiki laporan penipuan, kecurangan, mencari bukti, dan mengkoordinasikan dengan tim internal dan klien bank untuk mengatasi masalah penipuan. 
 Memberikan pelatihan dan mendukung klien dalam memahami dan mengimplementasikan tindakan pencegahan penipuan dan kecurangan. 
 Berinteraksi dengan berbagai tim internal dan eksternal, termasuk tim keuangan bank klien, tim keamanan informasi, dan regulator keuangan, untuk mengumpulkan informasi yang relevan. 
 Memantau perubahan regulasi dan praktik terkait penipuan di sektor keuangan, dan memastikan bahwa sistem dan prosedur klien bank mematuhi standar keamanan dan regulasi yang berlaku. 
 
 
 Kualifikasi: 
 - Gelar sarjana dalam bidang Ilmu Komputer, Keuangan, atau bidang terkait. 
 - Pengalaman sebelumnya dalam deteksi penipuan atau kecurangan di sektor perbankan atau dalam kapasitas konsultan keamanan keuangan. 
 - Keterampilan analitis yang kuat dan kemampuan untuk mengidentifikasi pola dan tren dalam data keuangan. 
 - Pengetahuan mendalam tentang teknik penipuan yang umumnya digunakan di sektor perbankan dan cara mendeteksinya. 
 - Kemampuan dalam penggunaan perangkat lunak dan alat analisis data seperti Python, R, SQL, dan perangkat analisis data terkait. 
 - Kemampuan komunikasi yang baik, termasuk kemampuan untuk berinteraksi dengan klien bank secara efektif dan memberikan laporan dan rekomendasi dengan jelas. 
 - Keterampilan analisis risiko yang baik dan pemahaman tentang kebijakan keamanan informasi di sektor keuangan. 
 
 Keterampilan Tambahan yang Diinginkan: 
 1. Sertifikasi keamanan keuangan seperti Certified Fraud Examiner (CFE) atau Certified Information Systems Security Professional (CISSP). 
 2. Pengalaman dalam mengembangkan dan mengimplementasikan teknik analisis kecerdasan buatan (artificial intelligence) untuk deteksi penipuan dalam konteks keuangan.","PT. Sarana Pactindo (PAC) adalah perusahaan penyedia jasa teknologi dengan fokus pada industri perbankan dan retail. Solusi yang disediakan oleh PAC kepada bank adalah internet banking, mobile banking, EDC, dsb.","bpjs tenaga kerja insurance and health, vacation and leaves, thr financial benefits, insurance, medical coverage",True,https://glints.com/id/opportunities/jobs/fraud-analyst/b7fd3a72-b7eb-45be-8e23-9562d9fb7fb5,fraud audit security audit risk management financial analysis
IT System Analyst,Information Technology and Services,FULL_TIME,System Analyst,2026-03-31T08:57:24.429Z,2026-05-01,Integrasi Optimal Visitama (IOV),https://iov.co.id/,https://images.glints.com/unsafe/glints-dashboard.oss-ap-southeast-1.aliyuncs.com/company-logo/f8d0680d141ef3f0bf06836c0de5180c.png,Surabaya,Surabaya,Jawa Timur,ID,-7.32,112.79694,7000000.0,9000000.0,IDR,MONTH,"Requirements Analysis, SQL, Business Analysis, SDLC, Stakeholder Management, Cloud Platform System, Teamwork, System Analysis",12.0,bachelor degree,"General Qualification : 
 
 Man (23 - 35 years old) 
 Education min. S1 (Information Technology/Information System/Computer System) 
 Minimum 1-3 years of experience in IT coordination, business partnering, or similar roles. 
 Strong understanding of IT service management, project management, and technology roadmaps. 
 Strong communication, collaboration and stakeholder management skills. 
 Fluent in Bahasa Indonesia and English (written and spoken). 
 Will to work located in Surabaya 
 
 
 Specific Qualification : 
 
 SQL Query/Tuning Basic 
 Programming Language (Laravel) (Basic) 
 Understand Client-Server and networking concept (Basic) 
 IT Service management knowledge (Basic) 
 Familiar with Report Development (SSRS, PowerBI) will be a plus (Basic) 
 Good Documentation Practices (GDP) Knowledge will be a plus (Basic)",Integrasi Optimal Visitama (IOV) bergerak dibidang IT yang berlokasi di Surabaya,"medical coverage, bpjs tenaga kerja insurance and health, perform bonus financial benefits, thr financial benefits",True,https://glints.com/id/opportunities/jobs/it-system-analyst/50eeb711-b371-4281-a8df-d8623e9e2d18,requirements analysis sql business analysis sdlc stakeholder management cloud platform system teamwork system analysis
Data Analis,Retail,FULL_TIME,Data Analyst,2025-12-26T09:34:27.023Z,2026-05-03,CV MITRA GRAHA PUTERA,https://tbpanorama.com,https://images.glints.com/unsafe/glints-dashboard.oss-ap-southeast-1.aliyuncs.com/company-logo/16b0cbd14f50d289089647ad77e580e5.png,"Jl. Veteran No.100, Gajahan, Kec. Ps. Kliwon, Kota Surakarta, Jawa Tengah 57156",Surakarta,Jawa Tengah,ID,-7.58111,110.83167,2500000.0,4000000.0,IDR,MONTH,"Python, Data Analysis, Microsoft Excel, Power BI",12.0,bachelor degree,"Kualifikasi: 
 Memiliki gelar Sarjana di bidang kuantitatif (Statistik/IT/Matematika). 
 Menguasai Excel/Spreadsheet secara mendalam 
 Pengalaman menggunakan Python (Pandas, Numpy, Matplotlib) untuk analisis data menjadi nilai plus. 
 Mampu membuat dashboard interaktif  
 Memiliki kemampuan komunikasi yang baik untuk mempresentasikan hasil analisis kepada tim manajerial.","Panorama-Panoramart telah menjadi bagian penting dalam industri retail bahan bangunan di Surakarta sejak 1983. Berbekal kredibilitas yang terjaga selama lebih dari empat dekade, kami kini tumbuh semakin kuat dengan 9 cabang strategis di area Surakarta. Namun, perjalanan kami tidak berhenti di sini. Saat ini, kami tengah melakukan transformasi strategis menuju retail modern yang lebih profesional dan sistematis untuk mendukung target besar kami: menjadi market leader di Jawa Tengah. 
 
 Dalam fase perkembangan yang dinamis ini, kami mengundang talenta-talenta berbakat untuk bergabung dan menjadi bagian dari sejarah baru Panorama-Panoramart. Kami percaya bahwa pertumbuhan berkelanjutan lahir dari individu yang terus belajar dan berani mengambil peran lebih. Di sini, setiap kontribusi memiliki ruang untuk berkembang—dari menyempurnakan proses, membangun sistem yang lebih rapi, hingga menetapkan standar profesional yang relevan dengan masa depan. Dengan arah dan dukungan yang jelas, kami mengajakmu bertumbuh bersama perjalanan besar Panorama-Panoramart.","thr financial benefits, medical coverage, bpjs tenaga kerja insurance and health, professional development",True,https://glints.com/id/opportunities/jobs/data-analis/f5074943-2638-46cb-8921-7b9581762484,python data analysis microsoft excel power bi
Data Analis,Information Technology and Services,FULL_TIME,Data Analyst,2026-03-30T06:54:31.625Z,2026-04-30,PT Tiga Global Sejahtera,https://t-rec.id,https://images.glints.com/unsafe/glints-dashboard.oss-ap-southeast-1.aliyuncs.com/company-logo/a166e9907d766a483f4fe87804c15405.png,"PT TIGA GLOBAL SEJAHTERA
THE CEO BUILDING LEVEL 12TH FLOOR,
Jl. TB. Simatupang No.18C, Cilandak Barat
Kota Adm Jakarta Selatan 12430
Indonesia",Jakarta Selatan,DKI Jakarta,ID,-6.29028,106.82639,5800000.0,8700000.0,IDR,MONTH,"Data Analysis, SQL, Power BI, Microsoft Excel, Tableau, Data Visualization",36.0,bachelor degree,"Anda akan bertanggung jawab penuh dalam mengelola ekosistem dashboard monitoring serta memberikan insight mendalam mengenai perilaku pasar retail dan produktivitas tenaga kerja lapangan (field operation). Peran ini sangat krusial dalam menjembatani data mentah menjadi keputusan strategis bagi tim Produk dan Sales. 
 
Key Responsibilities: 
1. End-to-End Dashboard Management: 
2. Mengevaluasi efektivitas operasional di lapangan, memetakan hambatan kerja, dan memberikan rekomendasi peningkatan produktivitas tim/pengguna. 
3. Mengelola integritas data dari berbagai sumber (CRM, database aplikasi, dan pihak ketiga) untuk memastikan akurasi laporan. 
4.  Menyampaikan temuan teknis secara sederhana kepada tim operasional & klien guna mendorong budaya berbasis data (data-driven culture). 
5. Menganalisis tren pasar retail untuk mengidentifikasi peluang ekspansi atau rekomendasi bisnis 
 
Requirements: 
1. Minimal S1 di bidang Statistik, Ilmu Komputer, Ekonomi, atau bidang terkait. 
2. Mahir dalam menulis query SQL yang kompleks (Join, CTE, Window Functions). 
3. Berpengalaman minimal 3 tahun menggunakan BI Tools seperti Tableau, Looker, atau Power BI. 
4. Memiliki kemampuan dasar hingga menengah untuk manipulasi data dan analisis statistik. 
5. Paham mengenai metrik pertumbuhan SaaS 
6. Berpengalaman di Saas Industry, Agency atau FMCG merupakan nilai plus","T-Rec is a retail mobile software solution built to connect all related parties in one platform, aim to have data driven insight & better decision. 
 So, Why T-Rec? Because there are also lots of other things that you can monitor from your outlet, beyond just making sure the presence of your field team at one outlet.","team building events, near public transport work environment and facilities, career growth, vacation and leaves, bpjs tenaga kerja insurance and health, thr financial benefits, professional development, remote work, medical coverage, dental care insurance and health",True,https://glints.com/id/opportunities/jobs/data-analis/ab189036-8103-49a0-9aa5-77853997e61a,data analysis sql power bi microsoft excel tableau data visualization
IT Business Analyst,Information Technology and Services,FULL_TIME,Business Analyst,2026-03-17T06:54:45.823Z,2026-04-17,PT Solusindo Digital Holistik,http://www.sidiktalent.com,https://images.glints.com/unsafe/glints-dashboard.oss-ap-southeast-1.aliyuncs.com/company-logo/0639d6ba43da0a009b005f5c9f8072d9.png,"Summarecon Bandung, Magna Terrace MC 118, Kota Bandung",Jakarta Timur,DKI Jakarta,ID,-6.19306,106.88889,8000000.0,10500000.0,IDR,MONTH,"Stakeholder Management, Business Analysis, SQL",36.0,bachelor degree,"Responsibilities : 
 
 Review and provide insights on system development requests from Business Units documented in Business Requirement Documents (BRD). 
 Analyze business requirements and translate them into Functional Specification Documents (FSD). 
 Collaborate with the IT team to ensure system development is delivered on time and aligned with the Software Development Life Cycle (SDLC). 
 Conduct System Integration Testing (SIT) to ensure proper system integration. 
 Support users during the User Acceptance Testing (UAT) process until successful implementation. 
 Identify opportunities to improve business processes through effective system solutions. 
 
 
 Qualifications : 
 
 Full-time onsite contract project based 
 Minimum 3 years of experience as a IT Business Analyst or in a similar role. 
 Bachelor’s degree in Information Technology, Information Systems, Business Management, Industrial Engineering, or a related field. 
 Experience in the financial technology (fintech) industry is a plus 
 Strong ability to analyze business processes and data. 
 Excellent communication and stakeholder management skills. 
 Proven ability to create clear and structured functional documentation.","PT Solusindo Digital Holistik (SIDIK CYBER) adalah perusahaan Teknologi Informasi yang bergerak di bidang Cybersecurity, Software Development, IT Resource & Cyber Academy. Bersertifikat ISO 9001 dan ISO 27001 serta memenuhi standar TKDN sebesar 69,19%. Didukung oleh team ahli, kami berkomitmen memberikan layanan terbaik dengan dukungan purna jual yang optimal.  
 Sebagai mitra solusi Teknologi Informasi, kami menyediakan infrastruktur dan layanan proyek melalui kemitraan bisnis. Berpengalaman menjalin kerja sama dengan Pemerintah dan perusahaan Swasta","thr financial benefits, bpjs tenaga kerja insurance and health, medical coverage",True,https://glints.com/id/opportunities/jobs/it-business-analyst/a58d1dcc-beea-4338-984d-7e285ecc24b1,stakeholder management business analysis sql
Lead System Analyst,Information Technology and Services,CONTRACTOR,System Analyst,2026-04-06T08:33:03.043Z,2026-05-07,PT TechTiera Services Indonesia,https://techtiera.com,https://images.glints.com/unsafe/glints-dashboard.oss-ap-southeast-1.aliyuncs.com/company-logo/4618ba865a94a1ca259d777d8d7c375d.jpeg,"Menara Palma, 12th Floor, Jl. HR Rasuna Said Kav. VI/9, Setiabudi, Jakarta Selatan 12950, Eighty-Eight Office Kasablanka Building, 10th Floor, Jakarta Selatan, DKI Jakarta 12870, ID",Jakarta Barat,DKI Jakarta,ID,-6.18889,106.77083,13000000.0,17000000.0,IDR,MONTH,"UML, Jira, DevOps, confluence",36.0,bachelor degree,"[Lead System Analyst Opportunity] 
 
 Loc: Kebon Jeruk, West Jakarta (Client Office) 
 Type: Contract 
 
 Requirements: 
 - At least with 3+ years of experience as a System Analyst and at least 2 years of prior experience as a software developer/engineer/programmer 
 - Prior experience as a Lead or team leader 
 - Experience leading a technical team (3–5 people), mentoring team members, and ensuring work is completed successfully in accordance with business needs 
 - Experience in business and technical analysis to translate client and internal business needs into technical specifications 
 - Experience in planning, designing, estimating, and executing to ensure software development is successfully delivered to the Customer 
 - Understanding of analysis tools such as JIRA, Confluence, or UML Diagrams 
 - Understanding of basic DevOps practices (CI/CD, monitoring, deployment) 
 - Understanding of the SDLC, Agile mindset, and Scrum framework 
 
 Responsibilities: 
 - Perform technical engineering tasks to support the technical team in achieving the company’s business objectives 
 - Lead, manage, and train the technical team in system development 
 - Create system designs to enhance the efficiency, availability, scalability, flexibility, functionality, and usability of the company’s products 
 - Possess a deep understanding of software architecture, operating systems, and networking 
 - Collaborate with the technical team to establish benchmarks, standards, technical specifications, and other mechanisms for non-functional requirements 
 - Collaborate with users and stakeholders to understand business needs 
 - Create tools and resources that help the team work more efficiently and effectively","TechTiera fastest growing IT Professional services company headquartered in the United States, with offices worldwide in USA, India, Australia, Malaysia, Philippines, Singapore, and Indonesia has been servicing clients globally with 30 enterprise customer","meal allowance financial benefits, medical coverage, travel, thr financial benefits",True,https://glints.com/id/opportunities/jobs/lead-system-analyst/88649be9-965b-4c60-8cb1-cf1ddf6f2465,uml jira devops confluence
Data Analis,Retail,FULL_TIME,Data Analyst,2026-03-27T08:59:55.567Z,2026-04-27,Colorlink (PT Grand Puri Persada),http://Colorlink.co.id,https://images.glints.com/unsafe/glints-dashboard.oss-ap-southeast-1.aliyuncs.com/company-logo/871aa8b56ad2c9711fd0699304f7ebe3.jpg,"Jl Danau Indah Raya Blok A1 No.5 Sunter Jaya, Tanjung Priok, Kota Jakarta Utara Daerah Khusus Ibukota Jakarta 14360",Jakarta Utara,DKI Jakarta,ID,-6.13333,106.875,5000000.0,7000000.0,IDR,MONTH,"Microsoft Excel, Microsoft SQL Server, Power BI, SQL, Tableau",12.0,professional certificate,"Halo, Calon Strategis Colorlink! 👋 
 
 Colorlink terus bertumbuh dengan 20 cabang dan 250+ karyawan di seluruh Indonesia. Dengan ribuan transaksi setiap hari, kami membutuhkan seseorang yang bisa mengubah data menjadi keputusan bisnis yang cerdas. 
 Kami mencari Business Data Analyst yang teliti, kritis, dan berpendidikan kuat untuk menjadi ""kompas"" bagi tim manajemen kami. 
 
 Tugas Utama Kamu (The Role): 
 
 Analisis Penjualan & Tren: Membedah data penjualan harian dari 20 kota. Kamu harus bisa menjawab: ""Produk apa yang sedang naik daun?"" dan ""Kenapa cabang A tidak capai target bulan ini?"" 
 Kontrol Stok & Logistik: Menganalisis perputaran barang (Inventory Turnover). Tugasmu mendeteksi barang yang menumpuk (dead stock) dan memastikan stok efisien agar cashflow perusahaan sehat. 
 Pelaporan Eksekutif: Menyajikan data rumit menjadi Dashboard Mingguan yang mudah dipahami oleh Direksi untuk pengambilan keputusan cepat. 
 
 
 Kualifikasi Detail (Yang Kami Cari): 
 
 Pendidikan (Wajib): 
 
 Minimal Sarjana (S1) 
 Jurusan yang diutamakan: Statistika, Matematika, Teknik Industri, Akuntansi, atau Sistem Informasi. (Kami butuh pola pikir logis yang kuat). 
 
 
 Pengalaman Kerja: 
 
 Minimal 1-2 tahun pengalaman di bidang Data Analyst, PPIC, Admin Sales Analyst, atau Business Intelligence. 
 Pengalaman di industri Retail, Distribusi, atau FMCG adalah nilai plus  
 
 
 Hard Skills (Wajib Menguasai): 
 
 Microsoft Excel Expert: Bukan sekadar bisa ketik, tapi mahir menggunakan Pivot Table, Power Query, VLOOKUP/XLOOKUP, dan rumus logika kompleks (IF/OR/AND). 
 Nilai tambah jika menguasai Power BI, Tableau, atau SQL. 
 
 
 Soft Skills: 
 
 Analytical Thinking: Mampu melihat hubungan sebab-akibat di balik angka. 
 Komunikasi: Berani mempresentasikan hasil temuan data kepada manajemen dengan bahasa yang lugas. 
 
 
 Benefit: 
 
 Gaji Kompetitif. 
 Bekerja langsung dengan Top Management (Strategic Role). 
 Kesempatan karir di perusahaan nasional yang stabil dan berkembang. 
 Bekerja di lingkungan yang positif dan supportive.","PT. GRAND PURI PERSADA atau yang lebih dikenal dengan nama merek dagang COLORLINK berkantor pusat di Jakarta di dirikan pada tahun 2010. Kami merupakan salah satu distributor bahan terkemuka di Indonesia untuk industri komunikasi visual dan Digital Printing.COLORLINK menawarkan berbagai produk yang kita kelompokan ke dalam 7 (tujuh) kelompok, yaitu Flexi Banner, INK, Display Banner, Sparepart Machine Printing, Accesories Printing, Laminating Film dan Indoor Media.Dengan dedikasi kami yang tinggi, kami terus berkomitmen untuk memberikan produk yang berkualitas dengan harga yang terjangkau, pelayanan yang maksimal, serta kemudahan akses terhadap semua konsumen di seluruh jaringan distribusi perusahaan kami yang tersebar lebih dari 20 kota di Indonesia.","career growth, thr financial benefits",True,https://glints.com/id/opportunities/jobs/data-analis/c5e55408-9a3c-483f-aced-a1b539425906,microsoft excel microsoft sql server power bi sql tableau
Analis Data FMCG,Outsourcing/Offshoring,FULL_TIME,Data Analyst,2026-03-30T02:34:13.882Z,2026-04-30,PT Hasta Ayu Nusantara,https://hastaayu.co.id/,https://images.glints.com/unsafe/glints-dashboard.oss-ap-southeast-1.aliyuncs.com/company-logo/41e28633946767354965ec1b41272068.png,"Jalan Kapi Sata Bali VI.16f No 1, Sawojajar A, Sekarpuro, Malang, Jawa Timur",Jakarta Timur,DKI Jakarta,ID,-6.22778,106.87778,5000000.0,7000000.0,IDR,MONTH,"Microsoft Excel, SQL, Power BI, Data Analysis",12.0,professional certificate,"1. Pengumpulan Data: Mengumpulkan data dari sumber primer/sekunder, seperti basis data internal, API, survei, atau alat analisis web. 
 
 2. Pembersihan Data (Prapemrosesan): Menyaring dan membersihkan data ""mentah"" untuk menghilangkan kesalahan, duplikat, atau nilai yang hilang untuk memastikan akurasi. 
 
 3. Analisis & Interpretasi Data: Menggunakan teknik dan alat statistik untuk menemukan tren atau korelasi dalam data. 
 
 4. Visualisasi & Pelaporan Data: Menyajikan temuan melalui bagan, grafik, dan dasbor untuk membuat temuan teknis dapat dipahami oleh para pemangku kepentingan. 
 
 5. Manajemen Basis Data: Mempertahankan dan merancang sistem data atau basis data. 
 
 6. Kolaborasi: Bekerja dengan anggota tim, manajemen, dan pengembang untuk mengidentifikasi kebutuhan bisnis dan meningkatkan sistem data.",PT Hasta Ayu Nusantara merupakan perusahaan outsourcing bergerak di bidang jasa promosi yang menyediakan jasa tenaga kerja professional untuk keperluan sales promotion dan marketing.Perusahaan ini menangani berbagai kegiatan promosi,"bpjs tenaga kerja insurance and health, thr financial benefits, medical coverage",True,https://glints.com/id/opportunities/jobs/analis-data-fmcg/1d1e8115-adf1-4704-b887-657cd4888104,microsoft excel sql power bi data analysis
Business Analyst,Telecommunications,FULL_TIME,Business Analyst,2026-03-31T08:40:47.247Z,2026-05-01,PT. Mega Artha Lintas Data (MEGADATA ISP),https://www.megadata.net.id,https://images.glints.com/unsafe/glints-dashboard.oss-ap-southeast-1.aliyuncs.com/company-logo/19508fc6878ca7b2bbf7d3080e28f75d.jpg,"Jalan Piyungan - Prambanan 103, Boko Harjo, Prambanan, Yogyakarta 55572, ID",Sleman,DI Yogyakarta,ID,-7.79722,110.50417,2500000.0,2700000.0,IDR,MONTH,"Process Improvement, Data Analysis, Requirements Analysis, Business Analysis",12.0,high school,"Jobdesk: 
 
 Mengumpulkan kebutuhan user dan menerjemahkannya ke dalam dokumen BRD dan FSD. 
 Menganalisis data serta proses bisnis yang berjalan. 
 Merancang perbaikan proses bisnis. 
 Mendokumentasikan solusi yang diusulkan. 
 Monitoring sistem dan menganalisis feedback dari user. 
 Berkomunikasi dengan user dan tim development. 
 
 
 Kualifikasi: 
 
 Usia minimal 21 tahun. 
 Pendidikan minimal SMA/SMK sederajat. 
 Memiliki kemampuan analisis dan komunikasi yang baik. 
 Teliti, detail, dan mampu bekerja sama dengan tim.","PT. MEGA ARTHA LINTAS DATA dengan branding MEGADATA ISP merupakan suatu perusahaan berbasis teknologi yang menyediakan layanan jaringan akses internet dan komunikasi radio yang didirikan pada tahun 2017. MEGADATA ISP merupakan perusahaan penyedia layanan akses jaringan internet yang menangani layanan Internet Service Provider, Colocation, IT Managed Services, dan Data Center. 
 
 Visi: Menjadi penyedia layanan profesional yang meningkatkan produktivitas dan efisiensi perusahaan melalui teknologi terkini dan sumber daya manusia yang berkualitas. 
 Misi: Memberikan layanan berkualitas dengan harga terjangkau melalui tenaga ahli, serta terus berinovasi menghadirkan akses internet cepat sesuai kebutuhan zaman. 
 Nilai: Integritas, Inovasi, Pelayanan","thr financial benefits, career growth, meal allowance financial benefits, bpjs tenaga kerja insurance and health, travel, medical coverage, perform bonus financial benefits, sales commission financial benefits",True,https://glints.com/id/opportunities/jobs/business-analyst/54e851f0-b57b-4966-8435-76594cf5d1fe,process improvement data analysis requirements analysis business analysis
Business Analyst,Computer Software,FULL_TIME,Business Analyst,2026-03-26T05:01:19.781Z,2026-04-26,PT Quadra Karya Santosa,https://quadrakaryasantosa.co.id/,https://images.glints.com/unsafe/glints-dashboard.oss-ap-southeast-1.aliyuncs.com/company-logo/884e41a56a9caa677c8b6d84186f00aa.jpg,"Jln. Gaya Motor Raya No. 8, Sunter II, Jakarta Utara, DKI Jakarta 14330",Tangerang Selatan,Banten,ID,-6.30694,106.67917,5000000.0,7000000.0,IDR,MONTH,"Data Analysis, Business Analysis, SQL, Requirements Analysis, SDLC, FSD, BRD, Project Management, Stakeholder Management",36.0,professional certificate,"Diploma (D3) or Bachelor’s Degree in IT, Computer Science, Business Information Systems, or a related field. 
 Minimum 3 years of proven experience as an IT Business Analyst or in a similar role. 
 Certified Data Management Professional (CDMP) certification is mandatory. 
 Proficient in requirement gathering, including BRD (Business Requirement Document) and FSD (Functional Specification Document) creation. 
 Strong analytical skills to translate complex business needs into technical solutions. 
 Experienced in data modeling, process mapping, and workflow analysis (e.g., Visio, Lucidchart, or Draw.io). 
 Solid understanding of SDLC and basic SQL for data analysis and verification. 
 Excellent communication skills to bridge the gap between business stakeholders and technical teams. 
 The candidate is available to join ASAP","Quadra Karya Santosa is a team of IT consultant, developer, designer, and technopreneur who thrive on designing and developing great user interfaces and user experiences for IT consulting.","bpjs tenaga kerja insurance and health, medical coverage",True,https://glints.com/id/opportunities/jobs/business-analyst/08d16796-568e-41c6-98a3-fb9647e7e44f,data analysis business analysis sql requirements analysis sdlc fsd brd project management stakeholder management
Business Planning Analyst,Logistics and Supply Chain,FULL_TIME,Business Analyst,2026-03-26T03:01:14.107Z,2026-04-26,PT Mitra Angkasa Raya,https://www.linkedin.com/company/pt-mitra-angkasa-raya/mycompany,https://images.glints.com/unsafe/glints-dashboard.oss-ap-southeast-1.aliyuncs.com/company-logo/29d7b71e7e4983c549ac6a5e0b5789d4.png,"Komplek City Square Blok C16, Jl. Abdul Rahman Saleh No. 9 Bandung",Bandung,Jawa Barat,ID,-6.90139,107.58361,4737678.0,10000000.0,IDR,MONTH,"Business Analysis, Stakeholder Management, Business Intelligence, Forecasting, Project Management",12.0,bachelor degree,"𝗪𝗘 𝗔𝗥𝗘 𝗛𝗜𝗥𝗜𝗡𝗚!📢 
 
 PT Manggala Semesta Investama membuka kesempatan untuk bergabung bersama kami dalam posisi: 
 𝗕𝘂𝘀𝗶𝗻𝗲𝘀𝘀 𝗣𝗹𝗮𝗻𝗻𝗶𝗻𝗴 𝗔𝗻𝗮𝗹𝘆𝘀𝘁 
 📍 Penempatan Bandung 
 
 Qualification : 
 
 S1 Finance, Akuntansi, Manajemen, Ekonomi, Teknik, atau relevan. 
 Pengalaman 1–2 tahun di Business Planning / Financial Planning & Analysis / Business Analyst. 
 Menguasai financial modeling dan analisa data. 
 Mahir Excel (advanced); SQL/SAP/BI menjadi nilai tambah. 
 Analitis, detail, komunikatif, dan mampu bekerja lintas fungsi. 
 
 
 Jobdesk : 
 
 Menyusun rencana bisnis, anggaran, dan forecasting. 
 Menganalisis kinerja keuangan & operasional (PnL, Cost, Headcount). 
 Melakukan variance analysis dan memberikan rekomendasi perbaikan. 
 Mengembangkan financial model dan laporan manajemen untuk mendukung keputusan strategis. 
 Mengidentifikasi peluang efisiensi serta berkolaborasi dengan tim terkait. 
 
 
 Note: Hanya kandidat yang sesuai kualifikasi yang akan hubungi untuk lanjut ke tahap berikutnya. Proses rekrutmen ini tidak dipungut biaya apapun","PT. Mitra Angkasa Raya (MAR) has been established since 2019. This company has expertise in the field of air cargo, with many advantages and exclusivity. This company is founded and managed well by individuals who have expertise and a high level of competence in their respective sector. We collaborate with leading airlines in Indonesia, Garuda Indonesia Cargo. We believe there is more than just sending goods or cargo, but “customers comfort and trust” is the main thing for us.","medical coverage, bpjs tenaga kerja insurance and health, thr financial benefits, perform bonus financial benefits",True,https://glints.com/id/opportunities/jobs/business-planning-analyst/5dbbf341-d7b8-4ab9-b151-131917e3c440,business analysis stakeholder management business intelligence forecasting project management
Middle Product Analyst,Information Technology and Services,CONTRACTOR,Product Specialict,2026-03-03T05:03:31.422Z,2026-05-03,PT Evolusi Teknologi Solusi (Evoteks),https://evoteks.net,https://images.glints.com/unsafe/glints-dashboard.oss-ap-southeast-1.aliyuncs.com/company-logo/d2fdb71b40bfce11120b716f283582e9.png,Jl.Basoka Raya No.8 Kel.Joglo Kec.Kembangan Jakarta Barat 11640,Jakarta Pusat,DKI Jakarta,ID,-6.19444,106.83333,7500000.0,11000000.0,IDR,MONTH,"Agile Methodologies, Banking, Product Analysis",36.0,bachelor degree,"We're hiring for 
 Product Analyst (Product Owner) 
 
 Requirements: 
 
 Bachelor's degree in IT 
 3+ years experience in relevant role (Product Analyst, Product Owner, etc) 
 Familiar with Oracle ERP, SAP, Ms Dynamics, etc 
 Familiar with Agile Methodology 
 WFO at Jakarta Selatan 
 Willing to be placed in Fintech Industry (Insurance/Banking)","PT Evolusi Teknologi Solusi, atau disingkat EVOTEKS, adalah perusahaan yang menyediakan tenaga kerja alih daya khususnya tenaga ahli dibidang IT, dan tenaga outsourcing lainnya, untuk memenuhi kebutuhan tenaga kerja bagi perusahaan-perusahaan di seluruh Indonesia.  EVOTEKS berdiri sejak tahun 2016, dibentuk dan didirikan berlandaskan prinsip edukasi dan evolusi, yang menjadi identitas kami melalui penggunaan huruf E pada logo perusahaan. EVOTEKS memastikan bahwa setiap solusi yang kami tawarkan tidak hanya memenuhi kebutuhan bisnis, tetapi juga melibatkan pengetahuan, pemahaman, pengalaman, dan pemberian informasi yang akurat.","vision care insurance and health, medical coverage, thr financial benefits, bpjs tenaga kerja insurance and health",True,https://glints.com/id/opportunities/jobs/middle-product-analyst/51d9868b-b745-4aa9-812e-cbd9d53c8c83,agile methodologies banking product analysis
Tester Analyst,Outsourcing/Offshoring,FULL_TIME,QA Engineer,2026-01-26T04:19:29.398Z,2026-04-26,PT. Dutagriya Sarana,https://www.dutagriyasarana.co.id,https://images.glints.com/unsafe/glints-dashboard.oss-ap-southeast-1.aliyuncs.com/company-logo/dd89f5502d2c99eae9492d990aed8c94.jpeg,"Graha Mas Fatmawati Blok A.10-11 Jl. RS. Fatmawati No.71, Jakarta, Indonesia",Jakarta Selatan,DKI Jakarta,ID,-6.24444,106.8,5000000.0,6700000.0,IDR,MONTH,"Software Testing, Software Quality Assurance, Manual Testing",12.0,bachelor degree,"- In charge of testing the Claim system for both positive and negative scenarios in order to improve the claim process by eliminating manual processes 
 - Proactive provide feedback on the requirements from user stories. 
 - Understanding functionality of feature. 
 - Participate in preparing the Test Scenarios. 
 - Executing the Test Cases by perform data input in Claim development system. 
 - Validating result scenario and Prepare a test case of evidence for each test scenario that is performed. 
 - Defect Tracking. 
 - Understanding the severity of the bug and give information to developers in order to fix it. 
 - Resimulate the fixed bugs to check for existence and to check for its effect. 
 - Update the Status of Bug in Bug tracking tool. 
 
 Requirements: 
 - Bachelor degree of any major 
 - Experiences as Project Member and Project Manager 
 - Has experience in application testing (unit, functional, integration, UAT, performance, ), test case definition, QA tools 
 - Excellent communication and critical thinking skills. 
 - Good organizational skills and detail-oriented mindset. 
 - Proficiency in Microsoft Offices 
 - Fluent in English","DGS adalah perusahaan yang bergerak di bidang HR Services di Indonesia, merupakan pilihan yang tepat sebagai Mitra Usaha dan telah memiliki reputasi dan pengalaman dan telah mengelola ribuan tenaga kerja di berbagai daerah di seluruh Indonesia.","medical coverage, overtime pay financial benefits, meal allowance financial benefits",True,https://glints.com/id/opportunities/jobs/tester-analyst/42bfe218-7801-44f8-8343-8e48804222a4,software testing software quality assurance manual testing
Regional Business Analyst,Human Resources,CONTRACTOR,Business Analyst,2026-02-19T06:29:23.595Z,2026-04-27,RecruitFirst,http://www.recruitfirst.co,https://images.glints.com/unsafe/glints-dashboard.oss-ap-southeast-1.aliyuncs.com/company-logo/c056f6e084e3eef2376ee5a32a7614cf.jpg,"District 8, PROSPERITY TOWER, Daerah Khusus Ibukota, SCBD Lot Jl. Jenderal Sudirman No.28, RT.5/RW.3, Senayan, Daerah Khusus Ibukota Jakarta 12190",Surabaya,Jawa Timur,ID,-7.29889,112.73778,7000000.0,18000000.0,IDR,MONTH,"Business Analysis, Process Improvement, Project Management, Business Intelligence, Stakeholder Management, SQL, Requirements Analysis, Data Analysis",12.0,bachelor degree,"Position : Regional Business Analyst 
 Industry : FMCG Vape Industry 
 Placement : Surabaya / Central Java (Flexible for business travel) 
 
 Key Responsibilities: 
  - Build and maintain Google Sheets dashboards (sales performance, BD pipeline, KPI tracking, monthly comparison). 
  - Analyze store-level data and generate actionable business insights. 
  - Monitor KPI achievement and follow up closely with Operations team. 
  - Support new store setup planning from financial & data perspectives. 
  - Prepare weekly and monthly business performance reports. 
  - Coordinate with BD, Operations, and Management for regional initiatives. 
  - Support project management for regional expansion. 
 
 Requirements: 
  - Bachelor’s degree in Business, Finance, Management, or related fields. 
  - 3–5 years of experience in business analysis, retail, FMCG, or multi-outlet operations. 
  - Strong Google Sheets skills (formulas, pivot tables, dashboard building). 
  - Fluent in English (spoken & written). 
  - Highly analytical, target-driven, and detail-oriented. 
  - Able to translate business needs into structured tracking systems. 
  - Comfortable challenging teams on KPI performance and driving improvement.","RecruitFirst is a brand of SGX-listed HRnetGroup Limited. Since it's inception in 2013, RecruitFirst has continuously brought to the table fresh perspectives on recruitment and flexible staffing.","bpjs tenaga kerja insurance and health, medical coverage, travel, career growth, meal allowance financial benefits",True,https://glints.com/id/opportunities/jobs/regional-business-analyst/bc1799c8-94d6-4236-8f46-452124f74f74,business analysis process improvement project management business intelligence stakeholder management sql requirements analysis data analysis
Data Analis,Information Technology and Services,FULL_TIME,Data Analyst,2026-02-26T03:59:16.863Z,2026-05-02,Pt. Berpikir Revolusioner Indonesia,http://www.narasiodata.com,https://images.glints.com/unsafe/glints-dashboard.oss-ap-southeast-1.aliyuncs.com/company-logo/b7b6b5ddb10544705c1fc5d7cfb4e17b.png,"Denver Apartment&SOHO Unit 879, Made, Kec. Sambikerep, Surabaya, Jawa Timur 60219",Surabaya,Jawa Timur,ID,-7.27667,112.65306,6000000.0,8000000.0,IDR,MONTH,"Statistics, Power BI, Python, Tableau, Data Visualization, Data Analysis, Microsoft Excel, SQL",36.0,bachelor degree,"Requirements: 
 
 2–5 years of experience in data analysis or a related analytical role 
 Strong proficiency in SQL for data extraction and manipulation 
 Proficiency in Python (Pandas, NumPy) or equivalent analytical tools 
 Experience using BI tools such as Power BI, Tableau, or Looker 
 Advanced Microsoft Excel skills (pivot tables, formulas, data analysis tools) 
 Solid understanding of data cleaning, transformation, and validation processes 
 Good understanding of basic statistics and quantitative analysis methods 
 Experience working with relational and/or non-relational databases 
 Strong analytical thinking and problem-solving skills 
 Ability to manage multiple projects 
 Strong attention to detail and commitment to data accuracy 
 
 
 Responsibilities: 
 
 Collect data from various sources including databases, APIs, spreadsheets, log files, surveys, and internal systems 
 Ensure data quality, accuracy, and integrity before analysis 
 Clean, validate, and transform raw data into structured formats suitable for analysis 
 Perform statistical and quantitative analysis to identify trends, patterns, and actionable insights 
 Develop dashboards, visualizations, and reports using tools such as Power BI, Tableau, Looker, Python, or Excel 
 Prepare analytical reports and present key findings to stakeholders 
 Provide data-driven recommendations to support business decision making 
 Collaborate with business, marketing, and engineering teams to understand analytical needs 
 Monitor key performance metrics and provide periodic performance evaluations 
 Identify opportunities for process improvement based on data insights 
 Utilize relational and non-relational databases for data storage and retrieval 
 Ensure compliance with data protection regulations and maintain confidentiality of sensitive information 
 Communicate analytical findings effectively to non-technical audiences",Narasio Data membangun dan mengembangkan ekosistem berbasis data yang mendukung individu atau organisasi dari berbagai sektor untuk mempercepat transformasi digital melalui penelitian dan studi analitik.,"thr financial benefits, career growth, medical coverage, bpjs tenaga kerja insurance and health, professional development",True,https://glints.com/id/opportunities/jobs/data-analis/a5ff4721-83df-4051-ab7b-84d60b494931,statistics power bi python tableau data visualization data analysis microsoft excel sql
IT System Analyst,Financial Services,FULL_TIME,System Analyst,2026-03-27T01:26:32.543Z,2026-04-27,PT Esta Dana Ventura,http://estadanaventura.co.id,https://images.glints.com/unsafe/glints-dashboard.oss-ap-southeast-1.aliyuncs.com/company-logo/e32851407b6b3d9b90325dac62bac581.png,"Ruko BSD Junction Blok A No. 11, Jl. Pahlawan Seribu, Bumi Serpong Damai, Tangerang Selatan 15322 Kota Tangerang Selatan, Banten",Tangerang,Banten,ID,-6.18889,106.64028,12000000.0,20000000.0,IDR,MONTH,"Software Documentation, IT Consulting, Requirements Analysis, Db Admin, Query SQL, Developer Sql",36.0,professional certificate,"Job Description 
 
 Capturing requirement and understanding business processes  
 Develop configuration specifications and system analysis requirements 
 Create document flow chart business processes 
 Designing technical form, documenting of system processes 
 Perform quality assurance, SIT, UAT 
 
 Requirement 
 
 Candidate must possess at least  a Bachelor’s Degree in Computer Science/Information Technology or Engineering 
 Min 4 years working experience as IT System Analyst or developer SQL or DB Admin 
 Required Skill: Query SQL SERVER (Advanced) 
 Experience in designing database and writing software requirement specification 
 Experience in capturing requirement and understanding business process 
 Able to work in a team 
 Experience in IT Consulting","PT ESTA DANA VENTURA, berdiri pada tanggal 9 Februari 2015, bergerak pada bidang Lembaga Keuangan Non-Bank dengan model modal ventura /microfinance institute. Esta Dana Ventura sendiri telah resmi mengantongi izin dari Otoritas Jasa Keuangan (OJK) dengan nomor KEP - 8/D.05/2015 untuk melaksanakan kegiatan usaha modal ventura. 
 Kehadiran Esta Dana Ventura bertujuan memberikan alternatif kepada masyarakat untuk mendapatkan sumber dana modal usaha yang lebih mudah dan cepat dibandingkan dengan pengajuan pembiayaan dana modal usaha dari sektor perbankan serta membantu masyarakat yang wilayahnya belum terjangkau oleh lembaga pinjaman keuangan agar dapat menikmati pinjaman dana usaha. Melalui tujuan tersebut diharapkan dapat menumbuhkan dan mengembangkan jiwa kewirausahaan masyarakat. 
 Esta Dana Ventura turut berkontribusi dalam pemberdayaan wanita Indonesia, di mana biasanya kaum wanita lebih banyak berkorban dalam menghadapi kesulitan yang timbul dari kemiskinan demi keluarganya. Oleh karena itu, Esta Dana Ventura ingin membantu kaum wanita untuk meningkatkan kesejahteraan ekonomi keluarganya melalui pemodalan, edukasi, serta pendampingan dalam berwirausaha kepada kaum wanita.",career growth,True,https://glints.com/id/opportunities/jobs/it-system-analyst/d304ba82-f3b8-4974-bd46-687f8dbba5ef,software documentation consulting requirements analysis db admin query sql developer sql
IT Business Analyst,Information Technology and Services,FULL_TIME,Business Analyst,2026-03-16T09:22:02.332Z,2026-04-16,PT Prawathiya Karsa Pradiptha,https://www.pkp.co.id/en/,https://images.glints.com/unsafe/glints-dashboard.oss-ap-southeast-1.aliyuncs.com/company-logo/2aacf1cefe2ef9f9c9d9b4ff39cc347a.jpg,"Kawasan Niaga Citra Grand Blok R.12 no.7 Jatisampurna, Bekasi, West Java, Indonesia",Jakarta Selatan,DKI Jakarta,ID,-6.29028,106.82639,6500000.0,7000000.0,IDR,MONTH,"SQL, Business Analysis, Software Testing, Flowchart, BRD, FSD",12.0,bachelor degree,"Tugas & Tanggung Jawab 
 
 
 Mengumpulkan dan menganalisis kebutuhan bisnis (requirement gathering). 
 Membuat dokumen: BRD/FRD, flowchart, use case, user stories, wireframe. 
 Mengidentifikasi gap proses bisnis dan memberikan rekomendasi solusi. 
 Mendukung implementasi sistem dan melakukan UAT. 
 Menyusun dokumentasi dan laporan hasil analisis. 
 Membantu Testing 
 
 
 Kualifikasi Umum : 
 
 Minimal S1 Informatika / Sistem Informasi / Manajemen Informatika. 
 Pengalaman 1 tahun sebagai Business Analyst 
 Menguasai business process analysis & requirement elicitation. 
 Mampu membuat flowchart, wireframe, dan dokumentasi kebutuhan. 
 Menguasai metodologi Agile & Waterfall. 
 Familiar tools: Visio, Lucidchart, Figma, Draw.io. 
 Paham Query SQL 
 Komunikatif, analitis, dan memiliki problem-solving yang baik. 
 Siap ditempatkan di Client, wilayah Pasar Minggu , Jakarta Selatan.","PT. Prawathiya Karsa Pradiptha beroperasional secara penuh pada 1 Februari 2012, dengan fokus pada Enterprise Business Solution, IT Professional Service, IT Managed Service, Mobile Application, dan Call Center Service. Perusahaan kami menyediakan resource, produk, dan service guna membantu perusahaan anda tumbuh dan berkembang lebih maju.","meal allowance financial benefits, travel, career growth",True,https://glints.com/id/opportunities/jobs/it-business-analyst/1b26be45-10c7-4557-9a98-2889eac87476,sql business analysis software testing flowchart brd fsd
Business Analyst IT,Information Technology and Services,CONTRACTOR,Business Analyst,2026-02-18T03:58:50.499Z,2026-05-01,PT Safepedia Global Teknologi,http://www.safepedia.co,https://images.glints.com/unsafe/glints-dashboard.oss-ap-southeast-1.aliyuncs.com/company-logo/5a8c88f185b01726d104663301ae16d1.png,Jl. Tebet Timur Dalam VI No.3,Jakarta Selatan,DKI Jakarta,ID,-6.22917,106.85139,6000000.0,9000000.0,IDR,MONTH,"Public Speaking, Analytical Skills, Business Process Improvement, Teamwork, Presentation Skills, Customer Service",12.0,bachelor degree,"Requirements: 
 
 Pendidikan minimal S1 di bidang Sistem Informasi, Informatika, Ilmu Komputer, atau jurusan terkait. 
 Terbuka untuk Fresh graduate hingga kandidat berpengalaman di bidang terkait 
 Familiar dengan metodologi pengembangan software (Agile/Scrum, Waterfall). 
 Terbiasa menyusun dokumentasi bisnis & teknis (BRD, SRS, FSD, UML, Use Case). 
 Menguasai tools analisis & dokumentasi (contoh: Jira, Confluence, Trello, Microsoft Visio,    Lucidchart). 
 Memiliki kemampuan komunikasi, analisis, dan problem-solving yang baik. 
 Pengalaman dalam proyek integrasi sistem, ERP, atau aplikasi enterprise menjadi nilai tambah. 
 Mampu bekerja sama dalam tim maupun mandiri dengan baik.","Safepedia, sebagai salah satu penyedia jasa implementasi untuk Tools HSE atau K3 di Indonesia yang sudah mengikuti standarisasi ISO 3001 yang sudah siap pakai dan aplikasi ini juga siap untuk di integrasikan dengan aplikasi lain, device lain dan bisa disesuaikan dengan arsitektur system yang sudah ada. 
 Tidak hanya HSE atau K3 saja, ada beberapa jasa IT lainnya yang bisa kami bantu, seperti Internet of Thing (IOT), Artificial Intelligence, Business Intelligence.","near public transport work environment and facilities, thr financial benefits, professional development, career growth, free food and beverages",True,https://glints.com/id/opportunities/jobs/business-analyst-it/0f2da837-e6fc-480e-a7a0-f77b2f5737d8,public speaking analytical skills business process improvement teamwork presentation skills customer service
IT Business Analyst,Information Technology and Services,CONTRACTOR,Business Analyst,2026-03-30T05:39:15.069Z,2026-04-30,Dikshatek Indonesia,https://www.dikshatek.co.id/,https://images.glints.com/unsafe/glints-dashboard.oss-ap-southeast-1.aliyuncs.com/company-logo/6af27045d92d8a1d07e04ebba58fb00f.jpeg,"Millennium Centennial Center Lantai 39, Jl. Jenderal Sudirman, Daerah Khusus Ibukota Jakarta",Jakarta Selatan,DKI Jakarta,ID,-6.21944,106.82917,5450000.0,5800000.0,IDR,MONTH,"ERP Software, SDLC, CRM, Accounts Receivable and Payable Accounting",12.0,bachelor degree,"Minimum 2 years of experience as a Business Analyst. 
 Bachelor’s degree in Information Systems, Computer Science, Business, or related field. 
 Proven experience in ERP and/or CRM system as mandatory. 
 Strong understanding of basic accounting processes (GL, AP, AR, invoicing, financial reporting) as mandatory. 
 Hands-on experience working with both Agile and Waterfall methodologies as mandatory. 
 Strong analytical thinking and problem-solving skills. 
 Experience in UAT support, test case creation, and system validation. 
 Good understanding of SDLC (Software Development Life Cycle) 
 Detail-oriented, proactive, and able to work independently as well as in a team 
 Mandatory have the experience in Basic Accounting knowledge",Diksha Teknologi provides world-class IT Consultants and Solutions to Tier-1 Indonesian Businesses.,"medical coverage, bpjs tenaga kerja insurance and health, thr financial benefits",True,https://glints.com/id/opportunities/jobs/it-business-analyst/8c4932a0-cd46-43de-a84d-23062522f85a,erp software sdlc crm accounts receivable payable accounting
IT Business System Analyst,Pharmaceuticals,FULL_TIME,Business Analyst,2026-04-01T09:45:16.297Z,2026-05-02,PT K24 Indonesia,https://recruitment.apotek-k24.com,https://images.glints.com/unsafe/glints-dashboard.oss-ap-southeast-1.aliyuncs.com/company-logo/be7b30ca372130c90e52167a919b0e96.jpeg,"Jalan Magelang No.160-162 Kricak, Karangwaru, Kec. Tegalrejo, Kota Yogyakarta, Daerah Istimewa Yogyakarta 55241",Yogyakarta,DI Yogyakarta,ID,-7.77583,110.3575,4000000.0,6000000.0,IDR,MONTH,"Business Analysis, Process Improvement, Business Intelligence, Data Analysis",12.0,bachelor degree,"Requirement : 
 
 
 Pendidikan minimal S1 jurusan TI / SI / Akuntansi 
 Wajib memliki pengalaman minimal 3 tahun 
 Mampu melakukan analisis kebutuhan 
 Mengerti bahasa pemrograman dan database 
 Mampu bekerja sama dalam tim 
 Mampu membuat dokumentasi sistem 
 Mengikuti perkembangan teknologi 
 Familiar dengan wireframe & prototyping tools 
 Mampu berkomunikasi dengan baik 
 Bersedia penempatan di Kota Yogyakarta (Kantor Pusat PT. K-24 Indonesia) 
 
 
 Jobdesc : 
 
 
 Memahami kebutuhan dan proses bisnis dari klien/user dan menerjemahkannya ke spesifikasi teknis (flowchart, database design, wireframe). 
 Mengkomunikasikan dan menawarkan alternatif solusi terhadap kendala klien. 
 Memiliki pengalaman SAP FICO (diutamakan). 
 Bekerja sama dengan tim development agar sistem selesai sesuai kebutuhan dan target waktu. 
 Melaporkan / mempresentasikan hasil project kepada klien.","PT K-24 Indonesia adalah induk dari Apotek K-24, Jaringan Apotek Swasta Nasional Terbesar di Indonesia. Gerai Apotek K-24 pertama berdiri di Yogyakarta pada tahun 2002. Hingga saat ini Apotek K-24 telah membuka lebih dari 800 gerai yang tersebar di 152 kota/kabupaten di 29 provinsi. Apotek K-24 merupakan retail apotek yang dengan konsep bisnis Komplit 24 Jam, 100% Obat Asli, Harga sama pagi/siang/malam/hari libur, Konsultasi Gratis, dan layanan online. Selain Apotek K-24, PT K-24 Indonesia juga terafiliasi dengan PT Ka Dua Empat (PBF), PT K24Klik (PSEF), PT Odixa Pharma Laboratories, Medi-Call, SMK Kesehatan Pelita Bangsa Bantul, Fakultas Farmasi UKRIM, dan PT HI-Lab International. Bergabung dengan PT K-24 Indonesia tidak hanya bermanfaat untuk pengembangan diri, tetapi juga turut andil dalam menyehatkan masyarakat Indonesia.","bpjs tenaga kerja insurance and health, perform bonus financial benefits, travel, career growth, professional development, thr financial benefits, medical coverage",True,https://glints.com/id/opportunities/jobs/it-business-system-analyst/d3b2e591-f40c-40a2-a83d-47129584417e,business analysis process improvement business intelligence data analysis
IT Business System Analyst,Banking,CONTRACTOR,Business Analyst,2026-03-17T09:39:58.117Z,2026-04-17,PT. Nawa Data Solutions,https://nawadata.com,https://images.glints.com/unsafe/glints-dashboard.oss-ap-southeast-1.aliyuncs.com/company-logo/3ebe0b9edaf7cf694ecd779d72af71df.jpg,"APL Tower, Grogol, West Jakarta",Jakarta Barat,DKI Jakarta,ID,-6.1625,106.7875,9000000.0,11000000.0,IDR,MONTH,"Requirements Analysis, SQL, Project Management, Business Analysis",36.0,bachelor degree,"Requirements: 
 
 Have min. 2 year hands on experiences as business analyst. 
 Have the knowledge and experiences on project phases. 
 Experience handle project banking. 
 Familiar with create documentation for project (FSD / TSD / BRD, MOM, etc) 
 Have a strong understanding and knowledge of SDLC methodologies (Waterfall/Agile/Iterative/Lean). 
 Familiar with SQL 
 Willing to work from office. 
 
 
 Job desc: 
 
 Analyze business requirements and prepare project deliverables (BRD, MoM, etc). 
 Conduct discussion and requirement analysis with the business and implementers. 
 Bridging between Developer and Client if there are technical problems including gap requirements and providing recommendations for the best solutions. 
 Review and monitor overall project objectives and timeline. 
 Do regular updates to stakeholders and escalate if there are problems.","NawaData was founded by a group of experienced professional in IT and Banking Industry. PT Nawa Data Solutions, the word ""Nawa"" taken from Sanskrit language, it means 9 (nine). 
 Trusted by: 
 Indonesia’s Top 10 Banks (based on Assets) 
 The Largest Bank in South East Asia 
 Indonesia’s Largest Automotive Financing Company 
 Other National and Multinational Companies","medical coverage, near public transport work environment and facilities, vacation and leaves, thr financial benefits, bpjs tenaga kerja insurance and health",True,https://glints.com/id/opportunities/jobs/it-business-system-analyst/658e1e6c-f861-442c-aaef-5a80ae5a99dd,requirements analysis sql project management business analysis
QA Analyst (Project Based),Information Technology and Services,CONTRACTOR,QA Engineer,2026-03-10T02:01:55.673Z,2026-05-10,VhiWEB,https://vhiweb.com,https://images.glints.com/unsafe/glints-dashboard.oss-ap-southeast-1.aliyuncs.com/company-logo/687fbfde3ad3dc41c24498ea4e3f1f8d.jpg,"Jl. Batu Tulis Raya No.24A, Kb. Klp., Kecamatan Gambir, Kota Jakarta Pusat, Daerah Khusus Ibukota Jakarta 10120",Jakarta Pusat,DKI Jakarta,ID,-6.17083,106.81806,5000000.0,8000000.0,IDR,MONTH,"Critical Thinking, Usability Testing, Attention to Detail, QA Testing, SDLC, Agile Methodologies, Software Testing, Problem Solving",12.0,bachelor degree,"Job Description  :  
 
 Monitor design development (corresponds with the requirement and test cases, or not). 
 Create test cases based on the requirement. 
 Perform comprehensive testing of all developed features related to flow and functionality & data stored in the database 
 Make sure all features are stable and in accordance with the requirements. 
 Responsible to inform the person in charge of the features and monitor bug fixing process. 
 Coordinate and collaborate with QA Tester Freelances to complement the testing process. 
 
 Requirement  : 
 
 Bachelor’s degree in Information Technology, Computer Science, or Information System. 
 Graduated from reputable universities (National or International) 
 1 - 3 years of experience as QA Tester / QA Analyst. 
 Familiar with database and web/app development process. 
 Have knowledge in creating scenario tests, UAT test plans, and reports. 
 Have knowledge in automation testing is a plus. 
 Attention to detail, passionate in debugging, have critical thinking and problem-solving skill.","VhiWEB is a dynamic digital agency specializing in cutting-edge technological solutions aimed at driving digital transformation for its clients. We offers comprehensive services including web and app development, managed services, and gamified marketing campaigns. 
 With a strong emphasis on user-centered design and innovative strategies, we empowers businesses to enhance their operational efficiency and make impactful advancements in the digital space.","medical coverage, bpjs tenaga kerja insurance and health",True,https://glints.com/id/opportunities/jobs/qa-analyst-(project-based)/267121fd-5f3a-4408-b73b-c5aaf4aead41,critical thinking usability testing attention detail qa testing sdlc agile methodologies software testing problem solving
Tax Analyst,Financial Services,FULL_TIME,Akuntan Pajak,2026-03-16T07:10:44.946Z,2026-04-16,Astra Credit Companies (ACC),https://career.acc.co.id/,https://images.glints.com/unsafe/glints-dashboard.oss-ap-southeast-1.aliyuncs.com/company-logo/e9d9d906c1d315b7f583bb2c37ae7e8e.jpeg,"Jl. TB Simatupang No.90, Tj. Bar., Kec. Jagakarsa, Kota Jakarta Selatan, DKI Jakarta 12530",Jakarta Selatan,DKI Jakarta,ID,-6.33611,106.82083,6800000.0,7500000.0,IDR,MONTH,"Zahir Software, Tax Audit, Financial Analysis, Oracle Database, Tax Accounting, Accounting, Tax Planning, Tax Reporting, Microsoft Excel",12.0,bachelor degree,"Melakukan monitoring dan kontrol perpajakan atas pembayaran transaksi keuangan; 
 Menghitung jumlah pembayaran angsuran pajak bulanan/tahunan; 
 Melakukan persiapan, mereview & analisa proses penyetoran pajak dan pelaporan pajak masa bulanan/tahunan; 
 Melakukan kontrol atas pelaksanaan kewajiban setoran yang telah dilakukan dan pelaksanaan administrasi pelaporan pajak masa bulanan/tahunan.","Astra Credit Companies (ACC) has been a leading financial company in Indonesia since 1982. As a part of Astra International, ACC fully commits to providing credit for a better living in 76 branches across the nation. ACC currently has 5 business pillars: New Car Financing, Used Car Financing, Fleet Financing, Syariah Financing, and Multipurpose Financing.","career growth, professional development, thr financial benefits, bpjs tenaga kerja insurance and health, perform bonus financial benefits, travel, sales commission financial benefits, medical coverage, meal allowance financial benefits",True,https://glints.com/id/opportunities/jobs/tax-analyst/83f27ee6-b5de-47e6-ad11-ddf4bb338474,zahir software tax audit financial analysis oracle database tax accounting accounting tax planning tax reporting microsoft excel
Data Scientist,Computer Software,FULL_TIME,Data Scientist,2026-03-25T04:01:08.459Z,2026-04-25,PT. Kulego Tiga Kreasi,https://kulegotekno.id,https://images.glints.com/unsafe/glints-dashboard.oss-ap-southeast-1.aliyuncs.com/company-logo/077c15e429d92407675c40704d7d9cf6.jpeg,"Jalan Cibaduyut Raya No. 142 Ruko M-Square Block C No. 23, Kel. Cibaduyut, Kec. Bojongloa Kidul, Kota Bandung, Prov. Jawa Barat",Jakarta Pusat,DKI Jakarta,ID,-6.19444,106.83333,7800000.0,11700000.0,IDR,MONTH,"Data analysis, Statistics, Mathematics, Data Infrastructure",36.0,bachelor degree,"memiliki pengalaman pada role Data Scientist minimal 3tahun  
 menyiapkan infrastruktur data 
 mengumpulkan data dari berbagai sumber  
 melakukan penelitian terhadap data perusahaan yang akan digunakan untuk mengambil keputusan  
 melakukan penelitian dan analisis data perusahaan dalam jumlah besar  
 menggunakan bahasa pemograman untuk melakukan anlisis  
 memvisualisasikan data dalam bentuk grafik 
 mampu memenuhi kebutuhan bisinis dalam pengambilan keputusan 
 memiliki keahlian dan kemampuan dibidang matematika , statiska,dan data scientiest","Kulego Tekno is a member of Kulego Group, Kulego Tekno’s main business  in IT development based in Bandung Founded in 2015 and established as PT  Kulego Tiga Kreasi in 2020. Our team has an expertise in custom  software development, mobile app development, website development, web  app development and UI/UX Design.","career growth, medical coverage, bpjs tenaga kerja insurance and health, professional development, thr financial benefits",True,https://glints.com/id/opportunities/jobs/data-scientist/f948f3b3-a02d-4212-93ce-76887019648f,data analysis statistics mathematics data infrastructure
Data Enginering,Consumer Services,FULL_TIME,Data Engineer,2026-04-06T08:17:41.509Z,2026-05-07,Shoe Workshop,http://www.shoeworkshop.id,https://images.glints.com/unsafe/glints-dashboard.oss-ap-southeast-1.aliyuncs.com/company-logo/2e624187da7e3516246a60432da5f8bb.png,Jl. Kembar I no.41,Bandung,Jawa Barat,ID,-6.93944,107.61389,2700000.0,3000000.0,IDR,MONTH,"ETL, Data Engineering, Database Systems, Data Integration, Microsoft SQL Server, Hadoop, Data Processing, Python, MongoDB, Redis",12.0,bachelor degree,"🎯 Job Description 
 - Membangun dan maintain data pipeline (ETL) dari API (Meta Ads, SleekFlow, dll) ke database 
 - Mengolah dan transform data (JSON → structured table) 
 - Menjaga kualitas data (accuracy, consistency, no duplicate) 
 - Membuat automation data pipeline (cron job / scheduler) 
 - Bekerja sama dengan Web Dev & Data Analyst untuk penyediaan data 
 
 🧑‍💻 Requirements 
 - Menguasai SQL (WAJIB) 
 - Pengalaman bekerja dengan REST API & JSON 
 - Menguasai : Node.js / Python / PHP 
 - Familiar dengan database (MySQL / PostgreSQL) 
 
 ⭐ Plus Point 
 - Pengalaman Meta Ads API / CRM API 
 - Pernah buat ETL / data pipeline 
 - Familiar dengan data warehouse / BI tools 
 
 🎯 Expected Outcome 
 - Data tersimpan rapi di database 
 - Tidak ada duplicate / missing data 
 - Data siap digunakan untuk dashboard & analisis","Shoeworkshop adalah perusahaan rintisan teknologi yang bergerak di bidaang jasa reparasi beragam jenis sepatu.  Saat ini kami telah mereparasi ratusan ribu sepatu, dan masih akan berkembang ke skala nasional. 
Social media: @shoe_workshop.",career growth,True,https://glints.com/id/opportunities/jobs/data-enginering/82c53304-bab2-4b90-9174-86da69104e46,etl data engineering database systems data integration microsoft sql server hadoop data processing python mongodb redis
Inventory Analyst,Plastics,FULL_TIME,Distributor Independen,2026-03-12T07:16:53.742Z,2026-05-12,Wiradi Utama Packindo,http://www.wiradiutamapackindo.id,https://images.glints.com/unsafe/glints-dashboard.oss-ap-southeast-1.aliyuncs.com/company-logo/20e5f8bacf3784d1b15c460a340677f0.jpg,"Jalan Pulojati No.9 Kec. cakung , Jatinegara 13930",Jakarta Timur,DKI Jakarta,ID,-6.18889,106.94167,4000000.0,6000000.0,IDR,MONTH,"Microsoft Excel, Warehouse Management, Logistics Distribution, Data Warehouse",12.0,bachelor degree,"Kualifikasi 
 1. Usia maksimal 28–30 tahun. 
 2. Pendidikan minimal S1 Akuntasi dan jurusan terkait 
 3. Memiliki pengalaman minimal 1 tahun di bidang inventory, warehouse, atau logistik. 
 4. Memahami proses pengelolaan stok barang (Stock In, Stock Out, dan Stock Opname). 
 5. Mampu mengoperasikan komputer dengan baik, khususnya Microsoft Excel (VLOOKUP, Pivot Table, IF). 
 6. Memiliki kemampuan analisis data yang baik dan teliti dalam bekerja. 
 7. Mampu bekerja secara individu maupun tim. 
 8. Memiliki kemampuan komunikasi dan koordinasi yang baik dengan tim terkait. 
 9. Pengalaman menggunakan sistem inventory / ERP (misalnya Mekari Jurnal, SAP, atau Oodo) menjadi nilai tambah. 
 10. Bersedia bekerja di area gudang atau warehouse dan bekerja Senin - Sabtu 
 
 Tugas dan Tanggung Jawab 
 1. Melakukan analisis data inventory untuk memastikan akurasi stok barang di gudang. 
 2. Membuat dan menyusun laporan stok barang secara berkala (harian, mingguan, atau bulanan). 
 3. Melakukan monitoring proses Inbound dan Outbound untuk memastikan pencatatan stok berjalan dengan benar. 
 4. Mengidentifikasi dan menganalisis selisih stok antara data sistem dan stok fisik di gudang. 
 5. Melakukan proses cycle count dan stock opname secara berkala. 
 6. Mengelola dan memonitor pergerakan stok barang (fast moving dan slow moving items). 
 7. Berkoordinasi dengan tim warehouse, sales, dan purchasing terkait kebutuhan dan ketersediaan stok barang. 
 8. Memastikan penempatan dan mapping barang di gudang sesuai dengan sistem yang berlaku. 
 9. Memberikan rekomendasi perbaikan sistem inventory untuk meningkatkan akurasi data dan efisiensi operasional. 
 10. Memastikan seluruh data inventory terdokumentasi dengan baik dan dapat dipertanggungjawabkan.","PT. Wiradi Utama Packindo merupakan perusahaan distributor untuk alat makan sekali pakai yang mempunyai visi dan misi sebagai berikut :  
 
 VISI : 
 “Menjadi supplier untuk memenuhi kebutuhan alat makan sekali pakai di seluruh Indonesia.” 
 Berangkat dari visi ini, Wiradi Utama Packindo melihat bahwa kebutuhan Food Packaging menjadi hal penting ditengah perkembangan industri F&B khususnya delivery/take away . 
 Terlebih, mulai menjamurnya makanan yang dijual via aplikasi online menbuat kebutuhan akan food packaging pakai semakin banyak. Karena itu, Wiradi Utama Packindo memiliki cita-cita untuk menjadi meningkatkan kualitas pelayanan di dunia F&B dengan membantu para pemiliki dalam mencari food packaging berkualitas dengan harga yang terjangkau . 
 MISI : 
 Meningkatan kualitas food delivery industries di Indonesia dengan menyediakan alat makan dan kemasan yang premium, sehingga meningkatkan nilai tambah di mata customer. 
 Memberikan solusi inovatif di bidang kebutuhan-kebutuhan Hotel, Restoran & Cafe. 
 Melakukan kerja sama jangka panjang dengan berbagai usaha/klien/partner/mitra di industri F&B untuk memenuhi kebutuhan alat makan sekali pakai, meningkatkan kualitas food delivery, dan pemenuhan di segala kebutuhan F&B delivery.","thr financial benefits, career growth",True,https://glints.com/id/opportunities/jobs/inventory-analyst/c05c3fea-7913-4918-a5e2-e2789f52dbb4,microsoft excel warehouse management logistics distribution data warehouse
Data Engineer,Human Resources,FULL_TIME,Data Engineer,2026-03-27T07:45:05.056Z,2026-04-27,eVantage HR Pte Ltd,https://www.evantage-hr.com,https://images.glints.com/unsafe/glints-dashboard.oss-ap-southeast-1.aliyuncs.com/company-logo/45d43aa2bc26abd714a588d90e464145.jpg,"1 Sims Ln, Singapore 387355",Jakarta Pusat,DKI Jakarta,ID,-6.19444,106.83333,15000000.0,20000000.0,IDR,MONTH,"ETL, Data Engineering, Apache Spark, Data Modeling, Python, Microsoft SQL Server, SQL",36.0,professional certificate,"Role Summary 
 Support AI solutions for Investment Management by building and maintaining data pipelines, feature engineering, and data integration required for analytics and machine learning models. 
 Key Responsibilities 
 •	Build and maintain data pipelines (ETL/ELT) for structured and unstructured data 
 •	Prepare datasets for AI/ML model training and analytics 
 •	Integrate data from multiple enterprise sources (DB, APIs, files) 
 •	Support data quality checks and performance optimization 
 •	Work under Wipro solution architecture and technical guidance 
 Required Skills 
 •	Strong SQL and data processing experience 
 •	Experience with Python / Spark / data engineering tools 
 •	Experience handling large datasets 
 •	Understanding of data modeling and data quality principles 
 Nice to Have 
 •	Exposure to cloud data platforms 
 •	Experience supporting AI / ML use cases","We are your back end workforce. Leave the tedious payroll, leave and claims leg-work to our experts (with over 70 years of combined HR experience) to lighten your workload and provide you with excellent on-going service.","vacation and leaves, career growth, work station, team building events, remote work, free food and beverages",True,https://glints.com/id/opportunities/jobs/data-engineer/141c4360-2116-41e4-b1f8-2916c666667e,etl data engineering apache spark data modeling python microsoft sql server sql
Price Analyst,Information Technology and Services,FULL_TIME,Business Analyst,2026-03-31T03:18:05.796Z,2026-05-01,Pt Mitra Seribu Saudara,https://www.1000saudara.com,https://images.glints.com/unsafe/glints-dashboard.oss-ap-southeast-1.aliyuncs.com/company-logo/07ee57860ebab4977c48cacce0359a46.png,"Graha GRC Board Jl. Letjend S Parman Kav 64, Slipi, Jakarta Barat",Jakarta Barat,DKI Jakarta,ID,-6.19167,106.79444,5500000.0,6000000.0,IDR,MONTH,"E-commerce, Pivot Table, Pricing Strategy, Microsoft Office, Power BI, System Analysis, Business Process Improvement, Microsoft Excel, Data Entry",12.0,professional certificate,"PT Mitra Seribu Saudara  adalah perusahaan yang bergerak di bidang Software Development dan E-Commerce bahan bangunan, saat ini sedang membutuhkan posisi  Price Analyst / Pricing Administrator  
 
Kualifikasi : 
 
 Pendidikan minimal D3/S1 Semua Jurusan. 
 Memiliki pengalaman sebagai Price Analyst di E-Commerce/Bahan Bangunan. 
 Diutamakan yang pernah bekerja di Industri bahan bangunan 
 Komunikasi aktif dan memiliki inisiatif yang tinggi 
 Memiliki kemampuan, survey harga, analisa harga, negosiasi dan Microsoft Excel (Lookup, Pivot) 
 
 Deskripsi Pekerjaan : 
 
 Melakukan monitoring harga 
 Implementasi harga baru dan perubahan harga secara berkala 
 Koordinasi dengan lintas divisi terkait kebutuhan perubahan harga pada sistem 
 Membuat report harga dan promisi yang berjalan di e-commerce, serta melakukan analisa terhadap laporan tersebut.","PT Mitra Seribu Saudara adalah perusahaan yang bergerak di bidang Software Development dan E-Commerce bahan bangunan 1000saudara.com. 
 
 1000saudara.com adalah E-commerce yang memiliki tujuan untuk memberikan pengalaman transaksi bahan bangunan tercepat, terlengkap, termurah dan terpercaya kepada konsumen. 1000saudara.com senantiasa hadir untuk mendukung kemajuan perkembangan usaha bahan bangunan di Indonesia, menyediakan kemudahan informasi bahan bangunan, serta memberikan kenyamanan dan keamanan untuk belanja kebutuhan bangunan secara online.","thr financial benefits, bpjs tenaga kerja insurance and health, near public transport work environment and facilities, medical coverage",True,https://glints.com/id/opportunities/jobs/price-analyst/44a9396e-7c73-48b7-8884-62c50247742a,ecommerce pivot table pricing strategy microsoft office power bi system analysis business process improvement microsoft excel data entry
Business Process Analyst,Information Technology and Services,CONTRACTOR,Business Analyst,2026-03-31T04:21:50.943Z,2026-05-01,PT Sigma Global Teknologi,https://www.sigma-tech.co.id,https://images.glints.com/unsafe/glints-dashboard.oss-ap-southeast-1.aliyuncs.com/company-logo/3aba5816b8ecfbb79a395592af581035.png,"Sona Topas Tower Lt. 12, Jl. Jend. Sudirman, RT.4/RW.2, Kuningan, Kota Jakarta Selatan, Daerah Khusus Ibukota Jakarta 12920",Jakarta Utara,DKI Jakarta,ID,-6.13333,106.875,11000000.0,11500000.0,IDR,MONTH,"Business Analysis, Requirements Analysis, Power BI, Business Intelligence, SQL",36.0,bachelor degree,"Requirements :  
 • Able to write and understand SQL queries. 
 • Familiar with Power BI for data visualization and reporting. 
 • Able to use Figma for basic system or process design. 
 • Familiar with Jira and Confluence for project tracking and documentation. 
 • Able to create process diagrams using Draw.io or similar tools. 
 • Able to read and understand program logic. 
 • Able to model business processes using flowcharts or process diagrams. 
 • Understand Nintex Workflow technology. 
 • Understand basic concepts of API structure and integration. 
 • Understand database table structures and relationships. 
 • Have knowledge and understanding of Artificial Intelligence (AI) tools and current technology trends, and how 
 they can support business process improvement.","SIGMATECH is the enterprise technology partner of choice for software development, delivering a broad range of web, mobile, and desktop controls coupled with a service-oriented approach throughout the entire application life cycle. 
 SIGMATECH consists of highly skilled developers specializing in agile development methodology, focusing on Mobile & Web Solution, IT Services and business enterprise, utilizing modern programming languages as our platform. SIGMATECH has established itself as the trusted partner for use in mission-critical applications and service clientele from global insurance companies, government agencies and large consumer product manufacturers. 
 Our Vision : 
 To be the most reputable and dependable growth solution partner both for IT Professional Talents and Client's Businesses worldwide 
 Our Mission : 
 To be the most reputable and dependable growth solution partner both for IT Professional Talents and Client's Businesses worldwide 
 To be the most reputable and dependable growth solution partner both for IT Professional Talents and Client's Businesses worldwide","travel, work station, bpjs tenaga kerja insurance and health, thr financial benefits, medical coverage",True,https://glints.com/id/opportunities/jobs/business-process-analyst/333848c0-2149-40fe-8147-e964c1d72631,business analysis requirements analysis power bi business intelligence sql
Analis Bisnis Data,Printing,FULL_TIME,Business Analyst,2026-03-16T12:28:53.438Z,2026-04-16,Prima Print,https://primaprint.co.id,https://images.glints.com/unsafe/glints-dashboard.oss-ap-southeast-1.aliyuncs.com/company-logo/d9d4f04ebead94e1ab5c0de3db7790b3.jpg,"Jl. Petemon III No.52, RT.003/RW.10, Petemon, Kec. Sawahan, Kota SBY, Jawa Timur 60252",Surabaya,Jawa Timur,ID,-7.27278,112.71917,2500000.0,4000000.0,IDR,MONTH,"Process Improvement, Data Analysis, Microsoft Excel",12.0,professional certificate,"Prima Print adalah perusahaan percetakan offset B2B yang telah berdiri sejak 1996 dan melayani berbagai industri seperti farmasi, rokok, kosmetik, serta makanan & minuman. Kami terus berkembang dan ingin membangun budaya kerja yang cepat, fokus pada data, dan berorientasi pada perbaikan berkelanjutan. 
 
 Untuk mendukung pengambilan keputusan yang lebih berbasis data, kami membuka posisi Analis Bisnis & Data. 
 Tanggung Jawab 
 
 Mengolah dan menganalisis data bisnis menggunakan Microsoft Excel 
 Membuat dashboard, laporan, dan analisis data untuk membantu manajemen dalam pengambilan keputusan 
 Menganalisis kinerja penjualan, margin produk, dan profitabilitas pelanggan 
 Membantu mengidentifikasi peluang efisiensi operasional dan peningkatan performa 
 Mengubah data menjadi insight yang jelas dan actionable 
 Bekerja sama dengan tim sales, produksi, dan HR untuk memahami kebutuhan data 
 
 Kualifikasi 
 
 Memiliki kemampuan berpikir logis dan analitis yang kuat 
 Mahir menggunakan Microsoft Excel (Pivot Table, formula, data analysis) 
 Teliti, sistematis, dan nyaman bekerja dengan angka dan data 
 Mampu menjelaskan hasil analisis secara jelas dan terstruktur 
 Lulusan S1 dari jurusan seperti: Teknik Industri, Statistika, Matematika, Sistem Informasi, Manajemen / Bisnis, atau bidang lain yang relevan 
 Fresh graduate dipersilakan melamar, pengalaman analisis data menjadi nilai tambah 
 
 Nilai Tambah 
 
 Pengalaman membuat dashboard atau laporan analitik 
 Familiar dengan Odoo 
 Pengalaman menganalisis data bisnis atau operasional 
 
 
 Catatan 
 Kandidat akan mengikuti tes singkat Excel dan logika analisis sebagai bagian dari proses seleksi. 
 Lokasi Kerja 
 Surabaya","Prima Print didirikan pada tahun 1996 dan telah berkembang menjadi salah satu perusahaan percetakan terbesar di Surabaya. Kami melayani jasa untuk mencetak dus, buku, brosur, kalendar, voucher, undangan, dll. 
 
 Founded in 1996, Prima Print has been one of the leading offset printing companies in Indonesia. Having gained expertise and experience of printing production throughout the years, Prima Print is renowned for excellent service and high quality printing products at competitive price.","bpjs tenaga kerja insurance and health, career growth, travel, professional development, overtime pay financial benefits, medical coverage",True,https://glints.com/id/opportunities/jobs/analis-bisnis-data/bfbd61af-3ab0-45a8-ac24-9c91a51f72d0,process improvement data analysis microsoft excel
Data Engineer,Information Technology and Services,CONTRACTOR,Data Engineer,2026-03-31T04:13:16.15Z,2026-05-01,PT Sigma Global Teknologi,https://www.sigma-tech.co.id,https://images.glints.com/unsafe/glints-dashboard.oss-ap-southeast-1.aliyuncs.com/company-logo/3aba5816b8ecfbb79a395592af581035.png,"Sona Topas Tower Lt. 12, Jl. Jend. Sudirman, RT.4/RW.2, Kuningan, Kota Jakarta Selatan, Daerah Khusus Ibukota Jakarta 12920",Jakarta Barat,DKI Jakarta,ID,-6.1625,106.7875,8500000.0,9000000.0,IDR,MONTH,"Etl, SQL, SSIS",12.0,bachelor degree,"Experience as ETL Developer min. 3 years 
 Able to WFO at APL Tower 
 Skilled in SSIS","SIGMATECH is the enterprise technology partner of choice for software development, delivering a broad range of web, mobile, and desktop controls coupled with a service-oriented approach throughout the entire application life cycle. 
 SIGMATECH consists of highly skilled developers specializing in agile development methodology, focusing on Mobile & Web Solution, IT Services and business enterprise, utilizing modern programming languages as our platform. SIGMATECH has established itself as the trusted partner for use in mission-critical applications and service clientele from global insurance companies, government agencies and large consumer product manufacturers. 
 Our Vision : 
 To be the most reputable and dependable growth solution partner both for IT Professional Talents and Client's Businesses worldwide 
 Our Mission : 
 To be the most reputable and dependable growth solution partner both for IT Professional Talents and Client's Businesses worldwide 
 To be the most reputable and dependable growth solution partner both for IT Professional Talents and Client's Businesses worldwide","travel, bpjs tenaga kerja insurance and health, work station, medical coverage, thr financial benefits",True,https://glints.com/id/opportunities/jobs/data-engineer/80d89bc7-c378-4afc-b541-ef6366652164,etl sql ssis
Fraud Analyst,Banking,CONTRACTOR,Spesialis Anti Fraud,2026-03-26T08:01:45.945Z,2026-04-26,PT. Nawa Data Solutions,https://nawadata.com,https://images.glints.com/unsafe/glints-dashboard.oss-ap-southeast-1.aliyuncs.com/company-logo/3ebe0b9edaf7cf694ecd779d72af71df.jpg,"APL Tower, Grogol, West Jakarta",Jakarta Barat,DKI Jakarta,ID,-6.1625,106.7875,5000000.0,6000000.0,IDR,MONTH,"Fraud Review, Financial Anti-Fraud, Fraud Analysis, Risk Management",12.0,bachelor degree,"- Minimal lulusan S1 di bidang Akuntansi, Keuangan, Ekonomi, Manajemen, Statistika, Matematika, Sistem Informasi, atau bidang terkait. 
 - Minimal 1 tahun pengalaman di bidang fraud Analyst atau Fraud Investigtor  
 - Memahami prinsip-prinsip manajemen risiko dan deteksi fraud. 
 - Memahami sistem fraud detection dan prevention. 
 Kemampuan dalam menganalisis data transaksi dan mengidentifikasi pola yang mencurigakan. 
 - Bersedia untuk bekerja dengan sistem shifting 24/7 di daerah Jakarta 
 Note : Project Base, bersedia kontrak sampai dengan Juni 2026","NawaData was founded by a group of experienced professional in IT and Banking Industry. PT Nawa Data Solutions, the word ""Nawa"" taken from Sanskrit language, it means 9 (nine). 
 Trusted by: 
 Indonesia’s Top 10 Banks (based on Assets) 
 The Largest Bank in South East Asia 
 Indonesia’s Largest Automotive Financing Company 
 Other National and Multinational Companies","medical coverage, vacation and leaves, thr financial benefits, near public transport work environment and facilities, bpjs tenaga kerja insurance and health",True,https://glints.com/id/opportunities/jobs/fraud-analyst/9173a225-f143-40d9-a3b5-6faaa05f4904,fraud review financial antifraud fraud analysis risk management
Fraud Analyst,Restaurants,FULL_TIME,Spesialis Anti Fraud,2026-03-26T17:27:49.416Z,2026-04-26,Bebek Terminal,https://www.instagram.com/bebekterminal/?hl=en,https://images.glints.com/unsafe/glints-dashboard.oss-ap-southeast-1.aliyuncs.com/company-logo/df89ad0fb93ca61097a7ff1d2c8845a1.jpg,"Ruko Arcadia, Jl. Arcadia Daan Mogot No.50, RT.001/RW.006, Batuceper, Kec. Batuceper, Kota Tangerang, Banten",Tangerang,Banten,ID,-6.16389,106.67917,3000000.0,6000000.0,IDR,MONTH,"Financial Analysis, Compliance, Analytical Skills, Risk Assessment, Fraud Audit, Financial Anti-Fraud, Fraud Review, Fraud Analysis, Administration, Accounting, Risk Management, Security Audit, Communication, Teamwork",36.0,high school,"Bebek Terminal adalah restoran bebek yang terkenal dengan s yang harum dan mengkilap menggoda. Dengan cita rasa unik ini, kami terus berusaha mempertahankan reputasi sebagai tempat makan favorit di kota ini. Oleh karena itu, kami mencari individu yang memiliki dedikasi tinggi untuk bekerja di tim kami, termasuk seorang Anti Fraud Specialist daninkan Anda untuk berkontribusi pada lingkungan kerja yang positif tetapi juga memberikan kesempatan bagi Anda untuk belajar dari profesional yang sudah berpengalaman di bidang anti kecurangan dan risiko. 
 
 Sebagai Anti Fraud Specialist dan Fraud Analyst, Anda akan bertanggung jawab atas pengawasan dan pencegahan kecurangan serta risiko yang mungkin terjadi di perusahaan. Tugas-tugas utama Anda meliputi melakukan audit keuangan untuk mendeteksi potensi kecurangan, melakukan evaluasi riskerja sama dengan tim dalam proses bisnis, serta memahami dan mengevaluasi laporan keuangan secara mendalam. Anda juga akan bertanggung jawab untuk menjaga kepatuhan terhadap regulasi terkait keuangan dan mengembangkan strategi untuk mencegah kecurangan di masa depan. 
 
 Untuk posisi ini, kami mencari kandidat yang memiliki pendidikan minimal SMP dan pengalaman kerja antara 3 hingga 5 tahun di bidang anti kecurangan dan risiko. Kandidat yang ideal harus memiliki kemampuan dalam melakukan audit keuangan, mengevaluasi risiko, bekerja dalam tim, menganalisis data keuangan, menganalisis kecurangan finansial, memeriksa ke risiko, administrasi, dan audit keamanan. Kami percaya bahwa keterampilan ini akan membantu",Restoran bebek yg enak yaitu harum dan mengkilat menggoda! Sambel Uleg khas Lampung.,"perform bonus financial benefits, sales commission financial benefits, bpjs tenaga kerja insurance and health, thr financial benefits, career growth, medical coverage",True,https://glints.com/id/opportunities/jobs/fraud-analyst/b651e859-e17a-4309-a566-0e064fced0a5,financial analysis compliance analytical skills risk assessment fraud audit financial antifraud fraud review fraud analysis administration accounting risk management security audit communication teamwork
DATA & SYSTEM DEVELOPMENT,Retail,FULL_TIME,Data Development,2026-03-31T04:36:38.499Z,2026-05-01,Nusantara Sakti Group,https://www.nusantara-sakti.com,https://images.glints.com/unsafe/glints-dashboard.oss-ap-southeast-1.aliyuncs.com/company-logo/b4b6d4378e7834800bf5395c8685ce8d.jpg,"Gedung The Victoria Lantai 5-6 Jl. Tomang Raya Kav. 35-37, RT.12/RW.5, Tomang, Kec. Grogol petamburan, Kota Jakarta Barat, Daerah Khusus Ibukota Jakarta 11440",Jakarta Barat,DKI Jakarta,ID,-6.19167,106.79444,5500000.0,6500000.0,IDR,MONTH,"JavaScript, Microsoft Excel, Data Processing, Data Pipeline, Data Integration, Code Review, Data analysis, Big Data Development, Microsoft SQL Server",12.0,bachelor degree,"KUALIFIKASI: 
 
 Pendidikan minimal S1 semua jurusan, diutamakan yang memiliki ketertarikan pada bidang data dan sistem. 
 Memiliki pengalaman kerja 2–3 tahun dalam pengelolaan data operasional atau pengembangan sistem. 
 Mahir menggunakan Microsoft Excel (VLOOKUP, Pivot Table, Macro) serta mampu mengelola database seperti SQL atau MS Access. 
 Memahami dasar-dasar coding/scripting (Python, R, atau JavaScript) untuk mendukung otomatisasi sistem data entry. 
 Paham dalam pembuatan dashboard interaktif menggunakan tools seperti Power BI, Google Data Studio, atau Excel Dashboard. 
 Teliti, analitis, dan memiliki kemampuan problem solving yang baik. 
 Mampu menganalisis data dan menghasilkan insight yang akurat untuk pengambilan keputusan. 
 
 TANGGUNG JAWAB: 
 
 Mengelola dan memelihara database karyawan untuk memastikan keakuratan dan konsistensi data. 
 Mengembangkan, memperbarui, dan mengotomatiskan laporan  menggunakan Excel atau tools data lainnya. 
 Membangun dan memelihara sistem berbasis kode untuk meningkatkan efisiensi proses  
 Mengintegrasikan data  dengan sistem lain untuk memastikan alur data yang lancar dan akurat. 
 Menganalisis data karyawan untuk menghasilkan insight yang mendukung pengambilan keputusan strategis. 
 Memastikan keamanan dan kerahasiaan data karyawan sesuai dengan regulasi yang berlaku. 
 Berkoordinasi dengan tim IT untuk memperbaiki bug dan meningkatkan performa sistem. 
 Membuat dokumentasi teknis untuk proses dan sistem yang dikembangkan. 
 Memberikan pelatihan kepada tim HR terkait penggunaan sistem dan analisis data.","Nusantara Sakti Group adalah perusahaan yang bergerak di berbagai unit usaha. 
 Beberapa unit usahanya ialah : 
 
 Dealer Resmi Sepeda Motor Honda 
 Bengkel Resmi Sepeda Motor Honda (AHASS) 
 Pembiayaan Multiguna Motor (M2W) 
 Pembiayaan Multiguna Mobil (M4W) & Mortgage 
 Jasa Pengiriman dan Ekspedisi 
 Distibutor (Honda Genuine Parts, Honda Genuine Oil, Indoparts, Federal Oil, Pertamina Oil) 
 Property 
 Ivaro Furniture","medical coverage, career growth, thr financial benefits, near public transport work environment and facilities",True,https://glints.com/id/opportunities/jobs/data-&-system-development/79565ab2-3cff-4981-b7e4-160eefafaeb7,javascript microsoft excel data processing data pipeline data integration code review data analysis big data development microsoft sql server
Technical Analyst,Information Technology and Services,FULL_TIME,Technical Support Engineer,2026-03-30T07:41:51.046Z,2026-04-30,PT. Mindo Small Business Solutions,https://mindosolutions.com/en,https://images.glints.com/unsafe/glints-dashboard.oss-ap-southeast-1.aliyuncs.com/company-logo/e8c6dfdad8a08e1accd28313df8fe0df.jpg,"Jl. Kolonel Sugiyono No.77 C, Wirogunan, Kec. Mergangsan, Kota Yogyakarta, Daerah Istimewa Yogyakarta 55151",Yogyakarta,DI Yogyakarta,ID,-7.8125,110.37278,3500000.0,5000000.0,IDR,MONTH,"Time Management, Communication Skills, Problem Solving, English Language, Teamwork, API Development",12.0,bachelor degree,"Are you someone who enjoys solving problems and making things run smoothly behind the scenes? We’re looking for a  Technical Analyst  to join our team and support a dynamic client in the vacation rental industry. In this role, you will help investigate technical and data-related issues, support users, and ensure pricing accuracy and synchronization across connected platforms. The responsibilities below outline the core focus areas of this role. 
 We offer a  hybrid working arrangement , combining remote flexibility with in-office collaboration to help you stay productive while staying connected with the team. 
 
 What You'll Be Doing 
 1. Handling Technical Issues (Reactive) 
 Investigate technical and data-related issues reported by users or internal teams. You will analyze problems, replicate scenarios, identify root causes, and propose clear solutions or requirements to support implementation by the development or related teams. 
 2. Ensuring Pricing Accuracy & System Alignment 
 Work closely with data and integration processes to ensure pricing, fees, taxes, and related information remain accurate and consistently synchronized across connected systems and partners. You will help investigate discrepancies, validate data flows, and support corrective actions when needed. 
 3. Proactive Monitoring & Improvement 
 Regularly review system behavior and data patterns to identify potential inconsistencies or areas for improvement. You will highlight findings and suggest preventive steps to improve reliability and data quality. 
 4. Documentation 
 Document your findings, processes, and resolutions clearly to support knowledge sharing and reduce recurring issues. 
 5. Team Collaboration 
 Collaborate with cross-functional teams to validate solutions, clarify requirements, and resolve issues in a structured and timely manner. 
 
 What You Bring 
 -  A Curious and Analytical Mind  - You enjoy understanding how systems work and figuring out why something behaves a certain way. 
 -  Clear Communication (English & Bahasa Indonesia)  - You can explain technical topics in a clear and structured way, both verbally and in writing. 
 -  Technical Skills  - Experience with SQL, APIs, and Google Workspace is required. Familiarity with Python, PHP, or AWS is a plus. 
 -  Team-Oriented Attitude  - You are comfortable working with others and sharing information openly. 
 -  Organized Working Style  - You keep track of your work and maintain clear documentation. 
 
 Your Background 
 1. A degree in Computer Science, Information Technology, Engineering, or a related technical field. 
 2. At least 1 year of experience in tech support, software development, QA/testing, SaaS, or a similar environment. 
 3. A willingness to learn, take initiative, and grow in a structured technical role.","Mindo is a fast growing business consultancy company based in Yogyakarta, Indonesia. Mindo serves clients from all over the world with a wealth of experience in web development, IT consultancy, Server Maintenance, APP Development, API Development, CRM Systems, QA Services, Data Entry, Billing / Accounting and Customer Service.","medical coverage, career growth, team building events, work station, bpjs tenaga kerja insurance and health, vacation and leaves",True,https://glints.com/id/opportunities/jobs/technical-analyst/e94dcd99-5bf7-433e-a4ae-49cfc6b6876d,time management communication skills problem solving english language teamwork api development
BI Engineer - Data Dev,Information Technology and Services,CONTRACTOR,Data Analyst,2026-03-05T09:43:38.086Z,2026-05-05,PT Sigma Global Teknologi,https://www.sigma-tech.co.id,https://images.glints.com/unsafe/glints-dashboard.oss-ap-southeast-1.aliyuncs.com/company-logo/3aba5816b8ecfbb79a395592af581035.png,"Sona Topas Tower Lt. 12, Jl. Jend. Sudirman, RT.4/RW.2, Kuningan, Kota Jakarta Selatan, Daerah Khusus Ibukota Jakarta 12920",Jakarta Utara,DKI Jakarta,ID,-6.16111,106.90417,10000000.0,10500000.0,IDR,MONTH,"Google Cloud Platform, Power BI, Big Data Development, SQL",36.0,bachelor degree,"Qualification : 
 1. Min S1 (Min GPA 3.00) 
 2. Technical Skill: 
 a. Experience in using Power BI 
 b. Solid knowledge and understanding of Transact-SQL Basic -> Query language (Select, From, Where Group 
 by, Having), Join, Basic Logic (case, when) 
 c. Familiar with GCP and Big Data 
 d. Create simple technical doc 
 e. Attention to detail: Accuracy in ensuring data validity between sources (databases) and reports 
 (dashboards). 
 f. High analytical and problem-solving skills 
 3. Interpersonal and Communication skills 
 a. Excellent interpersonal (verbal and written) communication skills are required to support working in 
 project environments that include internal team. 
 b. Hardworking and having multitasking capability","SIGMATECH is the enterprise technology partner of choice for software development, delivering a broad range of web, mobile, and desktop controls coupled with a service-oriented approach throughout the entire application life cycle. 
 SIGMATECH consists of highly skilled developers specializing in agile development methodology, focusing on Mobile & Web Solution, IT Services and business enterprise, utilizing modern programming languages as our platform. SIGMATECH has established itself as the trusted partner for use in mission-critical applications and service clientele from global insurance companies, government agencies and large consumer product manufacturers. 
 Our Vision : 
 To be the most reputable and dependable growth solution partner both for IT Professional Talents and Client's Businesses worldwide 
 Our Mission : 
 To be the most reputable and dependable growth solution partner both for IT Professional Talents and Client's Businesses worldwide 
 To be the most reputable and dependable growth solution partner both for IT Professional Talents and Client's Businesses worldwide","medical coverage, near public transport work environment and facilities, thr financial benefits, bpjs tenaga kerja insurance and health, meal allowance financial benefits, career growth",True,https://glints.com/id/opportunities/jobs/bi-engineer---data-dev/6c8ae8fe-0dad-4565-b01e-e2cdffaccb5f,google cloud platform power bi big data development sql
Data Analist,Manufacturing,CONTRACTOR,Data Analyst,2026-04-06T07:16:50.593Z,2026-05-07,BEST INDONESIAN GIFT,http://www.bestindonesiangift.com,https://images.glints.com/unsafe/glints-dashboard.oss-ap-southeast-1.aliyuncs.com/company-logo/e2034230c3acdb260c465ebb693c62b3.png,"Jl. Sang Hyang, Perum Loka Cica No.01 Abianbase Kec Mengwi Kabupataen Badung Bali 80351",Badung,Bali,ID,-8.56361,115.17889,4000000.0,5000000.0,IDR,MONTH,"Microsoft SQL Server, Data Analysis, Microsoft Excel, Data Visualization, SQL, Power BI, Python",12.0,bachelor degree,"Menyediakan dan menganalisis data penjualan untuk mengidentifikasi trend 
 Memantau KPI (seperti target vs realisasi); 
 Memberikan rekomendasi strategis guna meningkatkan performa penjualan; 
 Supporting team sales untuk mengolah data penjualan historis dan riil menjadi insight strategis untuk meningkatkan efektivitas penjualan; 
 Mengoptimalkan penjualan; 
 Membantu manajemen mengambil keputusan berbasis data.","#1st in Indonesia 
 Pioner Souvenir & Gift pertama di Indonesia sejak tahun 2014 yang fokus pada pariwisata lokal.  
 
 Easy to Customize 
 Menghadirkan beragam souvenir & gift khas, unik dan berkualitas di seluruh destinasi wisata Indonesia. 
 
 Creativity & Innovation 
 Souvenir & gift berkualitas yang dibuat dengan bahan terbaik, teknologi terkini standarisasi 4.0, dan tahan lama. 
 Tujuan utama kami adalah mendukung pariwisata Indonesia agar menjadi lebih baik dengan produk suvenir yang kompetitif di pasar global. Kami juga telah memulai ekspor produk-produk kami ke Republik Maladewa atau Maldives.","thr financial benefits, medical coverage, vacation and leaves, career growth, professional development, team building events, meal allowance financial benefits, travel, gifts and vouchers, bpjs tenaga kerja insurance and health",True,https://glints.com/id/opportunities/jobs/data-analist/64193277-4842-45da-a6b9-ccca7a0c32ee,microsoft sql server data analysis microsoft excel data visualization sql power bi python
DATA ANALSYT,Market Research,FULL_TIME,Data Analyst,2026-02-12T10:07:00.439Z,2026-04-16,PT Info Cahaya Hero,http://www.frontier.co.id,https://images.glints.com/unsafe/glints-dashboard.oss-ap-southeast-1.aliyuncs.com/company-logo/71a50a8910c0a8c4345fc392bed0ccaf.png,"Gading Bukit Indah Blok M 15, Jl. Bukit Gading Raya ,   Kel. Kelapa Gading Barat, Kec. Kelapa Gading, Jakarta Utara   14240",Surakarta,Jawa Tengah,ID,-7.54722,110.81722,2500000.0,3500000.0,IDR,MONTH,"stata, Python, IBM SPSS, Tableau, Statistics, R Programming, Microsoft SQL Server, Data Analysis, Minitab, Xlsx, Json, Csv, Html, Power BI, SQL",12.0,bachelor degree,"Pendidikan Minimal S1 (Jurusan apapun) 
 Mahir menggunakan Microsoft Office; Familiar dengan format data (xlsx, json, csv, html); 
 Menguasai bahasa R dan tools statistika pengolahan data (SPSS/ Stata/ Minitab/ yang lainnya); 
 Memahami konsep database dan menguasai SQL; 
 Mahir menggunakan tools visualisasi (seperti Power BI / Tableau) menjadi nilai tambah; 
 Bisa bekerja dengan tim maupun individu; 
 Sertakan minimal 2 portofolio projek yang pernah dikerjakan. 
 Rutin olah raga dan minum vitamin 
 Bersedia bekerja di Solo","For the last 15 years, Frontier has been working with counties well known corporations arround the globe.With the experience obtained trough out the years.Frontier has become an expert in its field.As our clients grow, we also grow with them.Some of the industries where we have had experience are : Automotive, Banking,Building,Materials,Consumer Goods, Furniture, sGadget,Heavy Equipments,Insurance,Jewelry,Leasing,Pharmacetical, Telecommunications, and Many more. Our Team   The most important asset of Frontier is people.Frontier consists of expert professionals in their field.Our passionate teams maintain the utmost integrity in project completion, in order to deliver customer statisfaction.Problem solving and avercoming challenges has become a ay to day routine.The characters of our team are: 
 
 Passionate  :  Great enthuasiasm in project completion according to standardts and time frame 
 Flexible : High degree of flexibilty allows us to be adaptable to change ,and cope with external and internal environment 
 Confident  : With the amount of experience and knowledge we have ,we are confident in delivering the best service to our clients 
 Creative : We always try to analyze and improve our approach in order to be innovative 
 Competitive : We relentlessly develop our competencies to be the best in our field trough delivering the best solution to our clients 
 Sharing : The world always evolving and so are we, to stay a head we are always eager to learn and also share our knowledge 
 Emphatic : As a company ,we try to put ourselves in the position on our clients in order to understand better their wants and needs.through the understanding excellence beyond expectation is possible 
 Resllient : In our line of work ,we always have deadlines and sometimes things do not go as smoothly as it should.Even under such pressure ,our team still managed to finish the job on time.","sales commission financial benefits, career growth, medical coverage, travel, meal allowance financial benefits, professional development, thr financial benefits, bpjs tenaga kerja insurance and health, team building events",True,https://glints.com/id/opportunities/jobs/data-analsyt/44d78e6e-5865-4a4b-a02a-9cb18253097a,stata python ibm spss tableau statistics r programming microsoft sql server data analysis minitab xlsx json csv html power bi sql
AHASS Performance Analyst,Retail,FULL_TIME,Data Analyst,2026-03-12T04:43:49.932Z,2026-04-12,PT Patria Anugrah Sentosa,http://patriagroup.id,https://images.glints.com/unsafe/glints-dashboard.oss-ap-southeast-1.aliyuncs.com/company-logo/f28676362bee65f5a423d69b93d8ae4a.png,"Ruko Thematic Paramount Market Place, Gading Serpong Blok N/17 Jl. CBD Gading Serpong Selatan, Tangerang 15810",Tangerang,Banten,ID,-6.2375,106.60833,4000000.0,5000000.0,IDR,MONTH,"Data Analysis, Data Visualization, Statistics, Microsoft Excel",12.0,professional certificate,"PT Patria Anugrah Sentosa membuka kesempatan bagi kandidat yang memiliki kemampuan analisa data dan ketertarikan pada operasional bengkel AHASS untuk bergabung sebagai AHASS Performance Analyst di Head Office. 
 
 Tanggung Jawab Pekerjaan 
 
 Melakukan monitoring dan analisa performa operasional AHASS di seluruh cabang. 
 Mengolah dan menganalisa data service seperti jumlah unit masuk, produktivitas mekanik, dan performa layanan. 
 Menyusun laporan performa AHASS secara berkala untuk manajemen. 
 Mengidentifikasi peluang peningkatan kinerja bengkel berdasarkan data yang tersedia. 
 Membantu melakukan evaluasi pencapaian target service di masing-masing cabang. 
 Berkoordinasi dengan tim cabang terkait data operasional dan laporan service. 
 Membuat dashboard atau laporan analisa menggunakan Microsoft Excel atau tools lainnya. 
 Memberikan rekomendasi perbaikan untuk meningkatkan efisiensi operasional AHASS. 
 
 
 Kualifikasi 
 
 Pendidikan minimal S1 (Manajemen, Teknik Industri, Statistika, Sistem Informasi, atau jurusan terkait). 
 Memiliki kemampuan analisa data yang baik. 
 Menguasai Microsoft Excel (Pivot Table, VLOOKUP/XLOOKUP, data analysis). 
 Terbiasa bekerja dengan data laporan dan angka. 
 Memiliki kemampuan komunikasi dan koordinasi yang baik. 
 Teliti, detail, dan memiliki kemampuan problem solving. 
 Pengalaman di bidang otomotif / dealer / AHASS menjadi nilai tambah.","Group of Authorized Dealer Honda Motorcycle Company in Palembang, Jambi, Bengkulu region.","bpjs tenaga kerja insurance and health, career growth, medical coverage, thr financial benefits",True,https://glints.com/id/opportunities/jobs/ahass-performance-analyst/ae8e901d-7f22-4b7e-8ec7-01803fbc87f5,data analysis data visualization statistics microsoft excel
CX Business Process Analyst SPV,Retail,CONTRACTOR,Business Analyst,2026-02-23T04:40:50.421Z,2026-04-25,Nusantara Sakti Group,https://www.nusantara-sakti.com,https://images.glints.com/unsafe/glints-dashboard.oss-ap-southeast-1.aliyuncs.com/company-logo/b4b6d4378e7834800bf5395c8685ce8d.jpg,"Gedung The Victoria Lantai 5-6 Jl. Tomang Raya Kav. 35-37, RT.12/RW.5, Tomang, Kec. Grogol petamburan, Kota Jakarta Barat, Daerah Khusus Ibukota Jakarta 11440",Jakarta Barat,DKI Jakarta,ID,-6.19167,106.79444,6000000.0,8500000.0,IDR,MONTH,"Customer Relationship Management, Microsoft Excel, Data Analysis, Problem Solving, Communication Skills",12.0,bachelor degree,"Tanggung Jawab: 
 
 Mengelola dan menganalisis data Customer Experience (keluhan, feedback, rating, SLA, NPS/CSAT) sebagai dasar perbaikan layanan. 
 Melakukan monitoring dan follow up ke divisi terkait temuan data, keluhan pelanggan, dan improvement action. 
 Menyusun laporan rutin (harian/mingguan/bulanan) terkait performa layanan cabang dan customer experience. 
 Berkoordinasi dengan tim cabang dan tim internal terkait untuk memastikan tindak lanjut berjalan sesuai target. 
 Mengidentifikasi tren, pola masalah, dan potensi risiko dari data customer experience. 
 Memastikan implementasi standar layanan dan SOP customer experience di seluruh cabang. 
 Menjadi penghubung antar data kebutuhan operasional cabang. 
 Memberikan rekomendasi perbaikan layanan berbasis data kepada atasan/divisi terkait. 
 
 
 Kualifikasi: 
 
 Pendidikan minimal S1 (diutamakan Statistika, Manajemen, Sistem Informasi, Bisnis, atau bidang relevan). 
 Terbiasa dalam menghadle tim dalam skala besar. 
 Memiliki kemampuan olah dan analisis data yang baik 
 Terbiasa membuat laporan dan menarik insight dari data untuk kebutuhan follow up operasional. 
 Memiliki kemampuan komunikasi yang baik untuk koordinasi dan follow up dengan cabang. 
 Mampu bekerja lintas divisi dan memahami alur operasional cabang.","Nusantara Sakti Group adalah perusahaan yang bergerak di berbagai unit usaha. 
 Beberapa unit usahanya ialah : 
 
 Dealer Resmi Sepeda Motor Honda 
 Bengkel Resmi Sepeda Motor Honda (AHASS) 
 Pembiayaan Multiguna Motor (M2W) 
 Pembiayaan Multiguna Mobil (M4W) & Mortgage 
 Jasa Pengiriman dan Ekspedisi 
 Distibutor (Honda Genuine Parts, Honda Genuine Oil, Indoparts, Federal Oil, Pertamina Oil) 
 Property 
 Ivaro Furniture","thr financial benefits, yearly bonus financial benefits, work station, career growth, professional development, medical coverage",True,https://glints.com/id/opportunities/jobs/cx-business-process-analyst-spv/852b3b6f-82f2-4935-9828-f4c796f1168d,customer relationship management microsoft excel data analysis problem solving communication skills
IT Business Process Analyst,Human Resources,FULL_TIME,Business Analyst,2026-02-14T08:51:37.901Z,2026-05-05,ADI Consulting,https://www.adiresourcing.com/,https://images.glints.com/unsafe/glints-dashboard.oss-ap-southeast-1.aliyuncs.com/company-logo/8773f53973678324a073d2f9b6b993f6.png,"Dutamas Fatmawati B2.10, Jl. Fatmawati No.39, RT.1/RW.5, Cipete Utara, Kec. Kby. Baru, Kota Jakarta Selatan, Daerah Khusus Ibukota Jakarta 12150",Tangerang Selatan,Banten,ID,-6.30694,106.67917,9000000.0,12000000.0,IDR,MONTH,"Integration Analyst, Business Analysis, Gtm, GA4, SQL, Requirements Analysis",36.0,bachelor degree,"Talent Placement Consulting Indonesia  is a sister company of aDI Group. We're engaged in Headhunting and IT Outsourcing with a focus on the ASEAN region. Our head office is located in Bangkok, Thailand, and we have a representative office in Indonesia located in South Tangerang. Currently, we work with various clients from a wide range of industries.  
 Currently, we're seeking talented professionals to support our client projects. This role is dedicated to fulfilling our clients’ business needs on a  3-6 three-six month contract basis , with the possibility of extension and this opportunity willing to  Onsite (WFO) North Jakarta  with our clients requirements below. 
 
 Job Requirements for  IT Business Process Analyst  are: 
 
 Education: Minimal S1 Ilmu Komputer, Teknik Informatika, Sistem Informasi, Teknik Industri  
 Experience:  Minimal 3 Tahun pengalaman kerja Sebagai IT Business Analyst, Requirement Analyst, Product Manager  untuk customer Apps, Website Ecommerce / marketplace  
 Skill: Utama Business Process analysis, integration analysis, query SQL. Additional skills Big Query, GTM, GA 4.  
 Others: Critical Thinking, Analytical thinking, komunikasi, presentasi, clear create documentation.","ADI Group is one of the leading IT Staffing, recruitment and consulting agency in Southeast Asia. ADI leverages over 15 years of experience and 1,000+ passionate professionals with extensive expertise, in order to best serve our clients needs.","bpjs tenaga kerja insurance and health, overtime pay financial benefits, vacation and leaves, thr financial benefits, medical coverage, work station",True,https://glints.com/id/opportunities/jobs/it-business-process-analyst/b2d53d80-0af2-4b9d-89fa-a08e5e5b49c9,integration analyst business analysis gtm ga sql requirements analysis
IT Security Analyst (Banking Industry),Information Technology and Services,CONTRACTOR,Cybersecurity,2026-02-24T07:55:31.978Z,2026-04-26,PT Sigma Global Teknologi,https://www.sigma-tech.co.id,https://images.glints.com/unsafe/glints-dashboard.oss-ap-southeast-1.aliyuncs.com/company-logo/3aba5816b8ecfbb79a395592af581035.png,"Sona Topas Tower Lt. 12, Jl. Jend. Sudirman, RT.4/RW.2, Kuningan, Kota Jakarta Selatan, Daerah Khusus Ibukota Jakarta 12920",Jakarta Selatan,DKI Jakarta,ID,-6.21944,106.82917,10000000.0,11500000.0,IDR,MONTH,"Penetration Testing, Iso 27001, Network Security, Security Analyst, Amazon Web Services (AWS), Microsoft SQL Server, Vulnerability Assessment",36.0,bachelor degree,"Placement: Banking Industry 
 Status: Contract under Sigmatech 
 Working arrangement: WFO (South Jakarta) 
 
 
 Requirement:  
 
 Memiliki pengalaman 2-3 tahun sebagai Security Analyst 
 Memiliki pengalaman dengan Security Requirement terkait dengan Mobile Banking, Internet Banking, Internet Banking Bisnis 
 Memiliki pengalaman dengan aktivitas Penetration Testing, Vunerability Assessment terkait E-Channel (MB, IB, IBB, ATM, CMS, EDC, etc) dan memahami berbagai jenis temuan dan standard mitigasinya. 
 Paham terkait berbagai macam security layer seperti Root and Jailbreak Detection, SSL Pinning, Code Obfuscation, Emulator Detection, Encryption, API dan Secret Key, Auth Token, 2FA, credential, HSM, code signing, Payload signing , payload encryption, rate limiter etc 
 Paham IT security standards such as ISO 27001, NIST, CIS Benchmark, atau internal IT security policies 
 Paham terkait Project Management, SDLC dan pengalaman menjalankan project terkait security 
 Memiliki pengalaman dengan Fraud Detection System 
 Update terhadap tren Cyber Security modus 
 
 
 Scope of work: 
 
 Pelaksanaan Project di E-Channel terkait aplikasi (MB, IB, IBB, ATM, CMS, EDC, etc) khususnya pada part terkait Security pada tahap BRD, FSD, Development, SIT, UAT, Penetration Test, Vurnerability Assessment s/d Go Live 
 Aktivitas Annual Pentest rutin di E-Channel bersama dengan IT Security dan vendor pentest 
 Aktivitas terkait Audit, Review, Regulatory untuk aspek2 security di E-Channel bekerjasama dengan IT Security 
 Analisa case Fraud, anomali FDS dsb bekerjasama dengan AFM dan IT Security 
 Review/ assessment terhadap new requirement terkait secuirty policies baik dari Appstore/ playstore, Audit, QA, OJK, BI, Regulatory lainnya 
 Threat Monitoring, monitor terhadap threat2 yang masuk baik dari SLA Report, tools monitoring security lainnya 
 Support terhadap seluruh aktivitas / kebutuhan IT Security yang terkait dengan E-Channel 
 Melakukan dokumentasi yang dibutuhkan terkait kebutuhan sertifikasi seperti ISO ataupun Assessment lainnya 
 Melakukan review terhadap hasil source code review dari vendor 
 Handle issue production dan analisa hubungannya terkait dengan security [jika ada] 
 Monitoring terhadap update dari security library dan tindak lanjut untuk project impelementasinya","SIGMATECH is the enterprise technology partner of choice for software development, delivering a broad range of web, mobile, and desktop controls coupled with a service-oriented approach throughout the entire application life cycle. 
 SIGMATECH consists of highly skilled developers specializing in agile development methodology, focusing on Mobile & Web Solution, IT Services and business enterprise, utilizing modern programming languages as our platform. SIGMATECH has established itself as the trusted partner for use in mission-critical applications and service clientele from global insurance companies, government agencies and large consumer product manufacturers. 
 Our Vision : 
 To be the most reputable and dependable growth solution partner both for IT Professional Talents and Client's Businesses worldwide 
 Our Mission : 
 To be the most reputable and dependable growth solution partner both for IT Professional Talents and Client's Businesses worldwide 
 To be the most reputable and dependable growth solution partner both for IT Professional Talents and Client's Businesses worldwide","bpjs tenaga kerja insurance and health, work station, medical coverage, thr financial benefits, travel",True,https://glints.com/id/opportunities/jobs/it-security-analyst-(banking-industry)/021dbf0a-a6bc-492c-9cd5-863e99df2c8a,penetration testing iso network security security analyst amazon web services aws microsoft sql server vulnerability assessment
IT Functional Analyst,Distributor,FULL_TIME,Business Analyst,2026-04-06T07:50:28.758Z,2026-05-07,PT. Sumber Setamurni,http://www.sumbersetamurni.com,https://images.glints.com/unsafe/glints-dashboard.oss-ap-southeast-1.aliyuncs.com/company-logo/580059b60877fd0eded2980eb923e31d.jpg,"Jl. Pulau Sulawesi No.7 KIM I, MABAR, Kec. Medan Deli, Kota Medan, Sumatera Utara 20244",Medan,Sumatera Utara,ID,3.66056,98.67528,6500000.0,8000000.0,IDR,MONTH,"Data Analysis, Project Management, SQL, Business Analysis",12.0,bachelor degree,"IT Functional – Senior Staff 
 
 Deskripsi Pekerjaan: 
 * Melakukan analisa serta menindak lanjuti masalah program berdasarkan laporan user 
 * Memberikan rekomendasi perbaikan & pengembangan sistem kepada Tim Developer 
 * Menyusun dokumentasi teknis: Flowchart, FSD, User Manual 
 * Melakukan testing, implementasi, dan memberikan training penggunaan system 
 * Membantu menangani troubleshooting divisi Finance dan Sales 
 * Membantu pelatihan user terkait 
 
 Kualifikasi: 
 * S1 Teknik Informatika / Sistem Informasi / atau jurusan terkait 
 * Pengalaman minimal 3 tahun sebagai IT Functional / Business Analyst 
 * Memahami proses bisnis Finance dan Sales 
 * Menguasai Excel & database SQL Server 
 * Pengalaman / pengetahuan Machine Learning & AI menjadi nilai tambah 
 * Komunikatif, mampu memahami kebutuhan user, dan berpikir analitis 
 * Bersedia bekerja Senin–Sabtu 
 * Dapat bergabung secepatnya (penempatan Medan)","PT Sumber Setamurni (SSM) didirikan pada tahun 1995 di Kawasan Industri Medan (KIM) 1, Medan, sebagai distributor yang awalnya fokus pada bidang metal (baja). Seiring dengan pertumbuhan dan perkembangan industri konstruksi, SSM terus memperluas jangkauan produk dan layanannya untuk mencakup berbagai kebutuhan material bangunan lainnya.","thr financial benefits, career growth, travel, perform bonus financial benefits, meal allowance financial benefits, bpjs tenaga kerja insurance and health, medical coverage",True,https://glints.com/id/opportunities/jobs/it-functional-analyst/cbcc0016-178e-4904-8a01-f94e4bbbe368,data analysis project management sql business analysis
IT Business Analyst (Japanese Speaker),Information Technology and Services,FULL_TIME,Business Analyst,2026-04-01T09:40:08.858Z,2026-05-02,Nurosoft Consulting (PT Nuroho Software Consulting),https://nurosoft.id,https://images.glints.com/unsafe/glints-dashboard.oss-ap-southeast-1.aliyuncs.com/company-logo/4996355fe5a6d3a9f7f2ebc3b485fb0e.png,C-814,Surabaya,Jawa Timur,ID,-7.32611,112.73694,5500000.0,7500000.0,IDR,MONTH,"Requirements Analysis, Project Management, Data Analysis, Japanese Language, Application System Management, Process Improvement, Business Analysis",12.0,professional certificate,"Description 
 Work as a part of our Functional Consultant team in charge of ERP implementation projects for Japanese companies in Indonesia. 
 
 Responsibilities 
 •⁠  ⁠Analyze customer business needs, write specifications, and suggest solutions. 
 •⁠  ⁠Communicate requirements to team of developers and oversee development. 
 •⁠  ⁠Constantly communicate project and on-going tasks to customers. 
 •⁠  ⁠Organize and follow-up on implementations. 
 •⁠  ⁠Participate in project planning, estimation, and project management activities to ensure successful delivery of implementations. 
 •⁠  ⁠Write test cases and check the development. 
 •⁠  ⁠Do API testing, Automated testing, and database dummy based on requirement/test plan 
 •⁠  ⁠Provide customer maintenance services in accordance with applicable SLAs. 
   
 Must Have 
 •⁠  ⁠Fluency in Japanese (Speaking, Writing, & Listening) 
 •⁠  ⁠At least 1 year of professional experiences 
 •⁠  ⁠Have an excellent understanding of business processes. 
 •⁠  ⁠Great planning and communication skills. 
 •⁠  ⁠Ability to learn fast and execute accordingly. 
 
 Nice To Have 
 •⁠  ⁠Fluent in English (Speaking, Writing, & Listening) 
 •⁠  ⁠Bachelor's degree in Japanese language, accounting or Equivalent. 
 •⁠  ⁠Previous experience as PPIC or in ERP implementation is a plus","Who we are 
 Nurosoft is Indonesia's leading mobile apps & Odoo ERP development agency. We have served clients from various industries, like financial technology, e-commerce, retail, manufacturing, and more. With more than 6 years of experience supporting 30+ clients across the globe, you can trust Nurosoft to deliver projects with excellence. 
 
 Certified Odoo Gold Partner 
 Digital Ocean Partner 
 Talenta Partner","bpjs tenaga kerja insurance and health, work station, career growth, sick leave leave and flexibility",True,https://glints.com/id/opportunities/jobs/it-business-analyst-(japanese-speaker)/11dcdf0c-9795-4b06-928a-b25364169867,requirements analysis project management data analysis japanese language application system management process improvement business analysis
DATA ENGINEER,Market Research,FULL_TIME,Data Engineer,2026-04-06T09:12:42.312Z,2026-05-07,PT Info Cahaya Hero,http://www.frontier.co.id,https://images.glints.com/unsafe/glints-dashboard.oss-ap-southeast-1.aliyuncs.com/company-logo/71a50a8910c0a8c4345fc392bed0ccaf.png,"Gading Bukit Indah Blok M 15, Jl. Bukit Gading Raya ,   Kel. Kelapa Gading Barat, Kec. Kelapa Gading, Jakarta Utara   14240",Surakarta,Jawa Tengah,ID,-7.54722,110.81722,2800000.0,3800000.0,IDR,MONTH,"GIT, Data Processing, Data Engineering, CSV, Microsoft SQL Server, Tableau, Power BI, Object-Oriented Programming (OOP), JSON, phyton, HTML, Python, Cloud Computing, Minitab, Database Systems, IBM SPSS, SQL, Data Integration",12.0,bachelor degree,"Pendidikan Minimal S1 (semua Jurusan apapun) 
 Mahir menggunakan Microsoft Office; Familiar dengan format data (xlsx, json, csv, html); 
 Menguasai bahasa R dan tools statistika pengolahan data (SPSS/ Stata/ Minitab/ yang lainnya); 
 Memahami konsep database dan menguasai SQL; 
 Mahir menggunakan tools visualisasi (seperti Power BI / Tableau) menjadi nilai tambah; 
 Bisa bekerja dengan tim maupun individu; 
 Sertakan minimal 2 portofolio projek yang pernah dikerjakan. 
 Rutin olah raga dan minum vitamin 
 bersedia di tempatkan di daerah Solo","For the last 15 years, Frontier has been working with counties well known corporations arround the globe.With the experience obtained trough out the years.Frontier has become an expert in its field.As our clients grow, we also grow with them.Some of the industries where we have had experience are : Automotive, Banking,Building,Materials,Consumer Goods, Furniture, sGadget,Heavy Equipments,Insurance,Jewelry,Leasing,Pharmacetical, Telecommunications, and Many more. Our Team   The most important asset of Frontier is people.Frontier consists of expert professionals in their field.Our passionate teams maintain the utmost integrity in project completion, in order to deliver customer statisfaction.Problem solving and avercoming challenges has become a ay to day routine.The characters of our team are: 
 
 Passionate  :  Great enthuasiasm in project completion according to standardts and time frame 
 Flexible : High degree of flexibilty allows us to be adaptable to change ,and cope with external and internal environment 
 Confident  : With the amount of experience and knowledge we have ,we are confident in delivering the best service to our clients 
 Creative : We always try to analyze and improve our approach in order to be innovative 
 Competitive : We relentlessly develop our competencies to be the best in our field trough delivering the best solution to our clients 
 Sharing : The world always evolving and so are we, to stay a head we are always eager to learn and also share our knowledge 
 Emphatic : As a company ,we try to put ourselves in the position on our clients in order to understand better their wants and needs.through the understanding excellence beyond expectation is possible 
 Resllient : In our line of work ,we always have deadlines and sometimes things do not go as smoothly as it should.Even under such pressure ,our team still managed to finish the job on time.","medical coverage, professional development, career growth, sales commission financial benefits, meal allowance financial benefits, thr financial benefits, team building events, bpjs tenaga kerja insurance and health, travel",True,https://glints.com/id/opportunities/jobs/data-engineer/5c631fb5-ab55-4f83-807d-d04ad884a382,git data processing data engineering csv microsoft sql server tableau power bi objectoriented programming oop json phyton html python cloud computing minitab database systems ibm spss sql data integration
Data Processing Staff,Automotive,FULL_TIME,Data Analyst,2026-04-06T09:47:55.955Z,2026-05-07,Pt Solusi Integrasi Pratama,http://www.sitama.co.id,https://images.glints.com/unsafe/glints-dashboard.oss-ap-southeast-1.aliyuncs.com/company-logo/f09d6d06608ac75c1fb5069d1b01f2b0.jpg,"Jalan Lingkar Selatan, Suradita, Cisauk, Kabupaten Tangerang, 15343",Tangerang Selatan,Banten,ID,-6.30694,106.67917,4500000.0,5500000.0,IDR,MONTH,"Data Visualization, Microsoft Excel, SQL, Data Analysis",12.0,bachelor degree,"1. Menginput dan mengolah data 
 2. Validasi dan pengecekan data 
 3. Mengelola dan memperbarui database 
 4. Membuat laporan 
 5. Data cleaning 
 6. Koordinasi dengan tim lain","PT Solusi Integrasi Pratama merupakan perusahaan pelayanan jasa retail otomotif berbasis teknologi, dengan produk bisnis Grosir Mobil. Sebuah platform digital yang membantu customer dalam melakukan pembelian unit kendaraan otomotif second, berupa mobil, motor, maupun komersil.","work station, user defined, thr financial benefits, medical coverage, bpjs tenaga kerja insurance and health, career growth",True,https://glints.com/id/opportunities/jobs/data-processing-staff/34d38e8a-2ced-4e47-ae8b-c90fd536e253,data visualization microsoft excel sql data analysis
Software Developer,Information Technology and Services,FULL_TIME,Full Stack Developer,2026-01-23T08:49:46.878Z,2026-04-26,PT Rank Media Teknologi,http://rank.id,https://images.glints.com/unsafe/glints-dashboard.oss-ap-southeast-1.aliyuncs.com/company-logo/accd7d5b5adb667684c616780218d48a.png,"Jl. Jenggala 48 Gedangan, Sidoarjo, 61254, ID",Sidoarjo,Jawa Timur,ID,-7.39167,112.72972,4500000.0,6500000.0,IDR,MONTH,"MySQL, React.js, jQuery, HTML, Laravel, CLOUDFLARE, CDN, Jwt, PHP, JavaScript, Tailwind, GIT, Linux Server, Node.js, CSS, REST API",12.0,bachelor degree,"Software Developer 
 
 PT Rank Media Teknologi  membuka kesempatan bagi talenta IT untuk bergabung sebagai Software Developer. Posisi ini berfokus pada pengembangan aplikasi berbasis web menggunakan framework modern serta mendukung pengembangan sistem dan aplikasi lintas platform. 
 
 Tanggung Jawab Utama 
 
 Mengembangkan dan memelihara aplikasi web dan sistem internal perusahaan. 
 Merancang dan mengimplementasikan fitur backend maupun frontend. 
 Mengintegrasikan  REST API  dan database relasional. 
 Berkolaborasi dengan tim untuk memastikan kualitas dan performa aplikasi web. 
 Menerapkan praktik keamanan aplikasi web. 
 
 
 Kualifikasi Umum 
 
 Pendidikan minimal  Sarjana (S1) . 
 Pengalaman minimal  1 tahun  sebagai Software Developer/Web Developer. 
 Menguasai  HTML ,  CSS , dan  JavaScript . 
 Memiliki pengalaman  backend  dan/atau  frontend  development. 
 Menguasai minimal satu framework ( Laravel ,  CodeIgniter ,  Tailwind , atau  sejenisnya ). 
 Memahami konsep  OOP ,  REST API , dan database ( MySQL/PostgreSQL ). 
 Terbiasa menggunakan  Git . 
 Memahami dasar keamanan web ( authentication ,  authorization ,  validasi input ). 
 
 
 Kualifikasi Personal 
 
 Mampu bekerja  mandiri  maupun dalam  tim . 
 Memiliki kemampuan  analisis  dan  problem solving  yang baik. 
 Memiliki kemauan belajar dan mengikuti perkembangan teknologi. 
 Mempunyai  portofolio  (website) yang dapat dipresentasikan. 
 
 
 Nilai Tambah (Opsional) 
 
 Pengalaman menggunakan  React ,  Vue , atau  Next.js 
 Pengalaman mengembangkan  aplikasi mobile  atau  sistem internal . 
 Memahami  server Linux  dan proses deployment (VPS/on-premise) 
 Memiliki pengalaman atau minat pada pengembangan berbasis AI 
 Pengalaman integrasi Auth ( JWT ,  OAuth ) 
 Menguasai  tools desain grafis  menjadi nilai tambah","We are a company that focus on building commercial websites and interactive applications management. We provide the best solutions to meet every customer desire concerning looking for the best products, promotions, affordable prices, and every market information through developing digital content and online data, social media promotion, and every aspect in the digital world especially publishing and digital marketing.","yearly bonus financial benefits, bpjs tenaga kerja insurance and health, user defined, medical coverage, thr financial benefits, career growth, dormitory non financial benefits",True,https://glints.com/id/opportunities/jobs/software-developer/fcad4f0f-5a68-44bb-a325-025f2ae8ee27,mysql reactjs jquery html laravel cloudflare cdn jwt php javascript tailwind git linux server nodejs css rest api
Software Developer - Banking Industry,Information Technology and Services,CONTRACTOR,Backend Developer,2026-04-01T08:04:26.121Z,2026-05-02,PT Sigma Global Teknologi,https://www.sigma-tech.co.id,https://images.glints.com/unsafe/glints-dashboard.oss-ap-southeast-1.aliyuncs.com/company-logo/3aba5816b8ecfbb79a395592af581035.png,"Sona Topas Tower Lt. 12, Jl. Jend. Sudirman, RT.4/RW.2, Kuningan, Kota Jakarta Selatan, Daerah Khusus Ibukota Jakarta 12920",Tangerang Selatan,Banten,ID,-6.26667,106.70972,13000000.0,15400000.0,IDR,MONTH,"PostgreSQL, CI/CD, Go / Golang, Jenkins, Amazon Web Services (AWS), clean architecture, Micro Services, Rust, NoSQL, Google Cloud Platform, SQL, Java, Bitbucket, Microservices Architecture, Core Java",36.0,bachelor degree,"Client: Banking Industry 
 Location: Bintaro Sektor 7 Tangerang Selatan (Full WFO) 
 
 Requirements: 
 1. Paham mengenai transaksi web or mobile banking 
 2. Menguasai pemrograman Java Spring Boot, Golang, Rust 
 3. Memiliki analytical thinking yang baik 
 4. Memahami micro services 
 5. Familliar with unit testing and clean architecture 
 6. Database Knowledge (PostGreSQL) 
 7. CI/CD Tools Knowledge (Bitbucket, Jenkins) 
 8. Experience with SQL and NoSQL databases 
 9. Experience with banking industry and big start up is a plus","SIGMATECH is the enterprise technology partner of choice for software development, delivering a broad range of web, mobile, and desktop controls coupled with a service-oriented approach throughout the entire application life cycle. 
 SIGMATECH consists of highly skilled developers specializing in agile development methodology, focusing on Mobile & Web Solution, IT Services and business enterprise, utilizing modern programming languages as our platform. SIGMATECH has established itself as the trusted partner for use in mission-critical applications and service clientele from global insurance companies, government agencies and large consumer product manufacturers. 
 Our Vision : 
 To be the most reputable and dependable growth solution partner both for IT Professional Talents and Client's Businesses worldwide 
 Our Mission : 
 To be the most reputable and dependable growth solution partner both for IT Professional Talents and Client's Businesses worldwide 
 To be the most reputable and dependable growth solution partner both for IT Professional Talents and Client's Businesses worldwide","bpjs tenaga kerja insurance and health, thr financial benefits, travel, work station, medical coverage",True,https://glints.com/id/opportunities/jobs/software-developer---banking-industry/8d79fa46-6ffd-4e4a-9d04-3fcaca6f967f,postgresql cicd go golang jenkins amazon web services aws clean architecture micro services rust nosql google cloud platform sql java bitbucket microservices architecture core java
Software Developer,Marketing and Advertising,FULL_TIME,Software Architect,2026-03-27T04:04:42.423Z,2026-04-27,JMS Project,https://jmsproject.id/,https://images.glints.com/unsafe/glints-dashboard.oss-ap-southeast-1.aliyuncs.com/company-logo/3e03c8b21583296798aa51451b40b3c6.png,"Gunung Anyar Tambak Kav.16 Surabaya, Jawa Timur, Indonesia - 60294",Surabaya,Jawa Timur,ID,-7.33833,112.795,3000000.0,4000000.0,IDR,MONTH,"ERP Software, Software Development, Software Engineering",12.0,bachelor degree,"Kualifikasi : 
 1. Pria / Wanita Max umur 35 tahun 
 2. Min Pendidikan D3 
 3. Menguasai Pemograman untuk sistem management perusahaan 
 4. Mampu bekerja secara mandiri  
 5. Jujur, Tanggung Jawab, dan Good Attitude 
 6. di utamakan yang bisa desain & video ( Corel Draw,Adobe Ilustrator, Adobe Photoshop)  
 
 Jobdesk: 
 1. Membuat / merancang arsitektur sistem dan mengembangkan perangkat lunak yang memenuhi kebutuhan operasional 
 2. memastikan bahwa software yang di rancang sesuai dengan kebutuhan operasional perusahaan 
 3. membantu menjelaskan kepada tim untuk penggunaan software tersebut 
 4. melakukan pemeliharan (maintenance) atas aplikasi dan database secara berkala  
 5. membantu menangani Troubleshooting 
 6. mengelola website perusahaan",JMS Project menyediakan jasa advertising dan interior yang inovatif dengan harga yang kompetitif tanpa mengurangi kualitas layanan yang diberikan,"thr financial benefits, bpjs tenaga kerja insurance and health, perform bonus financial benefits",True,https://glints.com/id/opportunities/jobs/software-developer/51115c56-47ff-4c70-a063-61b3d65ea16e,erp software software development software engineering
iOS Developer,Information Technology and Services,FULL_TIME,iOS Developer,2026-03-25T03:31:31.288Z,2026-04-25,Tujuh Sembilan,https://www.tujuhsembilan.com,https://images.glints.com/unsafe/glints-dashboard.oss-ap-southeast-1.aliyuncs.com/company-logo/ac66f60f4d43ae0561b68c3ecc62369b.jpg,"Gg. Terasana No.6A, Pasir Kaliki, Kec. Cicendo, Kota Bandung, Jawa Barat 40171",Bandung,Jawa Barat,ID,-6.90139,107.58361,7000000.0,14000000.0,IDR,MONTH,"Mobile App Development, iOS Development, CI/CD, Swift Ui, Swift",60.0,bachelor degree,"Qualifications : 
 - Bachelor’s degree in Computer Science, Information Technology, or related field (or equivalent experience). 
 - Maximum 5 years of experience as a Mobile Developer. 
 - Strong experience with Leadership is a plus. 
 - Strong experience with Swift, Swift UI, Clean Architecture - Firebase SDK, CI/CD Awareness 
 - Proven experience developing and deploying applications on Android and iOS platforms. 
 - Strong understanding of mobile web, hybrid, and native application concepts. 
 - Good knowledge and hands-on experience in Object-Oriented Programming (OOP) principles. 
 - Familiar with RESTful APIs and mobile application integration. 
 - Able to work independently as well as collaboratively in a team environment. 
 
 Responsibilities : 
 - Develop, maintain, and enhance mobile applications for Android and iOS platforms. 
 - Build mobile applications using Swift based on project requirements. 
 - Collaborate with backend developers, UI/UX designers, and product teams to deliver high-quality applications. 
 - Implement clean, efficient, and reusable code following Object-Oriented Programming (OOP) principles. 
 - Integrate mobile applications with backend services and RDBMS-based databases. 
 - Ensure application performance, security, and scalability across multiple devices. 
 - Conduct debugging, testing, and bug fixing to improve application stability. 
 - Participate in code reviews and contribute to continuous improvement of development processes. 
 - Stay up to date with the latest mobile development trends, tools, and best practices.","Tujuh Sembilan is an IT consultant company which provides skillful talents as IT services for our clients. We offer you qualified talents for your IT solution. We ensure all of our talents to be able to compete in the IT industry by providing bootcamp, training and challenging project to capitalize, optimize and develop their skills to become competitive and adaptive talents in the dynamic of the IT industry today.    
 
We provide five kinds of IT services to support your IT solution. 
1. Onsite placement - we provide qualified and compatible IT talents to support your IT project   
2. Software project - we help you to develop your IT project.   
3. Hiring - you can hire our IT talents who compatible with you.   
4. Bootcamp - building our talents capability to compete in the IT industry.   
5. Training - we offer you IT training to improve your capacity.","medical coverage, bpjs tenaga kerja insurance and health",True,https://glints.com/id/opportunities/jobs/ios-developer/fb98b064-2e53-4b4e-bade-b8c12b4388e1,mobile app development ios development cicd swift ui swift
Web Developer Laravel (Outsourcing),Information Technology and Services,CONTRACTOR,Backend Developer,2026-03-27T01:11:45.118Z,2026-04-27,Solutionlabs Grup Indonesia,https://solutionlabs.id,https://images.glints.com/unsafe/glints-dashboard.oss-ap-southeast-1.aliyuncs.com/company-logo/fa12536ef8c31da5f0f376e1ec6c5428.jpeg,"Jakarta Office
Cibis Nine Building Lantai 11 Jl. TB Simatupang No. 2 Jakarta Selatan",Jakarta Selatan,DKI Jakarta,ID,-6.24444,106.8,5500000.0,7000000.0,IDR,MONTH,"PHP, MySQL, Laravel, Nginx, Microsoft SQL Server",12.0,professional certificate,"🌟 Programmer / Web Developer Laravel 
 📍 Penempatan: Jakarta Selatan (Onsite) 
 🕒 Kontrak Outsource: Durasi 26 Mandays (Outsourching), mulai bekerja 6 April 2026 
 
 💼 Kualifikasi: 
 
 Pendidikan minimal Diploma di bidang Komputer, Teknik Informatika atau sejenis. 
 Pengalaman minimal 3 tahun di bidang pemrograman sebagai fullstack developer. 
 Mampu bekerja secara individu maupun dalam tim. 
 Memiliki pengalaman minimal sebagai Laravel Developer selama 2 tahun 
 Memiliki pengalaman di tech stack atau teknologi lain menjadi nilai tambah 
 Mengirimkan portofolio / contoh repository menjadi nilai tambah 
 
 
 🛠️ Keahlian yang Dibutuhkan : 
 
 PHP 
 Laravel 
 My SQL 
 SQL Server 
 Nginx 
 
 
 ✅ Kriteria Ideal: 
 
 Menguasai role Frontend dan Backend 
 Berpikir kritis, komunikatif, dan memiliki kemampuan problem solving. 
 Wajib memiliki portofolio proyek laravel. 
 Kemampuan hospitality yang baik menjadi nilai tambah.","We are a leading technology consultancy that combines strategy, design, and software engineering to help businesses thrive in the digital era.  
 Our years of experience make us pioneers in crafting cutting-edge technology platforms through digital innovation.","bpjs tenaga kerja insurance and health, career growth",True,https://glints.com/id/opportunities/jobs/web-developer-laravel-(outsourcing)/79fbe302-b677-45d4-9c6f-792bb37956a0,php mysql laravel nginx microsoft sql server
Full Stack Developer,Information Technology and Services,FULL_TIME,Full Stack Developer,2026-03-21T11:21:57.008Z,2026-05-02,PT Vylera Labs Indonesia,http://vyleralabs.com,https://images.glints.com/unsafe/glints-dashboard.oss-ap-southeast-1.aliyuncs.com/company-logo/2204b266a8f2b9061a0c5eb686e640bc.jpeg,"Jalan Pahlawan Seribu Nomor 8, Desa/Kelurahan Lengkong Gudang,
Kec. Serpong, Kota Tangerang Selatan, Provinsi Banten,
Kode Pos: 15310",Tangerang Selatan,Banten,ID,-6.30694,106.67917,6500000.0,14777999.0,IDR,MONTH,"C++, React.js, Networking, Google Cloud Platform, JavaScript, Rust, jQuery, PostgreSQL, Node.js, Next.Js",60.0,professional certificate,"Vylera Labs  is looking for a  highly capable Full Stack Developer  to build scalable, high-performance applications across frontend and backend systems. You will work on impactful products, collaborate closely with a technical team, and contribute to the development of modern solutions in a fast-moving environment. 
 
 What You’ll Do 
 
 Develop and maintain web applications across frontend and backend systems 
 Build responsive and high-quality user interfaces using Next.js 
 Design, develop, and optimize backend services using Rust and C++ 
 Deploy, manage, and improve cloud-based infrastructure on Google Cloud Platform (GCP) 
 Collaborate with cross-functional teams to define, build, and deliver product features 
 Ensure application performance, security, scalability, and reliability 
 Support system integration, API development, and troubleshooting 
 Apply basic networking knowledge to support infrastructure, connectivity, and system performance 
 Continuously improve code quality, architecture, and development workflows 
 
 
 What We’re Looking For 
 
 Bachelor’s degree in Computer Science, Software Engineering, or a related field 
 Proven experience as a Full Stack Developer or in a similar role 
 Strong proficiency in Next.js for frontend development 
 Hands-on experience with Rust and C++ for backend or systems development 
 Experience with Google Cloud Platform (GCP) 
 Good understanding of basic networking, including protocols, connectivity, and system communication 
 Familiarity with APIs, databases, version control, and modern development practices 
 Strong problem-solving skills and attention to detail 
 Able to work independently and collaboratively in a fast-paced environment 
 
 
 Nice to Have 
 
 Experience with containerization and deployment workflows 
 Familiarity with cloud security and performance optimization 
 Experience working in a startup, product, or tech-driven environment 
 
 
 Why Join Us 
 
 Competitive salary package 
 Private health insurance, including dental & optical benefits, as well as BPJS Kesehatan & Ketenagakerjaan 
 Learning and certification support in Google Cloud, Security, AI, and related technologies 
 High ownership with direct exposure to founders and strategic projects 
 Clear career growth opportunities in a fast-moving tech environment 
 Performance-based rewards and recognition 
 Premium work equipment to support productivity and innovation 
 Complimentary coffee and pantry perks 
 
 
 Join Us 
 Be part of a team that values innovation, ownership, and technical excellence.","Vylera Labs Indonesia (startup Tier II backed up by Google AI First) adalah perusahaan teknologi berbasis AI Enterprise Solutions yang membantu bisnis menyatukan sistem yang terfragmentasi menjadi satu ekosistem digital yang lebih cerdas, efisien, dan siap berkembang. Kami membangun solusi enterprise yang terintegrasi untuk mendukung operasional, data, finance, HR, dan workflow automation.","bpjs tenaga kerja insurance and health, work station, free wi fi non financial benefits, thr financial benefits, medical coverage, user defined, professional development, yearly bonus financial benefits, mentorship career growth and workplace support, perform bonus financial benefits",True,https://glints.com/id/opportunities/jobs/full-stack-developer/204573cf-2067-45d4-a55c-5d4689d81664,c reactjs networking google cloud platform javascript rust jquery postgresql nodejs nextjs
Full Stack Developer,Education Management,FULL_TIME,Full Stack Developer,2026-04-08T05:10:49.455Z,2026-05-09,PT.Inimedia Kreatif Indonesia,https://softwaresekolah.co.id,https://images.glints.com/unsafe/glints-dashboard.oss-ap-southeast-1.aliyuncs.com/company-logo/cde190d018bc99bb19eddd915b55b89d.jpg,"Perumahan Pondok Maritim Indah DD 18, Kel. Balas Klumprik, Kec. Wiyung, Surabaya",Surabaya,Jawa Timur,ID,-7.3125,112.68833,3000000.0,4000000.0,IDR,MONTH,"PostgreSQL, Laravel, jQuery, MySQL, MongoDB, JavaScript, Microsoft SQL Server, React.js, Node.js",12.0,high school,"PT Inimedia Kreatif Indonesia  adalah perusahaan startup technology yang bergerak di bidang Education Technology dan AI Solutions. Kami menghadirkan dua produk unggulan : 
 
 Elite School  - Aplikasi manajemen administrasi sekolah yang memudahkan operasional pendidikan 
 Balas Cepat AI  - Solusi customer service WhatsApp berbasis AI yang bekerja 24 jam NON STOP untuk berbagai bidang bisnis 
 
 Dengan pengalaman melayani berbagai sekolah dan bisnis di Indonesia, kami terus berkembang dan menciptakan solusi teknologi yang bermanfaat.  Join our dynamic team where innovation meets technology! 
 
 
 Deskripsi Pekerjaan 
 Kami sedang mencari  Full Stack Developer  yang akan menjadi bagian dari tim developer untuk produk-produk EdTech & AI Solutions kami — mulai dari Elite School, Balas Cepat AI, hingga project. 
 
 
 Tanggung Jawab Utama : 
 
 Merancang, mengembangkan, dan memelihara fitur-fitur pada (Elite School dan Balas Cepat AI) dari sisi frontend maupun backend 
 Menganalisis dan menyelesaikan bug, error, atau kendala teknis yang terjadi pada aplikasi yang sedang berjalan, serta memastikan aplikasi tetap stabil dan optimal 
 Berkolaborasi dengan tim developer, tim produk dan tim support untuk mendiskusikan kebutuhan teknis, alur pengembangan, dan solusi atas permasalahan yang ada 
 Melakukan integrasi dengan layanan atau API eksternal seperti WhatsApp Business API, payment gateway, dan sistem pihak ketiga lainnya sesuai kebutuhan project 
 Menulis kode yang bersih, terstruktur, dan terdokumentasi dengan baik agar mudah di-maintain oleh tim 
 Ikut serta dalam proses review kebutuhan fitur baru, estimasi waktu pengerjaan, dan eksekusi development sesuai timeline yang disepakati 
 Melakukan testing dan quality check sebelum fitur atau perbaikan dideploy ke environment production 
 
 
 
 Kualifikasi : 
 
 Memiliki pengalaman atau portofolio dalam pengembangan aplikasi web fullstack 
 Menguasai React.js atau Next.js, Node.js, dan Laravel (PHP) untuk pengembangan backend maupun frontend 
 Mampu bekerja dengan database MySQL dan/atau PostgreSQL, termasuk query optimization dasar 
 Memahami dan terbiasa menggunakan Git untuk version control dan kolaborasi tim 
 Mampu membaca, memahami, dan melakukan debugging pada kode yang sudah ada 
 Terbiasa bekerja dengan integrasi API 
 Mampu bekerja sama dalam tim, komunikatif, responsif, dan mampu bekerja secara mandiri dalam setup WFA 
 
 
 Nilai Plus : 
 
 Pernah terlibat dalam pengembangan produk SaaS atau aplikasi B2B 
 Familiar dengan integrasi WhatsApp API, payment gateway (Duitku, Midtrans, dll), atau sistem manajemen sekolah 
 Memiliki pemahaman dasar UI/UX dalam implementasi frontend 
 Berdomisili di Surabaya, Sidoarjo, dan sekitarnya","PT Inimedia Kreatif Indonesia merupakan start up yang bergerak pada bidang Education Technology, mempunyai aplikasi bernama School Talk. Aplikasi School Talk adalah aplikasi yang dapat membantu manajemen administrasi sekolah.","thr financial benefits, bpjs tenaga kerja insurance and health, medical coverage",True,https://glints.com/id/opportunities/jobs/full-stack-developer/fb1f2f43-9965-4345-8a5d-d1a65b158dac,postgresql laravel jquery mysql mongodb javascript microsoft sql server reactjs nodejs
Full Stack Developer,Management Consulting,FULL_TIME,Full Stack Developer,2026-04-06T15:43:08.758Z,2026-05-07,Kontek Aja,http://jhlgroup.co.id,https://images.glints.com/unsafe/glints-dashboard.oss-ap-southeast-1.aliyuncs.com/company-logo/5e29a053e2bb00fefde7e887fa2a710d.png,"JALAN	GADING	SERPONG	BOULEVARD	BARAT	BLOK	S	NOMOR	05 GADING	SERPONG, Desa/Kelurahan	Curug	Sangereng,	Kec.	Kelapa Dua,	Kab.	Tangerang,	Provinsi	Banten, Kode	Pos:	15218",Tangerang,Banten,ID,-6.2375,106.60833,8700000.0,14888000.0,IDR,MONTH,"Node.js, Laravel, MySQL, PostgreSQL, jQuery, C++, Claude, Kubernetes, MongoDB, React.js, Microsoft SQL Server, Firebase, JavaScript, Next.Js, Google Cloud Platform",36.0,bachelor degree,"Senior Full Stack Engineer 
 PT Kontek Aja (Holding) – Divisi IT 
 
 PT Kontek Aja (Holding) membuka kesempatan bagi profesional terbaik untuk bergabung sebagai Senior Full Stack Engineer. Posisi ini ditujukan bagi individu yang berpengalaman dalam membangun dan mengembangkan aplikasi end-to-end, baik dari sisi frontend maupun backend. 
 
 Kami mencari kandidat yang memiliki kemampuan teknis yang kuat, problem solving yang baik, dan mampu berkolaborasi dengan tim lintas fungsi untuk menghasilkan solusi digital yang scalable, stabil, dan berkualitas. 
 
 Benefit & Fasilitas 
 
 Private Insurance 
 Free Gym Facility 
 Makan siang gratis 
 Gaji kompetitif 
 Bonus kinerja 
 Tunjangan kesehatan & operasional 
 Training dan support sertifikasi 
 Jenjang karier yang jelas 
 Lingkungan kerja kolaboratif dan suportif 
 
 
 Tanggung Jawab Utama 
 
 Mengembangkan, memelihara, dan mengoptimalkan aplikasi web secara end-to-end. 
 Mendesain dan mengimplementasikan arsitektur aplikasi yang efisien, scalable, dan secure. 
 Berkolaborasi dengan tim product, UI/UX, QA, DevOps, dan stakeholder terkait. 
 Mengembangkan fitur baru pada sisi frontend dan backend sesuai kebutuhan bisnis. 
 Melakukan code review, debugging, troubleshooting, dan peningkatan performa aplikasi. 
 Mengelola integrasi API, database, serta third-party services. 
 Memberikan arahan teknis serta mentoring kepada engineer lain dalam tim. 
 
 
 Kualifikasi 
 
 Pendidikan minimal S1 di bidang Teknik Informatika, Sistem Informasi, Ilmu Komputer, atau jurusan terkait. 
 Memiliki pengalaman minimal 4–6 tahun sebagai Full Stack Engineer / Software Engineer / Web Developer. 
 Menguasai Next.js dan React.js untuk pengembangan frontend modern. 
 Menguasai pengembangan backend menggunakan Node.js, PHP, Python, Java, atau teknologi sejenis. 
 Memahami REST API / GraphQL, integrasi service, dan database seperti MySQL, PostgreSQL, MongoDB, atau sejenisnya. 
 Terbiasa menggunakan Git, CI/CD, dan workflow development yang kolaboratif. 
 Memahami aspek security, performance optimization, clean code, dan software architecture. 
 Wajib memiliki salah satu sertifikasi Google seperti Google Cloud Certified, Associate Cloud Engineer, atau sertifikasi Google relevan lainnya. 
 Mampu bekerja secara mandiri maupun dalam tim dengan komunikasi yang baik. 
 
 
 Nilai Tambah 
 
 Berpengalaman menangani sistem yang scalable. 
 Memahami Docker dan Kubernetes menjadi nilai plus. 
 Terbiasa bekerja dengan metode Agile / Scrum. 
 Memiliki leadership, inisiatif, dan growth mindset.",JHL Group is a national company with an international standard quality.,"career growth, bpjs tenaga kerja insurance and health, thr financial benefits, professional development, medical coverage",True,https://glints.com/id/opportunities/jobs/full-stack-developer/9a62c531-2fbf-4aeb-84f9-352a6daca7e2,nodejs laravel mysql postgresql jquery c claude kubernetes mongodb reactjs microsoft sql server firebase javascript nextjs google cloud platform
Full Stack Developer,Real Estate,FULL_TIME,Full Stack Developer,2026-04-08T13:15:32.226Z,2026-05-09,PT Andara Rejo Makmur,https://indokontraktor.com/business/pt-andara-rejo-makmur,https://images.glints.com/unsafe/glints-dashboard.oss-ap-southeast-1.aliyuncs.com/company-logo/32d37e7f8a7e710b152ec2f2f817fbda.jpeg,"Sumber Baru RT 003 RW 003 Sumberejo, Kec. Klaten Selatan kabupaten Kab. Klaten.",Klaten,Jawa Tengah,ID,-7.72111,110.58667,2000000.0,2700000.0,IDR,MONTH,"MySQL, Backend Development, Frontend Development, Microsoft SQL Server, PostgreSQL, JavaScript, jQuery, C++, API Development, Node.js, Leadership, React.js, Laravel, Open Clow, MongoDB, Blackbox Ai",36.0,bachelor degree,"Tugas dan tanggung jawab : 
 
1. Pengembangan Aplikasi (Front-end & Back-end) 
 Mengembangkan tampilan aplikasi (front-end) menggunakan HTML, CSS, dan teknologi terkait 
 Mengembangkan sistem back-end menggunakan framework seperti Laravel / Node.js 
 Memastikan integrasi antara front-end dan back-end berjalan dengan baik 
 2. Manajemen Database 
 Mendesain, mengelola, dan mengoptimalkan database (MySQL / PostgreSQL) 
 Menjamin keamanan dan integritas data 
 Melakukan query optimization untuk performa sistem 
 3. Integrasi API & Sistem 
 Mengembangkan dan mengintegrasikan API (RESTful API) 
 Menghubungkan sistem internal dengan pihak ketiga (third-party services) 
 Memastikan data flow antar sistem berjalan stabil 
 4. Pengembangan Sistem & Fitur 
 Membangun sistem aplikasi dari awal hingga deployment 
 Mengembangkan fitur baru sesuai kebutuhan bisnis 
 Melakukan maintenance dan perbaikan (bug fixing) 
 5. Keamanan Aplikasi 
 Menerapkan standar keamanan dalam pengembangan sistem 
 Melindungi aplikasi dari potensi serangan (SQL Injection, XSS, dll) 
 Melakukan testing dan monitoring keamanan sistem 
 6. Problem Solving & Debugging 
 Menganalisa dan menyelesaikan masalah teknis dalam sistem 
 Melakukan debugging secara efektif dan efisien 
 Memberikan solusi berbasis logika dan data 
 7. Kolaborasi Tim 
 Bekerja sama dengan tim  dan stakeholder lainnya 
 Memahami kebutuhan user dan menerjemahkan ke dalam sistem 
 Melaporkan progres pekerjaan sesuai target 
 8. Penggunaan Teknologi AI (Nilai Tambah) 
 Mengimplementasikan tools AI seperti Blackbox AI / OpenAI dalam pengembangan 
 Mengoptimalkan proses coding dan automation dengan bantuan AI","Merupakan perusahaan properti, konstruksi, mechanical electrical, water waste treatment, dan water waste treatment plant. yang beralamat di Jl. dr. Soeradji Tirtonegoro No. 99 Bendogangtungan, Sumberejo Kec. Klaten Selatan, Klaten, Jawa Tengah. PT. Andara Rejo Makmur bukan hanya berorientasi terhadap profit, namun juga memiliki visi membuka lapangan pekerjaan dan kesempatan bagi anak bangsa untuk mengembangkan kemampuan agar dapat berkarya sepenuh hati. Selain itu, kami ingin menjadi perusahaan yang memberikan dampak besar dan positif terhadap lingkungan sekitar dengan hadirnya kami di tengah-tengah mereka.","perform bonus financial benefits, career growth",True,https://glints.com/id/opportunities/jobs/full-stack-developer/18a6004e-e96e-4b5c-ae52-66774ad0a10c,mysql backend development frontend development microsoft sql server postgresql javascript jquery c api development nodejs leadership reactjs laravel open clow mongodb blackbox ai
Software Engineer (Fullstack),Information Technology and Services,FULL_TIME,Full Stack Developer,2026-01-13T04:40:27.591Z,2026-05-14,PT Reka Multi Aptika,https://aptika.co.id,https://images.glints.com/unsafe/glints-dashboard.oss-ap-southeast-1.aliyuncs.com/company-logo/a2e9eb1667494bbf171a0f977d7ffa75.jpg,"Gedung Graha Senatama, Lt. 4 Jl. Kramat Kwitang No.8,  RT.1/RW.7, Kwitang, Kec. Senen, Kota Jakarta Pusat,  Daerah Khusus Ibukota Jakarta 10420",Jakarta Pusat,DKI Jakarta,ID,-6.18611,106.84583,6000000.0,12000000.0,IDR,MONTH,"SQL, JavaScript, NestJS, HTML, gRPC, CSS, Restful API, CSR, Ssr, CDN, Ionic Framework, TypeScript, React.js, Fullstack, GraphQL, Vue.js, Node.js",12.0,bachelor degree,"Qualification :  
 
 Bachelor’s degree  in  Computer Science, Information Systems, Engineering , or  related field  or  2–4 years of hands-on experience as a Software Engineer 
 Passionate in learning new stacks and taking challenges 
 Experience in the  Fintech industry  is a plus 
 Resilient and ready to face engineering challenges and technical problems 
 Strong experience building and consuming  RESTful APIs ; experience with  gRPC, GraphQL,  or  messaging systems  is a plus 
 Strong proficiency in  JavaScript  and  TypeScript  with solid hands on experience using  NodeJS  or  NestJS 
 Strong understanding of  HTML ,  CSS , and  JavaScript , including browser behavior, caching, and performance considerations 
 Strong experience using at least one modern JS framework such as  ReactJS ,  VueJS , or  Ionic 
 Experience developing  responsive ,  mobile adaptive UI  for web applications 
 Strong experience working with r elational databases   (MySQL, PostgreSQL)  and  NoSQL databases   (MongoDB, Redis) 
 Solid understanding and practical application of  OOP, SQL, design patterns, and software engineering best practices 
 Experience building and maintaining  scalable  and  reliable applications  within an existing architecture 
 Good understanding of  microservices architecture  and service to service communication 
 Solid understanding of  CDN, SSR,  and  CSR  concepts and their impact on application performance 
 Strong  logical  and  critical thinking  abilities 
 Excellent written & verbal communication skills focused on improving collaboration, knowledge, and information exchange across all stakeholders 
 High attention to detail with strong  quantitative  and  analytical thinking 
 Ability to work both independently and collaboratively in a  Fast Paced 
 
 
 Job Description : 
 
 Design, develop, and maintain features end to end across frontend and backend 
 Implement and maintain robust backend services and APIs 
 Develop and maintain clean, reusable, and efficient UI components for web platforms 
 Ensure smooth integration between frontend, backend, and external services 
 Collaborate closely with product, design, and engineering teams to deliver features according to requirements 
 Identify and resolve technical problems, bugs, and integration issues across the stack 
 Participate actively in technical discussions, and continuous improvement","PT Reka Multi Aptika is a modern information technology (IT Industry) company that prioritizes innovation and the application of today's technology in meeting all system needs both inside and outside the company. 
 We uphold consistency and initiative in understanding today's technological innovations and their relationship to a technological solution that can simplify the process of modern life and business opportunities both materially and non-materially. 
 We invite young professionals and creative individuals to move together towards our company's vision and mission, which is to create a modern technology industry that is useful for a broad and innovative business market.","career growth, thr financial benefits, meal allowance financial benefits, medical coverage, near public transport work environment and facilities, bpjs tenaga kerja insurance and health, professional development, team building events, work station",True,https://glints.com/id/opportunities/jobs/software-engineer-(fullstack)/1802fb52-adfc-4fb5-afa0-97bda732f5a1,sql javascript nestjs html grpc css restful api csr ssr cdn ionic framework typescript reactjs fullstack graphql vuejs nodejs
Full Stack Developer,"Leisure, Travel & Tourism",FULL_TIME,Full Stack Developer,2026-03-10T02:48:49.428Z,2026-05-10,PT. Masaya Indonesia Tour,http://www.masayatrip.com,https://images.glints.com/unsafe/glints-dashboard.oss-ap-southeast-1.aliyuncs.com/company-logo/256f819974fdb0f1023a56e71c370b4d.png,"Jl. Bypass Ngurah Rai No.9C Kuta, Kec. Kuta, Kab. Badung Bali",Badung,Bali,ID,-8.72667,115.1775,15000000.0,30000000.0,IDR,MONTH,"React.js, PHP, Microsoft SQL Server, PostgreSQL, Node.js, CSS, JavaScript, Python, MySQL, Laravel, MongoDB, jQuery, HTML, Vue.js, C++",36.0,bachelor degree,"Employment Type: Full-time 
 
 About the Role: 
 We are looking for a highly skilled and self-driven Full-Stack Developer to take ownership of Masaya Trip's website and internal IT infrastructure. You will be responsible for maintaining our web presence, optimizing technical SEO, integrating third-party travel APIs, and setting up automated workflows to support our growing travel business. 
 
 The ideal candidate is a problem-solver with a ""hacker"" mindset who is comfortable working across the entire tech stack—from frontend user interfaces to backend server deployments and containerization. 
 
 Key Responsibilities: 
 Website Development & Optimization: Maintain and upgrade the Masaya Trip website. Ensure high availability, fast loading speeds, and responsive design across all devices. 
 
 Technical SEO Implementation: Execute technical SEO strategies, including Schema markup (Structured Data), Core Web Vitals optimization, and URL architecture improvements. 
 
 API Integration: Develop and manage robust connections with external third-party services, including OTA platforms (e.g., Trip.com), payment gateways, and enterprise email systems. 
 
 Server & Infrastructure Management: Oversee the company's servers, NAS storage, and local network setups. Proficiently use containerization tools (Docker) for deploying and managing internal applications and web services. 
 
 Automation & Innovation: Build internal automation scripts to streamline business operations. Assist in exploring and deploying modern tech solutions (including open-source AI tools) to improve workflow efficiency. 
 
 Requirements: 
 Experience: 3+ years of proven experience as a Full-Stack Developer or IT Engineer, with a portfolio of successful web deployments. 
 Frontend Mastery: Strong proficiency in HTML5, CSS3, JavaScript, and at least one modern frontend framework (React.js or Vue.js). 
 Backend & Database: Solid experience with backend languages (Python, Node.js, or PHP) and relational database management (MySQL / PostgreSQL). 
 DevOps & Deployment: Hands-on experience with Linux environments, Docker, Git, and remote server management. 
 Problem-Solving Skills: Excellent troubleshooting skills with the ability to diagnose hardware, network, and software issues independently. 
 Language: Proficient in English (written and spoken) for reading technical documentation and communicating effectively with the international team. 
 
 Bonus: Previous experience in the travel/hospitality tech industry is a huge plus.","Masaya Tour, the premier travel brand under our parent company, Masaya Asia Limited. ""Masaya"" means ""happy"" in Filipino, and that single idea is the foundation of everything we do. 
 Based in Hong Kong with offices in Bali, Manila, Taipei, Beijing, Shanghai, Chengdu, and Osaka, we are a vibrant community of explorers dedicated to making travel seamless, rewarding, and exciting.","bpjs tenaga kerja insurance and health, medical coverage, meal allowance financial benefits",True,https://glints.com/id/opportunities/jobs/full-stack-developer/d8f460d7-7187-49d3-9c7d-d512ff93d6ba,reactjs php microsoft sql server postgresql nodejs css javascript python mysql laravel mongodb jquery html vuejs c
Web Developer,Internet,FULL_TIME,Backend Developer,2026-02-19T01:21:34.825Z,2026-04-25,CITRANET (PT Jembatan Citra Nusantara),https://www.citra.net.id,https://images.glints.com/unsafe/glints-dashboard.oss-ap-southeast-1.aliyuncs.com/company-logo/931eb47322dfee14563516a3bdf1e54d.jpeg,"Head Office
Jl. Petung No.31, Demangan Baru, Caturtunggal, Kec. Depok, Kabupaten Sleman, Daerah Istimewa Yogyakarta 55281",Sleman,DI Yogyakarta,ID,-7.76667,110.40972,2200000.0,3000000.0,IDR,MONTH,"MySQL, Java, PHP, JavaScript",12.0,high school,"Kualifikasi : 
 
 SMK/D3/S1 Ilmu komputer, manajemen informatika, sistem informasi 
 Memiliki kemampuan dalam pemrograman PHP, HTML, CSS, JSON, XML, Web Service 
 Memiliki pengetahuan mendalam mengenai OOP & MVC 
 Memiliki pengetahuan terhadap framework : Codelgniter (CI) atau laravel 
 Menguasai database sql (mysql dan postgree) database 
 Mempunyai kemampuan dalam mengelola prioritas tugas dan pekerjaan baik dalam tim maupun individu 
 
 
 Penempatan :  Yogyakarta","Telecommunication company focus as internet service provider using wireless and fiber optic network. Our primary data center was located at Yogyakarta, Indonesia.  
 
 Our company specialites are systems integrator, internet access provider, network consulting, wifi hotspot provider, web hosting and collocation data center.",vacation and leaves,True,https://glints.com/id/opportunities/jobs/web-developer/48a45934-35b9-4961-a64a-b5532d94b1e5,mysql java php javascript
Full Stack Developer,Information Technology and Services,FULL_TIME,Full Stack Developer,2026-03-26T01:06:46.227Z,2026-04-26,PT. EbyB Global Marketplace,https://www.ebyb.co.id,https://images.glints.com/unsafe/glints-dashboard.oss-ap-southeast-1.aliyuncs.com/company-logo/11d8841d9eacf8b8bc335d6624a1caf5.png,"Procot, Slawi, Tegal, Jawa Tengah",Tegal,Jawa Tengah,ID,-6.98667,109.13472,3000000.0,7000000.0,IDR,MONTH,"Vue.js, Laravel, REST API, Node.js, Docker, Gin, React.js, Go / Golang, MySQL",12.0,professional certificate,"📢  WE ARE HIRING 
 Fullstack Developer 
 
 PT EbyB Global Marketplace  membuka kesempatan bagi talenta terbaik untuk bergabung sebagai Fullstack Developer. 
 
 Kualifikasi 
 
 Laki-laki / Perempuan 
 Usia maksimal 30 tahun 
 Pendidikan minimal S1 Ilmu Komputer / Teknik Informatika / Jurusan terkait 
 Pengalaman minimal 1–2 tahun (Fresh graduate dengan pengalaman magang/project dipertimbangkan) 
 Menguasai Laravel & Node.js (Express), React.js atau Laravel Blade 
 Memahami REST API & Integrasi API 
 Menguasai Database (MySQL) 
 Memahami Golang / Gin Framework, Vue dan Docker menjadi nilai tambah 
 
 
 Tanggung Jawab 
 
 Mengembangkan backend dan frontend aplikasi 
 Membuat dan integrasi API 
 Maintenance dan pengembangan fitur baru 
 Debugging dan troubleshooting sistem 
 
 
 Persyaratan Dokumen 
 
 Surat Lamaran Kerja 
 CV Terbaru 
 Scan Ijazah 
 Scan Transkrip Nilai 
 Portofolio / Github (WAJIB)","PT. EbyB Global Marketplace merupakan perusahaan jasa pembuatan website profesional, iklan, SEO, dan pengembangan aplikasi/program.","bpjs tenaga kerja insurance and health, user defined, thr financial benefits, medical coverage, perform bonus financial benefits, work station",True,https://glints.com/id/opportunities/jobs/full-stack-developer/3c07cfe2-f4b0-4f9c-a11d-af222c3e9516,vuejs laravel rest api nodejs docker gin reactjs go golang mysql
Full Stack Developer,Public Relations and Communications,FULL_TIME,Full Stack Developer,2026-03-26T01:20:23.032Z,2026-04-26,PT Eksa Digital Agency,https://www.eda.co.id/,https://images.glints.com/unsafe/glints-dashboard.oss-ap-southeast-1.aliyuncs.com/company-logo/d6cc307a0967dc59f3b2ef5f32288956.png,"Jl. Ahmad Yani No.88, Lt 5, Ketintang, Kec. Gayungan,
Kota Surabaya, Jawa Timur 60231, Indonesia.",Tegal,Jawa Tengah,ID,-6.98667,109.13472,3000000.0,7000000.0,IDR,MONTH,"Node.js, React.js, REST API, Vue.js, Gin, Go / Golang, Laravel, API Development, Docker, MySQL, Restful API",12.0,professional certificate,"📢  WE ARE HIRING 
 Fullstack Developer 
 
 PT Eksa Digital Agency  membuka kesempatan bagi talenta terbaik untuk bergabung sebagai Fullstack Developer. 
 
 Kualifikasi 
 
 Laki-laki / Perempuan 
 Usia maksimal 30 tahun 
 Pendidikan minimal S1 Ilmu Komputer / Teknik Informatika / Jurusan terkait 
 Pengalaman minimal 1–2 tahun (Fresh graduate dengan pengalaman magang/project dipertimbangkan) 
 Menguasai Laravel & Node.js (Express), React.js atau Laravel Blade 
 Memahami REST API & Integrasi API 
 Menguasai Database (MySQL) 
 Memahami Golang / Gin Framework, Vue dan Docker menjadi nilai tambah 
 
 
 Tanggung Jawab 
 
 Mengembangkan backend dan frontend aplikasi 
 Membuat dan integrasi API 
 Maintenance dan pengembangan fitur baru 
 Debugging dan troubleshooting sistem 
 
 
 Persyaratan Dokumen 
 
 Surat Lamaran Kerja 
 CV Terbaru 
 Scan Ijazah 
 Scan Transkrip Nilai 
 Portofolio / Github (WAJIB)",Digital Agency,"bpjs tenaga kerja insurance and health, user defined, medical coverage, work station, thr financial benefits, perform bonus financial benefits",True,https://glints.com/id/opportunities/jobs/full-stack-developer/db560943-0876-4fc4-9c47-2c27f8d3001a,nodejs reactjs rest api vuejs gin go golang laravel api development docker mysql restful api
Flutter Developer,Computer Software,PART_TIME,Flutter Developer,2026-03-13T08:55:02.2Z,2026-04-13,EveTech Solution,https://evetechsolution.com,https://images.glints.com/unsafe/glints-dashboard.oss-ap-southeast-1.aliyuncs.com/company-logo/175ed730cda5c7e86f59466cd25229fc.png,"Royal Regency B2, Gedangan, Sukoharjo, Jawa Tengah, 57552, Indonesia",Sukoharjo,Jawa Tengah,ID,-7.61306,110.81361,1500000.0,2000000.0,IDR,MONTH,"Teamwork, Mobile UI Design, API Development, Mobile App Development, REST API, UX Design, Flutter, Frontend Development",12.0,bachelor degree,"- Berpengalaman mengimplementasikan UI/UX Mobile. 
 - Membangun logika aplikasi. 
 - Menguji aplikasi. 
 - Mempelajari teknologi baru. 
 - Bekerja dengan clean code dan dapat dipelihara. 
 - Memiliki pengetahuan tentang Android dan IOS SDK. 
 - Memiliki pengetahuan tentang Git, Git Workflow dan cara menggunakannya. 
 - Memiliki pengetahuan tentang GetX State Management. 
 - Memahami JSON, Rest API. 
 - Keterampilan komunikasi untuk mengekspresikan technical concepts. 
 - Bisa bekerja sama tim maupun individu dengan baik.","EveTech Solution, a reputable IT consulting company, is situated in Solo City, West Java, and is known for providing innovative and customized technology solutions to businesses of all sizes. Our area of expertise lies in developing systems ranging from simple to complex on various platforms, including websites and mobile apps, employing cutting-edge and relevant technologies. 
 
 Our team consists of highly skilled and experienced professionals who are committed to understanding the specific requirements and challenges of your business. We collaborate closely with you to deliver effective and efficient solutions that meet your technology goals. Moreover, we keep ourselves up-to-date with the latest advancements in the field, including artificial intelligence, machine learning, cloud computing, and blockchain, to ensure that we provide you with advanced and innovative solutions that are tailored to your needs. 
 
 We believe that collaboration and communication play a crucial role in the success of any project. Our customer-centric approach and strong communication skills enable us to establish long-term relationships with our clients based on mutual trust and respect. Additionally, we provide post-sales services to ensure that you are completely satisfied with the solutions we deliver. 
 
 At EveTech Solution, we pride ourselves on delivering projects within the stipulated time, budget, and highest quality standards. Our unwavering dedication to helping your business achieve its technology goals is evident in our commitment to excellence.","professional development, career growth",True,https://glints.com/id/opportunities/jobs/flutter-developer/90298e3b-5d87-4d9a-8a0b-684936369fd4,teamwork mobile ui design api development mobile app development rest api ux design flutter frontend development
Full Stack Developer,Information Technology and Services,FULL_TIME,Full Stack Developer,2026-04-06T07:18:35.122Z,2026-05-07,PT DYNAMIC LABS INTERNATIONAL,http://dynamiclabs.app,https://images.glints.com/unsafe/glints-dashboard.oss-ap-southeast-1.aliyuncs.com/company-logo/78ffcdd3103e023b9406882619e70421.png,"SUB CO SPAZIO BUILDING, 525A, JL. MAYJEND YONO SOEWOYO
KAV. 3, Desa/Kelurahan Pradah Kalikendal, Kec. Dukuh Pakis, Kota
Surabaya, Provinsi Jawa Timur",Surabaya,Jawa Timur,ID,-7.29639,112.69889,0.0,255000000.0,IDR,YEAR,"Hardhat, CI/CD, GIT, Next.Js, Solidity, Node.js, Foundry, Openzeppelin, TypeScript, JavaScript, Docker",36.0,bachelor degree,"Mengembangan protokol Decentralized Autonomous Organization (DAO) dari awal hingga selesai. 
 Mengintegrasikan blockchain system (smart contract) dengan backend dan frontend (dApp) 
 Mengembangkan dan mengelola smart contract DAO (deployment, upgrade, maintanance) 
 Mendesain governance system (voting, proposal, quorum, delegation, timelock) 
 Mengintegrasikan dApp dengan fitur lain (vesting, treasury, burning, dll) 
 Mengelola treasury (fund management, execution proposal) 
 Melakukan testing menyeluruh (unit test, integration test, edge case) 
 Melakukan audit internal & memastikan keamanan smart contract (anti exploit) 
 Mengoptimasi gas fee & efisiensi contract  
 Menyusun dokumentasi teknis (architecture, flow, contract logic) 
 Monitoring, debugging, dan maintenance setelah deployment (post-launch support) 
 Menyusun dan mengelola proposal lifecycle (create, vote, execute)  
 Memastikan integrasi dengan tools pihak ketiga (fronted UI, governance tools, dll) 
 Menyiapkan sistem upgrade/migrasi contract jika diperlukan","PT Dynamic Labs International merupakan perusahaan yang bergerak di bidang pengembangan teknologi blockchain dan Web3. Didirikan pada tahun 2025, perusahaan ini hadir sebagai startup inovatif yang berfokus pada pengembangan solusi berbasis sistem terdesentralisasi. 
 Dengan komitmen untuk mendukung pertumbuhan industri kripto dan teknologi blockchain, PT Dynamic Labs International berupaya menghadirkan produk dan layanan yang aman, transparan, serta efisien. Perusahaan ini juga terus berinovasi dalam menciptakan ekosistem digital yang dapat memberikan nilai tambah bagi pengguna, mitra, dan pelaku industri secara luas. 
 Sebagai bagian dari perkembangan teknologi global, PT Dynamic Labs International menempatkan diri sebagai mitra strategis dalam transformasi digital, khususnya dalam implementasi teknologi Web3 yang mendorong kemandirian dan keamanan data bagi penggunanya.","meal allowance financial benefits, perform bonus financial benefits, travel, thr financial benefits",True,https://glints.com/id/opportunities/jobs/full-stack-developer/7819f5da-e356-4e98-b8f9-5bdec4b07fc8,hardhat cicd git nextjs solidity nodejs foundry openzeppelin typescript javascript docker
Fullstack Developer (Middle),Computer Software,FULL_TIME,Full Stack Developer,2026-04-07T06:07:13.864Z,2026-05-08,Konnco Studio,https://konnco.com/,https://images.glints.com/unsafe/glints-dashboard.oss-ap-southeast-1.aliyuncs.com/company-logo/6bee157f409832878a90df36d8725e34.png,"Ruko, Pd. Permai Taman Tirta 2 No.18, Ngentak, Bangunjiwo, Kec. Kasihan, Kabupaten Bantul, Daerah Istimewa Yogyakarta 55184",Bantul,DI Yogyakarta,ID,-7.83333,110.32778,4000000.0,5000000.0,IDR,MONTH,"React.js, Laravel, JavaScript",12.0,professional certificate,"Requirements: 
 
 - Bachelor’s degree in Computer Science, Information Systems, or related fields 
 - Minimum 2-3 year of experience as a Fullstack / Web Developer 
 - Experience in the Fintech industry is a strong plus 
 - Proficient in fullstack development using Laravel (backend) and React (frontend) 
 - Solid understanding of HTML, CSS, and JavaScript 
 - Experienced with relational databases (MySQL / PostgreSQL) 
 - Good understanding of REST API and frontend–backend integration 
 - Familiar with Git / version control 
 - Strong logical thinking and able to understand business process flows 
 - Willing to work on-site (WFO) in Bantul, DI Yogyakarta (Join ASAP)","Konnco Studio 
 
 We started our journey as a software development team in 2013 and officially established Konnco Studio in 2019 in Yogyakarta, Indonesia. Konnco Studio was founded with the idea of building a company that helps clients and customers solve their problems. 
 
 Let’s Build Something Amazing Together 
 
 At Konnco Studio, we collaborate to help businesses achieve their goals through customized software solutions. Whether you need a new website, a mobile application, or an enterprise software solution, our team is ready to bring your ideas to life.","medical coverage, phone provided non financial benefits, free wi fi non financial benefits, bpjs tenaga kerja insurance and health, thr financial benefits, career growth, work station",True,https://glints.com/id/opportunities/jobs/fullstack-developer-(middle)/9605482f-98d0-40f1-ab38-a6c749b3a9a7,reactjs laravel javascript
IOS Developer,Computer Software,FULL_TIME,iOS Developer,2026-04-01T04:06:27.848Z,2026-05-02,PT Code Development Indonesia,https://www.code.id,https://images.glints.com/unsafe/glints-dashboard.oss-ap-southeast-1.aliyuncs.com/company-logo/b43910cc1253621c07b5f915c6364736.png,-,Jakarta Selatan,DKI Jakarta,ID,-6.21944,106.82917,8000000.0,12000000.0,IDR,MONTH,"Swift, iOS Development, Object-Oriented Programming (OOP), React Native, REST API",36.0,bachelor degree,"Responsibilities: 
 
 Design and build advanced applications for the iOS platform. 
 Collaborate with cross-functional teams to define, design, and ship new features. 
 Ensure the performance, quality, and responsiveness of applications. 
 Identify and correct bottlenecks and fix bugs. 
 Continuously discover, evaluate, and implement new technologies to maximize development efficiency. 
 Maintain code quality, organization, and automatization. 
 
 
 Requirements: 
 
 Bachelor’s degree in Computer Science, Engineering, or a related field. 
 Proven experience as an iOS Developer at least 3 years. 
 Proficient in Swift (Objective-C is a plus). 
 Experience with iOS frameworks such as Core Data, Core Animation, Core Graphics, etc. 
 Familiarity with RESTful APIs to connect iOS applications to back-end services. 
 Experience with third-party libraries and APIs. 
 Understanding of Apple’s design principles and interface guidelines. 
 Experience with version control tools like Git 
 Solid understanding of the full mobile development life cycle. 
 
 
 Preferred Qualifications (Optional): 
 
 Experience with CI/CD processes. 
 Knowledge of unit and UI testing frameworks. 
 Published at least one iOS app in the App Store. 
 Familiarity with Agile/Scrum development methodologies.","CODE.ID is a technology company specializing in end-to-end digital solutions to support business growth and transformation. 
 
 We provide both custom software development and ready-to-use digital products, helping organizations improve operational efficiency, scalability, and overall performance. Our expertise includes enterprise application development, system integration, and AI-driven solutions tailored to meet evolving business needs. 
 
 At CODE.ID, we are committed to delivering reliable, scalable, and impactful technology solutions by combining innovation, collaboration, and a deep understanding of our clients’ challenges.","medical coverage, thr financial benefits, bpjs tenaga kerja insurance and health",True,https://glints.com/id/opportunities/jobs/ios-developer/db2ea72f-4e22-4d86-a989-5aada877d5c8,swift ios development objectoriented programming oop react native rest api
Mobile Developer,Computer Software,CONTRACTOR,Mobile Developer,2026-02-09T03:00:18.734Z,2026-05-08,PT Abhimantra Sistem Solusindo,https://abhimantra.co.id,https://images.glints.com/unsafe/glints-dashboard.oss-ap-southeast-1.aliyuncs.com/company-logo/982bd5422afa7f7308d075a4d5f14c33.png,"Jl. Tebet Timur Dalam VI No.3 RT.08/ RW.11, Tebet Timur, Tebet, Kota Jakarta Selatan, DKI Jakarta 12820",Jakarta Selatan,DKI Jakarta,ID,-6.22917,106.85139,6000000.0,8000000.0,IDR,MONTH,"Android Development, Kotlin, Flutter, Mobile App Development, React Native, iOS Development",12.0,bachelor degree,"Job Summary: 
 
 Kami sedang mencari Mobile Developer yang berbakat dan berdedikasi untuk bergabung dengan tim kami dalam mengembangkan dan memelihara aplikasi mobile yang responsif, stabil, dan user-friendly. Posisi ini akan berfokus pada pengembangan aplikasi [Android/iOS/Hybrid], serta bekerja sama dengan tim backend, UI/UX, dan QA untuk menghasilkan produk digital berkualitas tinggi. 
 
 
 Responsibilities: 
 
 
 Mengembangkan dan memelihara aplikasi mobile sesuai dengan kebutuhan proyek (Android/iOS/Hybrid). 
 Mengintegrasikan API dan layanan pihak ketiga. 
 Melakukan debugging, testing, dan optimalisasi performa aplikasi. 
 Bekerja sama dengan tim desain untuk menerapkan tampilan antarmuka yang sesuai. 
 Memastikan kualitas kode yang baik melalui code review dan praktik pengembangan terbaik. 
 Mengikuti perkembangan teknologi mobile terbaru dan memberikan rekomendasi peningkatan teknologi. 
 Menyusun dokumentasi teknis yang diperlukan. 
 
 
 
 Requirements: 
 
 
 Pendidikan minimal S1 di bidang Ilmu Komputer, Teknik Informatika, atau bidang terkait. 
 Pengalaman minimal 1-3 tahun sebagai Mobile Developer. 
 Menguasai salah satu platform, Android: Kotlin/Java dan Android SDK, iOS: Swift/Objective-C dan Xcode, Hybrid: Flutter, React Native, atau Ionic. 
 Memahami prinsip REST API, JSON, dan arsitektur MVVM/MVC. 
 Familiar dengan tools version control (misalnya Git). 
 Mampu bekerja secara mandiri maupun dalam tim.","WE OFFER IT Solution and custom application development tailored  specifically to client request.. Experienced for supporting the Mining,  Oil-Gas, Regulators & Government Bodies, Utilities companies. 
 
 The intellectual power and team spirit of our company help us creating  high quality software solutions, precisely setting the customer’s  business needs, done in the optimal way and delivered on time. 
 
 We have strong knowledge and great experience of modern development  tools and technologies, and we combine passion, experience, and  technical expertise to provide tailored IT solutions for our clients.","professional development, thr financial benefits, meal allowance financial benefits, free food and beverages, near public transport work environment and facilities",True,https://glints.com/id/opportunities/jobs/mobile-developer/f4d74795-60b0-4789-a965-1a7827093339,android development kotlin flutter mobile app development react native ios development
Senior Software Engineer,Manufacturing,FULL_TIME,Full Stack Developer,2026-03-31T04:33:41.192Z,2026-05-01,PT Multi Power Aditama,http://www.multipower.co.id,https://images.glints.com/unsafe/glints-dashboard.oss-ap-southeast-1.aliyuncs.com/company-logo/79a67822deb976946a1679e9dc83c987.png,"Jl. Pluit Karang Karya 1 No.Kav C6, Pejagalan, Kec. Penjaringan, Jkt Utara, Daerah Khusus Ibukota Jakarta 14450",Jakarta Utara,DKI Jakarta,ID,-6.12083,106.76111,18000000.0,20000000.0,IDR,MONTH,"Python, SQL, Design Api, Node.js, MySQL, Laravel, MongoDB, React.js, Odoo, ELK, REST API, JavaScript, NestJS, Cyclic Redundancy Check (CRC), Redux, Microsoft SQL Server, jQuery, PostgreSQL, C++, System Integration",60.0,bachelor degree,"Kami sedang mencari kandidat terbaik untuk posisi Senior Software Engineer yang akan berperan dalam pengembangan, integrasi, dan transformasi sistem perusahaan. 
 
Responsibilities: 
 
 Berkolaborasi dalam pengembangan software, termasuk perancangan arsitektur dan system design 
 Bersama Business Analyst / Project Manager, mengelola serta membimbing tim development 
 Mengembangkan, menyesuaikan, dan memelihara modul sistem (termasuk Odoo dan sistem internal) 
 Membangun dan mengelola integrasi antar sistem melalui API dan data pipeline 
 Mengelola deployment dan memastikan sistem berjalan stabil, scalable, dan optimal 
 Melakukan code review dan menjaga standar kualitas pengembangan 
 Mendokumentasikan arsitektur, flow sistem, serta keputusan teknis 
 Berkontribusi dalam proyek berdampak tinggi untuk transformasi sektor industri di Indonesia 
 Memanfaatkan AI tools (GitHub Copilot, ChatGPT, Cursor, dll.) untuk meningkatkan produktivitas coding 
 
 Qualifications: 
 Minimal 5 tahun pengalaman dalam software development 
 Memiliki kemampuan leadership dan pengalaman sebagai technical mentor 
 Memahami system architecture dan scalable system design 
 Mampu bekerja sama dengan tim lintas fungsi (Business, Product, Ops) 
 Fasih dalam Bahasa Indonesia dan English (lisan & tulisan) 
 
 
 Technical Requirements: 
 
 Menguasai  Python, JavaScript / TypeScript, SQL, dan PostgreSQL 
 Memahami  desain API, system integration, dan backend architecture 
 Berpengalaman menggunakan Git, dan version control 
 Menguasai  Core ERP Stack: 
 
       Python dengan Odoo Framework, PostgreSQL, serta integrasi melalui REST API, Webhooks, dan Python-based connectors 
 
 Menguasai  Internal Applications Stack: 
 
       Frontend: Next.js, React, TypeScript, Tailwind CSS 
       Backend: NestJS, Node.js 
       Database & Tools: PostgreSQL, Redis, serta state management (React Context / Redux) 
 
 Menguasai  Infrastructure & Tools: 
 
      Docker & Docker Compose untuk containerization 
      Monitoring & Observability: ELK Stack, Sentry, Prometheus, Grafana 
      Environment: Linux VM dengan dukungan APM monitoring 
 
 Soft Skills: 
 Mampu memimpin inisiatif teknis, membimbing tim, serta mengambil keputusan secara efektif 
 Mampu berkomunikasi dengan jelas kepada berbagai pihak  
 Mendokumentasikan seluruh keputusan teknis dengan baik 
 Memahami proses bisnis serta dampak dari setiap keputusan, dan mampu mengidentifikasi peluang perbaikan serta otomatisasi proses","PT. Multi Power Aditama operates as a sole agent, distributor, and stockist for supporting parts of heavy equipment (earth-moving equipment) such as Bulldozers, Excavators, Drilling Machines, Motor Graders and Crawler Cranes.   
 With over 33 years of experience in the industry, particularly in the undercarriage and GET (Ground Engaging Tools) product category, we pride ourselves on providing world-class products and services that meet our customers expectations.  We have established long-term relationships with reputable OEMs, distributors, and manufacturers from Italy, Japan, the USA, Spain, Korea, and China.   
 We consistently deliver product guarantees to our end users to support their productivity targets and help them achieve their goals. Additionally, we offer oversized (heavy-duty) products designed to enhance cost efficiency for companies involved in heavy-duty operations.   
 Our motto, ""THE SOLUTION FOR EFFICIENCY,"" reflects our commitment to providing effective solutions.","medical coverage, meal allowance financial benefits, bpjs tenaga kerja insurance and health, travel, thr financial benefits",True,https://glints.com/id/opportunities/jobs/senior-software-engineer/47a762b8-e4f3-4712-8c95-6b8162103aeb,python sql design api nodejs mysql laravel mongodb reactjs odoo elk rest api javascript nestjs cyclic redundancy check crc redux microsoft sql server jquery postgresql c system integration
Mobile Developer,Information Technology and Services,CONTRACTOR,Mobile Developer,2026-03-17T05:04:06.979Z,2026-05-17,PT Sigma Global Teknologi,https://www.sigma-tech.co.id,https://images.glints.com/unsafe/glints-dashboard.oss-ap-southeast-1.aliyuncs.com/company-logo/3aba5816b8ecfbb79a395592af581035.png,"Sona Topas Tower Lt. 12, Jl. Jend. Sudirman, RT.4/RW.2, Kuningan, Kota Jakarta Selatan, Daerah Khusus Ibukota Jakarta 12920",Jakarta Utara,DKI Jakarta,ID,-6.13333,106.84028,9000000.0,11000000.0,IDR,MONTH,"Kotlin, Java, Android Development, React Native, Mobile UI Design, Mobile Development, Restful API",36.0,bachelor degree,"PT Sigma Global Teknologi, atau SIGMATECH sebagai perusahaan yang terkenal sebagai mitra teknologi perusahaan terkemuka untuk pengembangan perangkat lunak, mencari individu yang siap untuk berkontribusi dalam proyek-proyek yang menantang dan inovatif di bidang teknologi. Dengan fokus pada pengembangan solusi mobile dan web, SIGMATECH telah membangun reputasi sebagai mitra andal untuk aplikasi kritis dan pelanggan dari perusahaan asuransi global, lembaga pemerintah, hingga produsen produk konsumen besar. SIGMATECH berkomitmen untuk menjadi mitra solusi pertumbuhan terpercaya baik bagi para profesional IT maupun bisnis pelanggan di seluruh dunia. 
 
 Kami mencari Mobile Developer yang dapat membawa keahliannya dalam pengembangan aplikasi mobile dan web untuk mendukung visi dan misi SIGMATECH. Sebagai Mobile Developer, Anda akan bertanggung jawab untuk mengembangkan aplikasi berbasis mobile dengan menggunakan teknologi modern seperti React Native, Java, dan Kotlin. Tugas utama Anda termasuk merancang antarmuka pengguna yang intuitif, mengimplementasikan fitur-fitur unggulan, serta memastikan aplikasi yang dikembangkan memiliki performa optimal. Kami juga mengharapkan Anda untuk bekerja dalam lingkungan pengembangan yang fleksibel dan kreatif, serta bekerja sama dengan tim untuk memastikan aplikasi kami dapat memenuhi kebutuhan pelanggan. 
 
 Untuk menjadi bagian dari tim pengembangan SIGMATECH, Anda harus memenuhi beberapa persyaratan berikut: Pendidikan minimal S1, pengalaman kerja minimal 3 hingga 5 tahun di bidang pengembangan mobile, serta kemampuan dalam mengembangkan aplikasi mobile dengan React Native, Java, Mobile UI Design, Kotlin, Android Development, dan Restful API. SIGMATECH adalah tempat yang menghargai bakat dan dedikasi, dan kami memberikan kesempatan bagi profesional yang ingin berkembang di industri teknologi. Bergabunglah bersama kami dan ikuti jejak kesuksesan!","SIGMATECH is the enterprise technology partner of choice for software development, delivering a broad range of web, mobile, and desktop controls coupled with a service-oriented approach throughout the entire application life cycle. 
 SIGMATECH consists of highly skilled developers specializing in agile development methodology, focusing on Mobile & Web Solution, IT Services and business enterprise, utilizing modern programming languages as our platform. SIGMATECH has established itself as the trusted partner for use in mission-critical applications and service clientele from global insurance companies, government agencies and large consumer product manufacturers. 
 Our Vision : 
 To be the most reputable and dependable growth solution partner both for IT Professional Talents and Client's Businesses worldwide 
 Our Mission : 
 To be the most reputable and dependable growth solution partner both for IT Professional Talents and Client's Businesses worldwide 
 To be the most reputable and dependable growth solution partner both for IT Professional Talents and Client's Businesses worldwide","medical coverage, travel, thr financial benefits, bpjs tenaga kerja insurance and health",True,https://glints.com/id/opportunities/jobs/mobile-developer/a8913438-66c7-4320-b142-3173b4605385,kotlin java android development react native mobile ui design mobile development restful api
Software Engineer,Information Technology and Services,FULL_TIME,Full Stack Developer,2026-03-31T04:51:05.674Z,2026-05-01,PT. Digerati Atomic Indonesia,http://atomic.id,https://images.glints.com/unsafe/glints-dashboard.oss-ap-southeast-1.aliyuncs.com/company-logo/b26cab3fd43be04fff54cba7ed2e826b.jpg,"Ruko Dalton Summarecon Serpong, Jl. Scientia Boulevard Dalton Timur No.6, Gading Serpong Banten 15810​",Tangerang,Banten,ID,-6.2375,106.60833,4901117.0,5000000.0,IDR,MONTH,"PHP, Laravel, JavaScript",12.0,bachelor degree,"Software Engineer 
 Job description 
 We are looking for a Software Engineer to be responsible for the coding and develop the system.  
 Responsibilities 
 •  Write well designed, testable, efficient code by using best software development practices 
 • Gather and refine specifications and requirements based on technical needs 
 • Create and maintain software documentation 
 • Be responsible for maintaining, troubleshooting, expanding, and scaling the site 
 • Stay plugged into emerging technologies/industry trends and apply them into operations and activities 
 
 Requirements 
 •  Understanding of the software development lifecycle (SDLC) 
 • Adequate knowledge of relational database systems, Object Oriented Programming and web application development 
 • Familiarity with at least one of the following programming languages: PHP. Golang / Laravel will be the plus point. 
 • Aggressive problem diagnosis and creative problem solving skills 
 • Collaborative team working skills 
 • Ability to work and thrive in a fast-paced environment.","Established in 2009 as a small web development company based in Jakarta, Indonesia. Atomic is focused on business to business (B2B) services, specializing in custom and integrated solutions with powerful and adaptable digital solutions.","medical coverage, meal allowance financial benefits, thr financial benefits",True,https://glints.com/id/opportunities/jobs/software-engineer/5f2d2ab3-624d-4906-bc50-325cdfdd4a2f,php laravel javascript
Full-Stack Developer (Web & Mobile),Information Technology and Services,FULL_TIME,Full Stack Developer,2026-03-31T01:49:10.067Z,2026-05-01,PT. Vetencode Pradani Abadi,https://vetencode.com/,https://images.glints.com/unsafe/glints-dashboard.oss-ap-southeast-1.aliyuncs.com/company-logo/c09c40b0a33287252357753ba1f1f4f2.png,"Jalan Arwinda, Gadung Permai, Blk. E No.61, Bojong, Karangtengah, Kabupaten Cianjur, Jawa Barat 43281",Cianjur,Jawa Barat,ID,-6.8075,107.18333,2000000.0,3000000.0,IDR,MONTH,"Laravel, Node.js, React.js, JavaScript, MySQL",12.0,high school,"Kami di Vetencode sedang mencari Full-Stack Developer yang tangguh untuk bergabung dalam tim pengembang kami. Kamu akan mengambil peran penting dalam membangun dan mengembangkan ekosistem SaaS kami. Kalau kamu suka tantangan coding dari hulu ke hilir dan ingin melihat hasil kodemu berdampak langsung pada pengguna, posisi ini buat kamu! 
 
 Tanggung Jawab Utama : 
 
 Merancang, mengembangkan, dan memelihara sistem berbasis web skala enterprise menggunakan framework CodeIgniter dan Laravel. 
 Membangun antarmuka pengguna yang dinamis, responsif, dan user-friendly menggunakan NextJS, Node.js, Bootstrap 5, serta manipulasi DOM dengan jQuery dan AJAX. 
 Mengembangkan aplikasi mobile lintas platform (cross-platform) menggunakan Flutter yang terintegrasi mulus dengan sistem inti. 
 Membuat, mengelola, dan mendokumentasikan RESTful API secara aman untuk kebutuhan komunikasi antar platform. 
 Mengelola dan mengoptimalkan arsitektur database menggunakan MySQL untuk memastikan performa kueri data yang cepat dan efisien. 
 Melakukan troubleshooting, perbaikan bug, dan memastikan performa aplikasi selalu optimal. 
 
 
 Persyaratan : 
 
 Pengalaman kerja minimal 1-2 tahun sebagai Full-Stack Developer, Web Developer, atau Mobile Developer (kandidat dengan portofolio aplikasi/web yang sudah live akan sangat diutamakan). 
 Menguasai PHP (framework Laravel & CodeIgniter) tingkat menengah hingga mahir. 
 Berpengalaman kuat di ekosistem JavaScript: Node.js, NextJS, jQuery, dan pemahaman solid tentang arsitektur AJAX. 
 Terampil menyusun layout yang pixel-perfect dan responsif menggunakan Bootstrap 5. 
 Memiliki pengalaman nyata mendevelop aplikasi mobile menggunakan Flutter. 
 Mahir merancang relasi dan optimasi database MySQL. 
 Terbiasa dengan pembuatan dan konsumsi sistem API. 
 Mampu bekerja mandiri maupun kolaborasi tim, serta memiliki kemampuan problem-solving yang tajam. 
 
 
 Benefit : 
 
 Gaji Kompetitif: Sesuai dengan portofolio dan kecepatan coding yang kamu miliki. 
 Pengembangan Karir: Kesempatan langsung untuk menangani arsitektur sistem skala besar dan produk SaaS dari nol. 
 Lingkungan Dinamis: Kerja bareng tim yang fokus pada hasil, minim birokrasi, dan terbuka untuk eksplorasi teknologi baru.","PT. Vetencode Pradani Abadi (Vetencode) adalah perusahaan yang bergerak di bidang perdagangan dan jasa, yang dirintis sejak tahun 2019 dan berkedudukan di Kota Cianjur, Jawa Barat.","career growth, professional development",True,https://glints.com/id/opportunities/jobs/full-stack-developer-(web-&-mobile)/1dd2dee9-c0ed-4fe6-8df9-973acf754ecb,laravel nodejs reactjs javascript mysql
Senior Software Engineer,Information Technology and Services,FULL_TIME,Backend Developer,2026-03-10T05:07:40.67Z,2026-04-10,Aldmic COOPN Digital,https://coopn.aldmic.com/,https://images.glints.com/unsafe/glints-dashboard.oss-ap-southeast-1.aliyuncs.com/company-logo/03373b78ad6f21609529e15c227b4b32.jpeg,"Jl. Arjuna Utara No.9B, RT.8/RW.1, Duri Kepa, Kec. Kb. Jeruk, Kota Jakarta Barat, Daerah Khusus Ibukota Jakarta 11510",Jakarta Barat,DKI Jakarta,ID,-6.18889,106.77083,10000000.0,12000000.0,IDR,MONTH,"MySQL, Laravel, PHP",60.0,bachelor degree,"Responsibilities: 
 •	Design, develop, and maintain backend systems using PHP / Laravel. 
 •	Translate complex business requirements into scalable and maintainable technical solutions. 
 •	Own end-to-end feature development, from design and implementation to optimization. 
 •	Improve system performance through query optimization, caching, and refactoring. 
 •	Design efficient data flows for high-volume transactional systems. 
 •	Identify technical debt and propose pragmatic improvements. 
 •	Design and maintain robust database schemas and data relationships. 
 •	Build and maintain API integrations (payment gateways, messaging services, internal systems). 
 •	Ensure data integrity, consistency, and auditability. 
 •	Troubleshoot and resolve production issues with minimal downtime. 
 •	Implement safe deployment practices and backward-compatible changes. 
 •	Apply practical testing strategies where they add real value. 
 •	Collaborate closely with DevOps and IT Security on infrastructure and deployment. 
 •	Provide technical guidance and support to other developers when needed. 
 •	Participate in technical reviews and decision-making processes. 
 
 Requirements: 
 •	Bachelor’s degree in Computer Science, Information Technology, Software Engineering, or a related field. 
 •	5-10 years of experience as a Software Engineer or Backend Engineer. 
 •	Solid understanding of: 
 o	Software design principles 
 o	Database performance and indexing 
 o	RESTful API design 
 •	Hands-on experience with MySQL / MariaDB. 
 •	Able to work with complex, legacy, and high-risk systems. 
 •	Comfortable owning and supporting production systems. 
 •	Familiar with Linux environments, Git workflows, and CI/CD concepts. 
 •	Experience with cloud infrastructure is a plus. 
 •	Experience in mentoring or code reviews is a plus.",Aldmic COOPN Digital is a merchant aggregator that is specialized in F&B. We are a bespoke corporate loyalty program that manages loyalty program for companies.,"bpjs tenaga kerja insurance and health, vacation and leaves, medical coverage",True,https://glints.com/id/opportunities/jobs/senior-software-engineer/1de203c5-8ea1-44d5-824a-a9d5117e48ef,mysql laravel php
Staff Full Stack Developer jogja,Information Technology and Services,FULL_TIME,Full Stack Developer,2026-04-07T04:09:10.641Z,2026-05-08,PT SISTEM KESEHATAN INDONESIA,https://sistemkesehatan.id,https://images.glints.com/unsafe/glints-dashboard.oss-ap-southeast-1.aliyuncs.com/company-logo/ea1a8c90e1fcd583c05ee13520f0b860.png,"Kota Yogyakarta, Daerah Istimewa Yogyakarta 55242",Yogyakarta,DI Yogyakarta,ID,-7.77583,110.3575,2800000.0,3500000.0,IDR,MONTH,"JavaScript, Web Development, Relational Databases, Github Version Control, Database Management, HTML, CSS, jQuery, Teamwork, API Development, GIT, Codeigniter, PostgreSQL, Postman Software, Mobile App Development, Laravel, MySQL, Backend Laravel",12.0,high school,"Fullstack Developer 
 
 Tanggung Jawab : 
 -  Merancang dan menulis kode yang rapi, aman, dan scalable sesuai best practices 
 - Melakukan troubleshooting, debugging, dan bug fixing 
 - Berkolaborasi dengan tim dalam pengembangan 
 
 Kualifikasi: 
 Pengalaman 1–3 tahun di bidang Web Application Development 
 (Fresh graduate dipersilakan melamar dengan portofolio project pribadi) 
 
 Menguasai: 
 - Backend: 
     -  PHP 8.x, OOP, design pattern (Repository/Service). 
     - Laravel: Eloquent/Query Builder, Queues & Jobs, Validation, Resources, Schedules. 
     - CI3 (legacy): basic. 
     - Database: MySQL/MariaDB & PostgreSQL (transaction, locking, index & query plan). 
 
 - Frontend: 
      - Blade & CI3 views: HTML, CSS, Bootstrap 3-4, Javascript, jQuery, DataTables, Select2 
 
 Nilai Plus : 
 - Pengalaman React Native atau Flutter untuk pengembangan mobile (opsional)","PT Sistem Kesehatan Indonesia (SKI) DIY adalah perusahaan pengembang dan konsultan teknologi yang menyediakan solusi perangkat lunak inovatif di bidang Sistem Informasi Kesehatan. Dengan mengedepankan integritas, inovasi, dan pelayanan prima, SKI mendukung rumah sakit, klinik, serta institusi kesehatan dalam meningkatkan mutu layanan dan tata kelola melalui sistem yang efektif, efisien, aman, dan responsif.","thr financial benefits, bpjs tenaga kerja insurance and health, vacation and leaves",True,https://glints.com/id/opportunities/jobs/staff-full-stack-developer-jogja/3e05debd-7d78-498c-9709-2318b56cf497,javascript web development relational databases github version control database management html css jquery teamwork api development git codeigniter postgresql postman software mobile app development laravel mysql backend laravel
Full Stack Developer (React & ExpressJs),Information Technology and Services,FULL_TIME,Full Stack Developer,2026-03-13T08:55:36.031Z,2026-04-13,PT. FEBE TEKNOLOGI DIGITAL,https://www.febetech.com,https://images.glints.com/unsafe/glints-dashboard.oss-ap-southeast-1.aliyuncs.com/company-logo/6a9adb299a2e6b4c24246de452404308.png,"Plaza Kedoya Elok Blok DC-57, Jl. Panjang No.7-9, Kedoya Selatan, Kebon Jeruk",Jakarta Barat,DKI Jakarta,ID,-6.18889,106.77083,5000000.0,7000000.0,IDR,MONTH,"MySQL, Redux, jQuery, Express.Js, JavaScript, React.js, Next.Js, Laravel, Microsoft SQL Server, Node.js, HTML, PostgreSQL, PHP, React Native",12.0,high school,"Job Requirements 
 
 Min. Experience 1-2 years 
 Skill in Standard HTML, CSS, Bootstrap, Javascript & ES6 Development 
 Skill in Frontend development using React.JS (Web) & React Native (Mobile app) 
 Skill in framework Next.JS will be an plus advantage 
 Skill in Redux State management 
 Skill in Backend Web API (RESTful, JSON) development using Express.JS 
 Skill in Database development (Normalization Concept, ERD Design, SQL Query, View, Stored Procedures, etc.)  
 Skill in ORM Sequelize will be an advantage","PT FEBE TEKNOLOGI DIGITAL atau lebih dikenal dengan nama FEBE-TECH adalah perusahaan IT di Indonesia yang menyediakan solusi dan servis IT menyeluruh untuk mendukung bisnis customer kami. 
 
VISION 
 Menjadi market leader perusahaan IT di Indonesia 
 
MISI 
 Memberikan solusi dan servis IT terbaik dengan tepat sasaran, track record yang baik dan pelayanan yang prima","remote work, flexible work hours",True,https://glints.com/id/opportunities/jobs/full-stack-developer-(react-&-expressjs)/da4bd9b3-8c33-408f-b17f-4021566585ca,mysql redux jquery expressjs javascript reactjs nextjs laravel microsoft sql server nodejs html postgresql php react native
Senior Web Developer,Marketing and Advertising,FULL_TIME,Backend Developer,2026-03-23T09:34:14.291Z,2026-04-23,SATUVISION Digital Agency,https://www.satuvision.com,https://images.glints.com/unsafe/glints-dashboard.oss-ap-southeast-1.aliyuncs.com/company-logo/8326d69ea76cbfb74cc0831042ca5b96.png,"Jl. Pulau Komodo I No.4, Dauh Puri Klod, Kec. Denpasar Bar., Kota Denpasar, Bali 80114",Denpasar,Bali,ID,-8.66889,115.19722,6000000.0,8000000.0,IDR,MONTH,"JavaScript, Advanced Programming Skills, Performance & Security Optimization",12.0,professional certificate,"Location 
 Hybrid working (4 Days a Month Work from Home) at Jalan Pulau Komodo I, No. 4, Denpasar Barat, Bali 
 About PT. Media Group Asia (SATUVISION): 
 PT. Media Group Asia (SATUVISION) is a performance-driven digital marketing agency providing innovative solutions for the hospitality and real estate industries. Our expertise spans performance marketing, website development, content marketing, SEO, and strategic advertising, helping businesses scale and grow online. With a strong presence in Bali and Jakarta, we are a recognized leader in the industry, delivering data-driven marketing solutions that drive measurable success. 
 
 Job Brief 
 We are looking for a highly experienced and motivated Senior Web Developer to join our dynamic team. As a Senior Web Developer, you will be responsible for designing, coding, and modifying websites from layout to function according to our client’s specifications. You will work closely with our UI/UX designers, copywriters, and other developers to create visually appealing sites that feature user-friendly design and clear navigation. 
 
 Responsibilities 
 
 Assist in the design, development, and maintenance of websites and web applications. 
 Write well-designed, testable, efficient code by using best software development practices. 
 Create website layout/user interfaces by using standard HTML/CSS/Javascript/PHP practices. 
 Integrate data from various back-end services and databases. 
 Gather and refine specifications and requirements based on technical needs. 
 Create and maintain software documentation. 
 Stay plugged into emerging technologies/industry trends and apply them to operations and activities. 
 Lead, mentor, and inspire a team of junior web developers, ui/ux designers, and SEO experts. 
 
 Requirements: 
 
 Bachelor’s degree in Computer Science, Information Technology, or a related field. 
 At least 5 or more years of website development. 
 Proven experience in team leadership and management. 
 Proven working experience in web programming. 
 Top-notch programming skills and in-depth knowledge of modern HTML/CSS. 
 Familiarity with at least one of the following programming languages: PHP, ASP.NET, JavaScript, or Ruby on Rails. 
 A solid understanding of how web applications work, including security, session management, and best development practices. 
 Adequate knowledge of relational database systems, Object Oriented Programming, and web application development. 
 Hands-on experience with network diagnostics, and network analytics tools. 
 Basic knowledge of Search Engine Optimization (SEO) processes. 
 Strong problem-solving skills and ability to work independently. 
 Excellent written and verbal communication skills in English and Bahasa. 
 
 
 Working Hours 
 
 8 hours per day, 40 hours per week 
 Day off on weekends (Saturday & Sunday) 
 Flexible hybrid work setup with opportunities for remote work. 
 Religious Holiday",Helping businesses in the hospitality industry to reach their full potential by driving results through effective digital marketing strategies is our goal as a hospitality digital marketing agency. Our team is dedicated to providing exceptional customer s,"well ness, vacation and leaves, professional development, medical coverage, team building events, remote work, flexible work hours, career growth",True,https://glints.com/id/opportunities/jobs/senior-web-developer/05e4231f-4b07-44b1-bf54-2470f75404ea,javascript advanced programming skills performance security optimization
Senior Fullstack Developer (Golang & React),Logistics and Supply Chain,FULL_TIME,Full Stack Developer,2026-02-28T03:30:32.033Z,2026-05-01,PT Tirtamas Coldstorindo Logistik,https://tclgroup.co.id,https://images.glints.com/unsafe/glints-dashboard.oss-ap-southeast-1.aliyuncs.com/company-logo/f3b9dd4cace9cea880924fd0dcb00f04.jpg,"Jl. Bakalan, Kel. Bakalanwringipitu, Kec. Balongbendo, Sidoarjo",Surabaya,Jawa Timur,ID,-7.3125,112.68833,6500000.0,7500000.0,IDR,MONTH,"SDLC, React.js, Messege Brokers, Flutter, PostgreSQL, NoSQL, Microservices Architecture, Go / Golang, CI/CD",36.0,high school,"We are looking for a Senior Fullstack Developer  who can take full ownership of our technical ecosystem, from high-performance backend services to responsive frontend interfaces. This role is ideal for a ""product-minded"" engineer who thrives in a lean team, loves solving complex logic, and isn't afraid to leverage AI to accelerate delivery without compromising on code quality. 
 
 What You’ll Do: 
 
 Design, develop, and maintain scalable backend services using Golang. 
 Build intuitive and performant web interfaces using React.js. 
 Architect and manage Microservices structures, including inter-service communication and API gateways. 
 Implement robust data persistence using SQL (PostgreSQL) and NoSQL databases, ensuring data integrity and query optimization. 
 Manage asynchronous workflows and system integrations using Message Brokers. 
 Apply SOLID principles and Clean Architecture to ensure the codebase remains maintainable and testable. 
 Utilize AI tools (Cursor, Copilot, ChatGPT, etc.) strategically to speed up development, refactoring, and unit testing. 
 Collaborate closely with the Product Owner, Business Analysts, and designers to turn complex requirements into technical reality. 
 
 
 What We’re Looking For: 
 
 Minimum 4 years of experience as a Fullstack Developer or similar role. 
 Deep expertise in Golang (concurrency, interfaces, performance tuning). 
 Proficiency in React.js and modern frontend state management. 
 Experience in designing and handling complex workflows or data-heavy applications (SaaS/ERP experience is a major plus). 
 Strong understanding of the SDLC and the ability to handle products from research to delivery. 
 High Attention to Detail: You care about edge cases, race conditions, and UI/UX consistency. 
 AI-Native Workflow: Comfortable using AI as a ""force multiplier"" while maintaining the critical eye needed to review and refine AI-generated code. 
 Plus Point: Experience with Flutter for cross-platform mobile development. 
 Clear communicator and a collaborative team player who can bridge the gap between business needs and technical constraints. 
 Work From Office & Placement: Wiyung, Surabaya 
 
 
 What This Role Is (and Is Not): 
 
 High Ownership: You are the architect and the builder of the features you ship. 
 Logic Intensive: Not a ""copy-paste"" or execution-only role; you will solve deep architectural challenges. 
 
 
 Why Join Us: 
 
 High ownership and direct impact on the technical direction of our products. 
 Opportunity to work with a modern tech stack and experimental AI-augmented workflows. 
 Close collaboration with decision-makers in a fast-moving, resource-lean environment. 
 Strong portfolio impact through end-to-end ownership of complex systems (Logistics, ERP, Accounting, etc.)","PT Tirtamas Coldstorindo Logistik atau disingkat TCL merupakan perusahaan yang bergerak di bidang Jasa Cold Storage dan Logistic berpusat di Kabupaten Sidoarjo, Jawa Timur.","medical coverage, perform bonus financial benefits, thr financial benefits, bpjs tenaga kerja insurance and health, career growth, user defined",True,https://glints.com/id/opportunities/jobs/senior-fullstack-developer-(golang-&-react)/3cddc395-c2ea-4a0c-9c7f-a9062d3231ae,sdlc reactjs messege brokers flutter postgresql nosql microservices architecture go golang cicd
Fullstack Web & Mobile Developer,Manufacturing,FULL_TIME,Full Stack Developer,2026-04-06T06:59:46.808Z,2026-05-07,CAHAYA SANI VOKASI,https://sanivokasi.com,https://images.glints.com/unsafe/glints-dashboard.oss-ap-southeast-1.aliyuncs.com/company-logo/4b4a3aff8b44830838110bd5021c284d.jpeg,"Pergudangan Eraprima Blok I. 2, Jl. Daan Mogot No.KM 21, Kec. Batuceper, Kota Tangerang, Banten 15122",Tangerang,Banten,ID,-6.16389,106.67917,7000000.0,9000000.0,IDR,MONTH,"Laravel, JavaScript, MySQL, Microsoft SQL Server",12.0,bachelor degree,"Qualification : 
 
 Minimum Bachelor’s Degree (S1) or Diploma (D3) in Informatics Engineering, Information Systems, or a related field 
 Minimum 1–3 years of experience as a Fullstack Developer 
 Experience in developing both web and mobile applications 
 Able to work both independently and in a team 
 Strong problem-solving skills 
 Good communication skills and ability to explain technical concepts clearly 
 Able to work under deadlines 
 
 
 Job description : 
 
 Proficient in Flutter for mobile application development (Android & iOS) 
 Proficient in React.js for web frontend development 
 Proficient in Laravel (PHP Framework) for backend development 
 Strong understanding of REST API concepts and API integration 
 Experienced with databases such as MySQL / PostgreSQL 
 Familiar with Git (version control) 
 Solid understanding of HTML, CSS, and JavaScript 
 Understanding of responsive design and basic UI/UX principles 
 Experience with state management (Provider, Bloc, Redux, etc.) 
 Experience deploying applications to the Play Store / App Store 
 Familiarity with Docker / CI/CD 
 Basic knowledge of cloud services (AWS, GCP, or similar) 
 
 
 Portfolio: 
 
 Must attach a portfolio of projects (GitHub or previously developed applications)","Cahaya Sani Vokasi, PT is a Jakarta based manufacturing jewelry company serving globally and internationally that specializes in gold and diamond jewelry in Indonesia. Bringing together as a team to create the finest quality, latest designs, and widest range of jewels. 
 Working together with highly experienced designers, skilled craftsmen, a trained researcher and developer, and high-tech machinery, we create the most exquisite jewelry. 
 Today, embraced by Cahaya Sani Vokasi, we are able to grow and to provide our customers from middle to high-end with more varieties of jewelry products and gems, channeling through our brands","bpjs tenaga kerja insurance and health, thr financial benefits, medical coverage",True,https://glints.com/id/opportunities/jobs/fullstack-web-&-mobile-developer/76a8d981-ba44-42ef-bd4e-bd59b90db29b,laravel javascript mysql microsoft sql server
Mobile Developer,Information Technology and Services,FULL_TIME,Mobile Developer,2026-03-25T03:38:18.888Z,2026-04-25,PT IOTA CIPTA INDONESIA,https://iotanesia.com,https://images.glints.com/unsafe/glints-dashboard.oss-ap-southeast-1.aliyuncs.com/company-logo/f52e77daec31bba7c8af42565e5dec1b.png,"Jl. Tebet Barat Dalam Raya No.40, RT.14/RW.3, Tebet Bar., Kec. Tebet, Kota Jakarta Selatan, Daerah Khusus Ibukota Jakarta 12810",Jakarta Selatan,DKI Jakarta,ID,-6.22917,106.85139,4000000.0,7000000.0,IDR,MONTH,"iOS Development, Problem Solving, Android Development, Flutter",12.0,bachelor degree,"Deskripsi pekerjaan MOBILE DEVELOPER PT IOTA CIPTA INDONESIA 
 
 Responsibilitas: 
 
 Mengembangkan aplikasi untuk platform Android atau iOS. 
 Merancang, membangun, dan memelihara kode aplikasi mobile yang berkualitas. 
 Menerapkan fitur canggih seperti notifikasi push, geolokasi, atau lainnya dalam aplikasi. 
 Mengoptimalkan aplikasi untuk meningkatkan pengalaman pengguna dan kecepatan respons. 
 Mempelajari dan menerapkan pedoman desain dan kebijakan platform (Material Design untuk Android, Human Interface Guidelines untuk iOS). 
 
 Kualifikasi: 
 
 Pengalaman kerja atau pengalaman praktik yang relevan dalam pengembangan mobile. 
 Pemahaman yang baik tentang bahasa pemrograman yang digunakan dalam pengembangan aplikasi mobile, seperti Java atau Kotlin untuk platform Android, atau Swift atau Objective-C untuk platform iOS. 
 Pengetahuan tentang framework dan teknologi yang digunakan pengembangan aplikasi.",Digital Transform Business & Consultant IT,thr financial benefits,True,https://glints.com/id/opportunities/jobs/mobile-developer/1ac6ae1f-c6af-453c-9cd9-2e601ffbf754,ios development problem solving android development flutter
Fullstack Developer (Spring & Angular or React),Information Technology and Services,CONTRACTOR,Full Stack Developer,2026-02-12T11:10:45.48Z,2026-05-09,PT Sigma Global Teknologi,https://www.sigma-tech.co.id,https://images.glints.com/unsafe/glints-dashboard.oss-ap-southeast-1.aliyuncs.com/company-logo/3aba5816b8ecfbb79a395592af581035.png,"Sona Topas Tower Lt. 12, Jl. Jend. Sudirman, RT.4/RW.2, Kuningan, Kota Jakarta Selatan, Daerah Khusus Ibukota Jakarta 12920",Jakarta Selatan,DKI Jakarta,ID,-6.22917,106.85139,6000000.0,8000000.0,IDR,MONTH,"Angular.js, React.js, Spring Boot",36.0,bachelor degree,"Requirements 
 
-More than 3 years’ experience in large-scale software system development and design and experience in independent analysis and design of system as part of a software project are needed. 
 -Project Management knowledge. 
 -Design Interactive/ Design System, Responsive System. 
 -Proficient in Java Angular, React JS, JavaScript, Animation [Front-end] 
 -Proficient in Java and Spring, have in-depth experience in using and optimizing various open source [Backend] 
 -Proficient in frameworks such as Spring, Spring Cloud, SpringBoot, SpringMVC. [Backend] 
 -Proficient in using at least one of mysql\oracle databases, familiar with database design and tuning. 
 -Familiar with distributed, cache, message, load balancing and other mechanisms and their implementation; 
 -Familiarity with finance and loan business is preferred. 
 -Having experience in F&B is preferred","SIGMATECH is the enterprise technology partner of choice for software development, delivering a broad range of web, mobile, and desktop controls coupled with a service-oriented approach throughout the entire application life cycle. 
 SIGMATECH consists of highly skilled developers specializing in agile development methodology, focusing on Mobile & Web Solution, IT Services and business enterprise, utilizing modern programming languages as our platform. SIGMATECH has established itself as the trusted partner for use in mission-critical applications and service clientele from global insurance companies, government agencies and large consumer product manufacturers. 
 Our Vision : 
 To be the most reputable and dependable growth solution partner both for IT Professional Talents and Client's Businesses worldwide 
 Our Mission : 
 To be the most reputable and dependable growth solution partner both for IT Professional Talents and Client's Businesses worldwide 
 To be the most reputable and dependable growth solution partner both for IT Professional Talents and Client's Businesses worldwide","work station, bpjs tenaga kerja insurance and health, thr financial benefits, near public transport work environment and facilities, medical coverage",True,https://glints.com/id/opportunities/jobs/fullstack-developer-(spring-&-angular-or-react)/72434248-b79e-46f7-bbf8-387dd6f7d4e6,angularjs reactjs spring boot
Fullstack Developer (NodeJS & Express.Js) - English Speaker,Information Technology and Services,CONTRACTOR,Full Stack Developer,2026-03-27T03:36:38.356Z,2026-04-27,PT Sigma Global Teknologi,https://www.sigma-tech.co.id,https://images.glints.com/unsafe/glints-dashboard.oss-ap-southeast-1.aliyuncs.com/company-logo/3aba5816b8ecfbb79a395592af581035.png,"Sona Topas Tower Lt. 12, Jl. Jend. Sudirman, RT.4/RW.2, Kuningan, Kota Jakarta Selatan, Daerah Khusus Ibukota Jakarta 12920",Jakarta Selatan,DKI Jakarta,ID,-6.21944,106.82917,8000000.0,11800000.0,IDR,MONTH,"PostgreSQL, NestJS, React.js, TypeScript, CSS, Node.js, Express.Js, fullstack, Amazon Web Services (AWS), Tailwind, Vite",36.0,bachelor degree,"Technologies:  
 We work with modern and proven technologies that allow us to solve business problems and deliver quality products as best as we can. You can expect to work with some of these technologies.  
 ● Web applications: ReactJS, TypeScript, Vite, TailwindCSS, or similar.  
 ● Back-end: NodeJS, NestJS, with ORMs like Prisma or Sequelize.  
 ● Database: PostgreSQL, or any similar database.  
 ● Cloud: AWS, or any similar cloud provider. 
 
 Preferred qualifications:  
 ● (BIG PLUS): Experience in investment platforms or core FinTech platforms that are calculation-heavy.  
 ● Strong understanding of data structures and algorithms.  
 ● Software development experience in at least two programming languages, preferably JavaScript and Python.  
 ● Professional working proficiency in the English language.  
 Minimum Stack Requirements:  
 ● Strong understanding of ReactJS, NestJS and/or ExpressJS Web Frameworks.  
 ● Ability to deploy, maintain, and perform CI/CD tasks in Docker.  
 ● Ability to debug database related issues in SQL and Redis.  
 ● Ability to work with third-party applications such as SendGrid, Stripe, Sentry, etc.  
 
 Preferred Stack Requirements:  
 ● Ability to work with AWS.  
 ● Ability to write and maintain REST or GraphQL APIs.  
 ● Basic knowledge of caching and database performance tuning. 
 
 MUST TO HAVE: 
 * Fluent in English (verbal & written). 
 * Full WFH. 
 * Ability to work as an Independent Contractor (IC). 
 
 Jobdesc: 
 Develop and maintain end-to-end web applications. 
 Handle both UI development and server-side logic. 
 Collaborate with designers, product managers, and engineering teams. 
 Build scalable, secure, and high-performance APIs. 
 Maintain frontend codebases and ensure seamless integration with backend services. 
 Write clean, maintainable, and reusable code. 
 Perform testing, debugging, and optimization. 
 Participate in architecture planning and technical decision-making.","SIGMATECH is the enterprise technology partner of choice for software development, delivering a broad range of web, mobile, and desktop controls coupled with a service-oriented approach throughout the entire application life cycle. 
 SIGMATECH consists of highly skilled developers specializing in agile development methodology, focusing on Mobile & Web Solution, IT Services and business enterprise, utilizing modern programming languages as our platform. SIGMATECH has established itself as the trusted partner for use in mission-critical applications and service clientele from global insurance companies, government agencies and large consumer product manufacturers. 
 Our Vision : 
 To be the most reputable and dependable growth solution partner both for IT Professional Talents and Client's Businesses worldwide 
 Our Mission : 
 To be the most reputable and dependable growth solution partner both for IT Professional Talents and Client's Businesses worldwide 
 To be the most reputable and dependable growth solution partner both for IT Professional Talents and Client's Businesses worldwide","work station, medical coverage, bpjs tenaga kerja insurance and health, thr financial benefits, near public transport work environment and facilities",True,https://glints.com/id/opportunities/jobs/fullstack-developer-(nodejs-&-express.js)---english-speaker/2a8089fc-a0ac-4b1e-a453-cab36c08c624,postgresql nestjs reactjs typescript css nodejs expressjs fullstack amazon web services aws tailwind vite
Dev Ops,Information Technology and Services,CONTRACTOR,Backend Developer,2026-04-09T02:30:14.066Z,2026-05-10,Vesperia Global Merdeka,http://vesperia.id,https://images.glints.com/unsafe/glints-dashboard.oss-ap-southeast-1.aliyuncs.com/company-logo/f85753ef7ac35f9384412f68e5dcc32c.jpeg,"Jl. Lapangan Ros Raya no 16 A, Tebet, Jakarta Selatan
",Jakarta Timur,DKI Jakarta,ID,-6.22778,106.87778,5000000.0,8500000.0,IDR,MONTH,"MongoDB, Laravel, Google Cloud Platform, API Development, PostgreSQL, MySQL",36.0,bachelor degree,"Kualifikasi : 
 A. Pendidikan : S1 Teknologi Informasi 
 B. Pengalaman kerja : Min. 3 Tahun 
 
 Jobdesk: 
 
 Design, implement, and manage scalable and reliable Kubernetes clusters. 
 Configure and maintain service meshes using Istio for microservices communication. 
 Set up and manage data streaming solutions with Debezium for change data capture. 
 Deploy and manage applications on Google Cloud Platform (GCP). 
 Administer PostgreSQL and MongoDB databases. 
 Implement API Gateway solutions using Apache APISIX. 
 Utilize ArgoCD and Jenkins for GitOps-based continuous delivery and CI/CD pipelines. 
 Monitor and troubleshoot applications and infrastructure using the EFK (Elasticsearch, Fluentd, Kibana) stack. 
 Implement Grafana for observability. 
 Implement OpenTelemetry for distributed tracing and metrics collection. 
 Collaborate with development teams to define and implement DevOps best practices. 
 Manage source code repositories and workflows using GitHub.","We are IT consulting corporation specializing in field of professional Web developers, Android and IOS apps. We also focus on the development of infrastructure and payment technology. 
 As a leading technology consultant and development, Vesperia has been established in 2014. We started as an energetic and dynamic development company. Now, we are leading as technology provider. 
 At Vesperia, we take innovations not for granted. We know that in every levels, technology is necessary to reach out the goals. In all our works, Vesperia combines innovative insights and aimed goals to answer the technological-needs for our partners.","career growth, perform bonus financial benefits, near public transport work environment and facilities",True,https://glints.com/id/opportunities/jobs/dev-ops/ac56fc8c-12e7-47e7-a122-8afe22ba7c51,mongodb laravel google cloud platform api development postgresql mysql
software Engineer,Information Technology and Services,FULL_TIME,Backend Developer,2026-03-27T09:36:47.421Z,2026-04-27,PT Askara Advertensi Internasional,https://askara-tech.com/,https://images.glints.com/unsafe/glints-dashboard.oss-ap-southeast-1.aliyuncs.com/company-logo/1f00b8f156ebdca46bd81034ce5dc7cc.jpg,"GRAND KOTA BINTANG NO. 9C
Jl. Raya Kalimalang, Jakasampurna
Bekasi - West Java",Jakarta Selatan,DKI Jakarta,ID,-6.21944,106.82917,5000000.0,5700000.0,IDR,MONTH,"PostgreSQL, MySQL, PHP, Python, Laravel, Java, Microsoft SQL Server",12.0,bachelor degree,"Tugas dan tanggung jawab: 
 1      Menerjemahkan desain teknis yang diberikan menjadi kode yang berfungsi 
 2	Menulis dan mengintegrasikan kode baru ke dalam basis kode yang sudah ada 
 3	Membuat dan menjalankan pengujian 
 4	Secara aktif melakukan debugging dan perbaikan bug yang ditemukan 
 5	Melakukan perbaikan struktur kode dan optimasi kinerja 
 6	Berpartisipasi dalam Code Review dan menulis dokumentasi teknis 
 
 Persyaratan: 
 1. Lulusan SMK Rekayasa Perangkat Lunak dengan pengalaman atau S1 Teknik Informatika 
 2. Background pengalaman pada System Akuntansi, Travel Agent atau manufacture.  
 3. Disiplin, Bertanggung Jawab, Teliti dan tekun","Technology, Information and Media","work station, vacation and leaves, bpjs tenaga kerja insurance and health, medical coverage, thr financial benefits",True,https://glints.com/id/opportunities/jobs/software-engineer/3d196757-0018-4c0e-9888-77b05eca7d17,postgresql mysql php python laravel java microsoft sql server
Senior Full Stack Developer (On-Site Required),Education Management,FULL_TIME,Full Stack Developer,2026-03-13T10:03:48.22Z,2026-04-13,MindFlex Education Pte. Ltd,https://singaporetuitionteachers.com,https://images.glints.com/unsafe/glints-dashboard.oss-ap-southeast-1.aliyuncs.com/company-logo/cd6f190a0e966671ba9988adfd7f49bf.png,28 Sin Ming Lane,Jakarta Selatan,DKI Jakarta,ID,-6.21944,106.82917,18000000.0,24000000.0,IDR,MONTH,"SQL, HTML, WordPress Development, PHP, AI Systems, JavaScript, CSS",60.0,bachelor degree,"We are a Singapore-based company looking for a  Senior Full-Stack Developer  (min 5 years of full-stack experience) who enjoys building reliable, well-structured systems and takes pride in clean, efficient code. 
 
 You’ll work across the full stack - from database design to front-end and mobile components — and play a key role in improving performance, scalability, and long-term maintainability of our products. 
 
 This role is hands-on and ownership-driven, ideal for someone who likes solving real-world problems and improving systems, not just shipping features. 
 
 You will be required to work on-site at GoWork, RDTX Square, Jakarta. Please do not apply in if you're unable to meet this requirement.  
   
 Technical Skills Required 
 - PHP (advanced / expert level) 
 - SQL (strong fundamentals and query optimisation) 
 - MariaDB 
 - HTML, CSS, JavaScript 
 - React Native 
 - Expo 
 - WordPress (customisation, plugins, performance tuning) 
 - API development (RESTful APIs, backend logic, integrations) 
 - AI integrations (APIs, automation, or AI-assisted features) 
 
 Nice To Have 
 - Experience implementing push notifications 
 - Familiarity with Jira for task and sprint management 
 - Comfortable using GitHub and Beanstalk for version control and deployments 
 - Experience working with Figma Dev Mode for design handoff 
 - Exposure to manual and/or automated testing 
 - Experience with performance tuning, debugging, and production issue resolution 
 - Prior experience working with remote or cross-border teams 
 
 Responsibilities 
 - Design, build, and maintain end-to-end web and mobile features, from database to UI 
 - Write clean, readable, and maintainable code following best practices 
 - Refactor and improve existing systems to enhance performance and reliability 
 - Ensure cross-browser and cross-device compatibility 
 - Develop and maintain reusable components and shared libraries 
 - Identify bottlenecks and implement performance optimisations across the stack 
 - Collaborate closely with designers, product managers, and other developers 
 - Take ownership of tasks and proactively suggest improvements to systems and processes 
 - Contribute to technical discussions and help raise overall code quality 
 - Lead other team members in Batam as we scale development team 
 
 Other Information 
 - You will be working with a Singaporean team, and also with other colleagues from Indonesia as we scale up our development team. 
 - You will be required to work together with your team physically on-site at a co-working space 
 - Candidates must be comfortable in communicating in English (spoken and written) & able to collaborate effectively with Singapore-based stakeholders and Indonesian-based teammates","MindFlex Education is Singapore's #1 provider for all private & home-related tuition services in Singapore.  As of 2026, we have arranged over 120,000+ tuition cases for 70,000+ happy clients. 
 Aside from excelling in our core business, we aim to provide meaningful job opportunities for our full-time staff and interns. If you are a dynamic team-player who is passionate for growth & fulfillment, join us today! You will enjoy your time with us!","free food and beverages, flexible work hours, professional development",True,https://glints.com/id/opportunities/jobs/senior-full-stack-developer-(on-site-required)/cb0d5676-0443-47b6-8463-917b3a3315ea,sql html wordpress development php ai systems javascript css
Fullstack Developer (.NET Angular Selenium),Information Technology and Services,FULL_TIME,Full Stack Developer,2026-04-09T06:51:53.192Z,2026-05-10,PT Karisma Zona Kreatifku (KAZOKKU),https://kazokku.com/,https://images.glints.com/unsafe/glints-dashboard.oss-ap-southeast-1.aliyuncs.com/company-logo/3ad95027979abea42c1674d06974a492.jfif,"Jl. TB Simatupang, Ragunan, Ps. Minggu, Kota Jakarta Selatan, Daerah Khusus Ibukota Jakarta 12540",Jakarta Selatan,DKI Jakarta,ID,-6.21944,106.82917,8000000.0,12000000.0,IDR,MONTH,"MySQL, Angular.js, C#, API Development, .NET, Microsoft SQL Server",36.0,bachelor degree,"Project Information: 
 
 Project: Insurance 
 Contract Duration: 12 months 
 Work Location: Onsite – Jakarta Selatan 
 Technology Stack: C# .NET, Angular 14, MS SQL Server, Selenium/Automation tools 
 Start Date: ASAP 
 
 
 Job Description: 
 
 Develop, enhance, and maintain web-based applications for MSA Enhancement project. 
 Handle both Front End and Back End development using Angular 14 and C# .NET. 
 Design, develop, and integrate RESTful APIs. 
 Implement responsive UI with good understanding of UI/UX principles. 
 Manage and optimize databases using MS SQL Server. 
 Apply secure coding practices to ensure application security. 
 Collaborate with cross-functional teams for development, testing, and deployment. 
 Support DevOps processes including build, deployment, and CI/CD activities. 
 Perform troubleshooting, debugging, and code review as required. 
 
 
 Skill Requirements: 
 
 Proven experience as Fullstack .NET Developer. 
 Strong proficiency in  C# .NET . 
 Hands-on experience with  Angular  (JavaScript / TypeScript). 
 Solid understanding of API development and integration. 
 Experience with MS SQL Server. 
 Good sense of UI/UX. 
 Basic knowledge of Secure Coding principles. 
 Familiar with DevOps tools and practices. 
 Able to work  onsite  in  Jakarta Selatan . 
 Can join  ASAP  is preferred.",KAZOKKU adalah perusahaan IT Outsourcing Profesional yang memiliki spesialisasi dalam penyediaan Tenaga IT Profesional untuk pengembangan software.,"bpjs tenaga kerja insurance and health, medical coverage, thr financial benefits",True,https://glints.com/id/opportunities/jobs/fullstack-developer-(.net-angular-selenium)/537d4f8b-aeba-4779-8194-5c4e2c56fff8,mysql angularjs c api development net microsoft sql server
Fullstack Developer (New System Development – Migration Project),Logistics and Supply Chain,FULL_TIME,Full Stack Developer,2026-04-01T13:18:25.322Z,2026-05-08,PT. Mismass Indo Group,https://www.mismasslogistic.com,https://images.glints.com/unsafe/glints-dashboard.oss-ap-southeast-1.aliyuncs.com/company-logo/04cf612945d90af8d548a4c48de1fff7.jpeg,"Jl. Mangga Raya No.447, RT.3/RW.3, Duri Kepa, Kec. Kb. Jeruk, Kota Jakarta Barat, Daerah Khusus Ibukota Jakarta 11510",Jakarta Barat,DKI Jakarta,ID,-6.1625,106.7875,6000000.0,7000000.0,IDR,MONTH,"Laravel, C++, IT Service Management, Node.js, PostgreSQL, IT Infrastructure Management, JavaScript, Web Design, React.js, jQuery, Website Management, Backend Development, UI Design, WMS System, Microsoft SQL Server, MongoDB, System Design, MySQL, Web Development, System Integration",36.0,professional certificate,"Kami,  PT. Mismass Indo Group , mencari developer untuk  mengembangkan sistem baru yang lebih terstruktur dengan mengacu pada sistem existing yang saat ini sudah berjalan . Jika kamu kandidat yg berpengalaman membuat sistem yg dimulai dari awal dan konsep membership login. Silahkan apply.  
 
 TANGGUNG JAWAB : 
 
 Melakukan analisis terhadap sistem existing sebagai dasar informasi awal dan pengembangan 
 Mendesain arsitektur sistem dan flow yang lebih optimal serta scalable 
 Mengembangkan sistem baru secara bertahap dengan pendekatan yang terstruktur 
 Menentukan struktur database yang efisien dan mudah dikembangkan 
 Mengelola proses migrasi data secara bertahap dan aman 
 Berkontribusi dalam perencanaan pengembangan fitur, termasuk login dan membership system 
 
 
 PERSYARATAN :  
 
 Pengalaman minimal 3–4 tahun sebagai developer 
 Memiliki pengalaman membangun sistem dari awal 
 Memahami system flow, database design, dan dasar system architecture 
 Terbiasa membuat struktur code yang rapi dan terorganisir 
 Memiliki pengalaman dalam pengembangan login system / membership menjadi nilai tambah 
 Mampu bekerja mandiri dan memiliki problem solving yang baik 
 
 
 STATUS & BENEFIT :  
 
 Full-time  
 Lulus training -> kontrak 1 tahun (dengan kemungkinan perpanjangan) 
 Target pengembangan sistem utama dalam 6 bulan pertama 
 Bonus per project  
 BPJS TK, Cuti tahunan & THR","We are 3PL (Third-Party Logistic) Agent providing cost-effective solutions in distribution logistic, warehousing, consolidation and door-to-door service from overseas to Indonesia ranges from sea freight, air freight and land transport. 
 
 Our motto “We Deliver Your Business” is an end-to-end solutions that designed to deliver our customers business needs in a safe, reliable and fast shipping process with competitive price. 
 
 
 www.mismasslogistic.com","overtime pay financial benefits, perform bonus financial benefits, bpjs tenaga kerja insurance and health, thr financial benefits",True,https://glints.com/id/opportunities/jobs/fullstack-developer-(new-system-development-–-migration-project)/789754f1-bf57-4606-8283-b07c01638989,laravel c service management nodejs postgresql infrastructure management javascript web design reactjs jquery website management backend development ui design wms system microsoft sql server mongodb system design mysql web development system integration
Software Engineer,Information Technology and Services,FULL_TIME,Full Stack Developer,2026-04-06T09:44:46.635Z,2026-05-07,PT DYNAMIC LABS INTERNATIONAL,http://dynamiclabs.app,https://images.glints.com/unsafe/glints-dashboard.oss-ap-southeast-1.aliyuncs.com/company-logo/78ffcdd3103e023b9406882619e70421.png,"SUB CO SPAZIO BUILDING, 525A, JL. MAYJEND YONO SOEWOYO
KAV. 3, Desa/Kelurahan Pradah Kalikendal, Kec. Dukuh Pakis, Kota
Surabaya, Provinsi Jawa Timur",Surabaya,Jawa Timur,ID,-7.29639,112.69889,8000000.0,12000000.0,IDR,MONTH,"Websocket, PostgreSQL, TypeScript, Docker, Redis, CI/CD, ui/ux, REST API, Charting, Orderflow, React.js, JavaScript, Next.Js",36.0,bachelor degree,"Menguasai JavaScript / TypeScript & React.js / Next.js 
 Mampu membangun high-performance real-time application (low latency, efficient rendering) 
 Menguasai WebSocket & streaming data (real-time market & orderbook) 
 Mampu integrasi multi API (exchange, market data, news, on-chain analytics) 
 Mampu membangun data aggregator & caching system 
 Menguasai charting (TradingView / custom chart) & memahami market data (spot, futures) 
 Memahami orderflow (volume, footprint, heatmap) 
 Mampu design UI/UX terminal (multi-panel, data-dense, customizable) 
 Mampu optimize performance (rendering, state, worker) 
 Familiar dengan database, Redis, Docker, dan CI/CD  
 Menguasai caching strategy (Redis, in-memory caching) 
 Memahami konsep blockchain (wallet, smart contract, gas fee) 
 Pengalaman menggunakan Web3 library (ethers.js, web3.js) 
 Pengalaman menggunakan testing framework (Jest, Mocha, Cypress) 
 Memahami keamanan aplikasi (authentication, authorization, JWT, OAuth) 
 Familiar dengan tools analisa crypto (CoinMarketCap, CoinGecko, DEX Screener, CoinGlass, dll)","PT Dynamic Labs International merupakan perusahaan yang bergerak di bidang pengembangan teknologi blockchain dan Web3. Didirikan pada tahun 2025, perusahaan ini hadir sebagai startup inovatif yang berfokus pada pengembangan solusi berbasis sistem terdesentralisasi. 
 Dengan komitmen untuk mendukung pertumbuhan industri kripto dan teknologi blockchain, PT Dynamic Labs International berupaya menghadirkan produk dan layanan yang aman, transparan, serta efisien. Perusahaan ini juga terus berinovasi dalam menciptakan ekosistem digital yang dapat memberikan nilai tambah bagi pengguna, mitra, dan pelaku industri secara luas. 
 Sebagai bagian dari perkembangan teknologi global, PT Dynamic Labs International menempatkan diri sebagai mitra strategis dalam transformasi digital, khususnya dalam implementasi teknologi Web3 yang mendorong kemandirian dan keamanan data bagi penggunanya.","perform bonus financial benefits, travel, thr financial benefits, meal allowance financial benefits",True,https://glints.com/id/opportunities/jobs/software-engineer/6b603a0d-8c72-4173-9b4d-3c0fa7c2ca14,websocket postgresql typescript docker redis cicd uiux rest api charting orderflow reactjs javascript nextjs
Frontend Developer (React JS),Information Technology and Services,CONTRACTOR,Frontend Developer,2026-04-08T11:30:23.789Z,2026-05-09,PT Avows Technologies,http://avowstech.com,https://images.glints.com/unsafe/glints-dashboard.oss-ap-southeast-1.aliyuncs.com/company-logo/e5c137efb8d2c3585477711162e1530b.png,"Menara Rajawal, 24 floor, Mega Kuningan",Jakarta Selatan,DKI Jakarta,ID,-6.21944,106.82917,8500000.0,9000000.0,IDR,MONTH,"Front-End Architecture, HTML, Teamwork, JavaScript, CSS, React.js, Frontend Development, next js ",36.0,professional certificate,"placement : banking syaria - contract based  
 
Responsibilities: 
 Develop and maintain scalable, secure, and high-performance web applications using React.js for banking and financial systems. 
 Collaborate with backend developers, QA engineers, business analysts, and product owners to deliver end-to-end solutions aligned with business requirements. 
 Translate business and functional requirements into responsive and user-friendly UI components. 
 Implement reusable components and front-end libraries for future use. 
 Ensure application performance, security, and compliance with banking regulations and standards. 
 Integrate RESTful APIs and ensure seamless communication with backend services. 
 Conduct code reviews, debugging, and troubleshooting to maintain application quality. 
 Optimize applications for maximum speed and scalability. 
 Participate in Agile/Scrum ceremonies (daily stand-ups, sprint planning, retrospectives). 
 Maintain proper documentation for technical implementation and UI/UX flows. 
 
 Requirements: 
 Bachelor’s degree in Computer Science, Information Technology, or related field. 
 Proven experience as a Frontend Developer with strong expertise in React.js. 
 Proficiency in JavaScript (ES6+), HTML5, CSS3, and modern frontend frameworks. 
 Experience with state management libraries (Redux, Context API). 
 Familiarity with RESTful APIs and integration. 
 Understanding of secure coding practices, especially in financial/banking applications. 
 Experience with version control systems (Git). 
 Knowledge of CI/CD pipelines is a plus. 
 Strong understanding of cross-browser compatibility and responsive design. 
 Familiar with Agile development methodology.","Innovation requires Excellence - and we at Avows have kept this mantra at the heart of our business since our very inception. Since 2008, Avows has served a diverse range of Clients- ranging from innovative nimble Start-ups to dynamic & dependable Fortune 500 companies. Through our unrivalled industry expertise and consulting experience in Digital IT Services and Solutions, we have helped our clients successfully innovate, increase revenue, manage risk and change, reduce costs, and enhance controls-all without sacrificing flexibility. 
 Our network reaches across Asia & beyond, with dozens of dedicated personnel working at the forefront of the latest emergent technologies.","bpjs tenaga kerja insurance and health, medical coverage, career growth, thr financial benefits",True,https://glints.com/id/opportunities/jobs/frontend-developer-(react-js)/c07b2ba0-d434-434e-87d1-43cf90fe2987,frontend architecture html teamwork javascript css reactjs frontend development next js
"Frontend Developer (Reactjs, Nuxtjs)",Information Technology and Services,FULL_TIME,Frontend Developer,2026-01-09T10:18:33.169Z,2026-05-10,PT Sigma Global Teknologi,https://www.sigma-tech.co.id,https://images.glints.com/unsafe/glints-dashboard.oss-ap-southeast-1.aliyuncs.com/company-logo/3aba5816b8ecfbb79a395592af581035.png,"Sona Topas Tower Lt. 12, Jl. Jend. Sudirman, RT.4/RW.2, Kuningan, Kota Jakarta Selatan, Daerah Khusus Ibukota Jakarta 12920",Jakarta Selatan,DKI Jakarta,ID,-6.21944,106.82917,5800000.0,8000000.0,IDR,MONTH,"Vue.js, TypeScript, JavaScript, React.js, CSS, HTML, Frontend Development, Front-End Architecture, jQuery",36.0,bachelor degree,"PT Sigma Global Teknologi, atau lebih dikenal dengan SIGMATECH, adalah mitra teknologi perusahaan yang terpercaya dalam pengembangan perangkat lunak. Kami menawarkan berbagai solusi untuk aplikasi web, mobile, dan desktop, serta pendekatan orientasi layanan sepanjang siklus hidup aplikasi. Dengan tim pengembang yang sangat berpengalaman dalam metode pengembangan agile, SIGMATECH telah membangun reputasi sebagai mitra yang dapat diandalkan untuk aplikasi kritis dan pelanggan dari perusahaan asuransi internasional, lembaga pemerintah, serta produsen konsumen besar. 
 
 Kami berdedikasi untuk menjadi mitra pertumbuhan yang paling terpercaya bagi profesional IT dan bisnis pelanggan kami di seluruh dunia. Kami mencari individu yang memiliki komitmen untuk berkembang dan berkontribusi dalam misi SIGMATECH untuk menjadi mitra pertumbuhan yang terkemuka. Jika Anda ingin berbagi visi kami tentang keunggulan dan keandalan, SIGMATECH adalah tempat yang tepat untuk Anda. 
 
 Sebagai Frontend Developer (Reactjs, Nuxtjs), Anda akan bertanggung jawab untuk merancang dan mengembangkan antarmuka pengguna yang efisien dan responsif untuk aplikasi SIGMATECH. Tugas utama Anda termasuk memastikan kinerja optimal dari frontend aplikasi menggunakan React.js, Nuxt.js, dan teknologi terkait lainnya. Anda juga harus bekerja sama dengan tim untuk memastikan bahwa fitur-fitur aplikasi sesuai dengan kebutuhan bisnis dan memastikan kualitas tinggi dalam pengembangan frontend. 
 
 Untuk melamar posisi ini, Anda harus memiliki gelar S1 dan memiliki pengalaman kerja minimal 3 hingga 5 tahun di bidang pengembangan frontend. Keterampilan yang dibutuhkan termasuk arsitektur frontend, JavaScript, jQuery, HTML, Vue.js, CSS, React.js, dan TypeScript. SIGMATECH menghargai keterampilan dan dedikasi Anda, dan bersedia memberikan kesempatan untuk berkembang di lingkungan yang dinamis dan mendukung. Bergabunglah dengan tim kami untuk berkontribusi dalam proyek-proyek yang menantang dan mengesankan!","SIGMATECH is the enterprise technology partner of choice for software development, delivering a broad range of web, mobile, and desktop controls coupled with a service-oriented approach throughout the entire application life cycle. 
 SIGMATECH consists of highly skilled developers specializing in agile development methodology, focusing on Mobile & Web Solution, IT Services and business enterprise, utilizing modern programming languages as our platform. SIGMATECH has established itself as the trusted partner for use in mission-critical applications and service clientele from global insurance companies, government agencies and large consumer product manufacturers. 
 Our Vision : 
 To be the most reputable and dependable growth solution partner both for IT Professional Talents and Client's Businesses worldwide 
 Our Mission : 
 To be the most reputable and dependable growth solution partner both for IT Professional Talents and Client's Businesses worldwide 
 To be the most reputable and dependable growth solution partner both for IT Professional Talents and Client's Businesses worldwide","travel, bpjs tenaga kerja insurance and health, thr financial benefits, medical coverage",True,"https://glints.com/id/opportunities/jobs/frontend-developer-(reactjs,-nuxtjs)/f9c6d171-3b8f-44cd-af10-882628680f52",vuejs typescript javascript reactjs css html frontend development frontend architecture jquery
Frontend Developer (Insurance Company Financial Services),Information Technology and Services,CONTRACTOR,Frontend Developer,2026-03-13T02:28:12.82Z,2026-04-13,PT Sigma Global Teknologi,https://www.sigma-tech.co.id,https://images.glints.com/unsafe/glints-dashboard.oss-ap-southeast-1.aliyuncs.com/company-logo/3aba5816b8ecfbb79a395592af581035.png,"Sona Topas Tower Lt. 12, Jl. Jend. Sudirman, RT.4/RW.2, Kuningan, Kota Jakarta Selatan, Daerah Khusus Ibukota Jakarta 12920",Jakarta Selatan,DKI Jakarta,ID,-6.21944,106.82917,8000000.0,11000000.0,IDR,MONTH,"TypeScript, JavaScript, Front-End Architecture, Frontend Development, Vue.js, CSS, React.js, HTML, Bootstrap, jQuery, Angular.js",36.0,bachelor degree,"Sigma Tech is Hiring for our Client as Frontend Developer. 
 This position will be placement onsite fulltime at Sigmatech Client 
 
 Requirement: 
 
 Bachelor or higher degree in Computer Science or related fields. 
 Min. 3 years of experience in dynamic, responsive and cross-browser web application development using HTML, CSS and JavaScript 
 Strong understanding in JavaScript libraries (e.g. React.js, Vue.js or Angular). 
 Strong understanding in CSS libraries (e.g. Bootstrap). 
 Good understanding in design tools (e.g. Adobe XD or Figma), and able to convert mock-up design into code accurately. 
 Good understanding in interaction with back-end services (web API) and security measures needed to be implemented (e.g. JWT). 
 Basic understanding in Agile and Scrum 
 Self-motivated, can-do attitude and good communication skill.  
 
 
 Key Responsibility: 
 
 
 Develop client-oriented web applications with dynamic, cross-browser and responsive UI, accordingly to requirements and technology standard. 
 Deploy tested front-end web and ensure the functionalities work well. 
 Maintain and troubleshoot issues related to front-end web. 
 Monitor and ensure availability of front-end web. 
 Write high-quality, clean and maintainable code and technical documentation. 
 Collaborate with other developers, technical lead, UI/UX designer, QA, product 
 owner, tribe leader and other stakeholders to build applications.","SIGMATECH is the enterprise technology partner of choice for software development, delivering a broad range of web, mobile, and desktop controls coupled with a service-oriented approach throughout the entire application life cycle. 
 SIGMATECH consists of highly skilled developers specializing in agile development methodology, focusing on Mobile & Web Solution, IT Services and business enterprise, utilizing modern programming languages as our platform. SIGMATECH has established itself as the trusted partner for use in mission-critical applications and service clientele from global insurance companies, government agencies and large consumer product manufacturers. 
 Our Vision : 
 To be the most reputable and dependable growth solution partner both for IT Professional Talents and Client's Businesses worldwide 
 Our Mission : 
 To be the most reputable and dependable growth solution partner both for IT Professional Talents and Client's Businesses worldwide 
 To be the most reputable and dependable growth solution partner both for IT Professional Talents and Client's Businesses worldwide","career growth, travel, meal allowance financial benefits, thr financial benefits, work station, bpjs tenaga kerja insurance and health, medical coverage",True,https://glints.com/id/opportunities/jobs/frontend-developer-(insurance-company-financial-services)/10f1b865-61f6-4b1f-8a56-d8dac930067d,typescript javascript frontend architecture frontend development vuejs css reactjs html bootstrap jquery angularjs
Frontend Engineer,Financial Services,FULL_TIME,Frontend Developer,2026-04-06T10:06:53.153Z,2026-05-07,PT Mitra Kasih Perkasa (MKP),https://mitrakasihperkasa.com/,https://images.glints.com/unsafe/glints-dashboard.oss-ap-southeast-1.aliyuncs.com/company-logo/f4e7da510192927429dfa2228875101d.jpg,"Jl. Singosari I No.12, Pleburan, Kec. Semarang Sel., Kota Semarang, Jawa Tengah 50241",Semarang,Jawa Tengah,ID,-7.01222,110.40472,4000000.0,6500000.0,IDR,MONTH,"MVVM, Restful API, Native.js, Kotlin, Java, JSON",12.0,professional certificate,"Responsibilities 
 Design and build Android applications (e-ticketing, mobile, and payment systems) using Java, Kotlin, and Jetpack Compose 
 Understand business processes and translate them into scalable mobile application features 
 Integrate mobile applications with Back-End systems via RESTful APIs 
 Ensure application performance, quality, and responsiveness 
 Perform adaptive development, bug fixing, and maintenance based on project needs 
 
 Qualifications 
 Bachelor’s degree in IT, Information Systems, or related field (or equivalent programming experience) 
 Open for fresh graduates and experienced Android developers 
 Strong experience in Android development using Java and Kotlin 
 Familiar with modern Android UI development using Jetpack Compose 
 Experience in API integration (RESTful services, JSON) 
 Proficient in version control systems such as Git 
 Understanding of Android architecture patterns (MVVM, Clean Architecture is a plus) 
 Able to write clean, efficient, and maintainable code 
 Skilled in debugging and performance optimization 
 Strong problem-solving skills and critical thinking 
 Good communication and teamwork abilities 
 Willing to be placed in Semarang",Mitra Kasih Perkasa (MKP) strengthens its commitment to be a first and pioneer company who build traffic intelligence industry in Indonesia with 15 Bank Partners and 3 Strategic Bussiness Unit.,"travel, medical coverage, bpjs tenaga kerja insurance and health, career growth, thr financial benefits, meal allowance financial benefits",True,https://glints.com/id/opportunities/jobs/frontend-engineer/0d3f1c88-cd50-4cc1-b598-21519f2c6929,mvvm restful api nativejs kotlin java json
Front-end Developer,Marketing and Advertising,CONTRACTOR,Frontend Developer,2026-04-06T03:33:01.767Z,2026-05-07,cmlabs.co,https://cmlabs.co/en-id,https://images.glints.com/unsafe/glints-dashboard.oss-ap-southeast-1.aliyuncs.com/company-logo/c6233d338439f402316b79e720461cc5.jpg,"Jl. Seruni No.9, Lowokwaru, Kec. Lowokwaru, Kota Malang, Jawa Timur 65141",Malang,Jawa Timur,ID,-7.95,112.65139,3000000.0,3500000.0,IDR,MONTH,"jQuery, HTML, React.js, Front-End Architecture, CSS, JavaScript, Vue.js",12.0,high school,"Job Description 
 1. Implementing/slicing designs into websites created by the UI / UX design team using VueJS / Nuxt / ReactJS / Laravel Blade template. 
 2. Providing suggestions and solutions that are effective and efficient for the UI/UX design team regarding the design to be implemented. 
 3. Develop new features, maintain repo and codebase, fix bugs, build, and maintain reusable components. 
 4. Integrate frontend to backend services using REST API and GraphQL. 
 5. Data integrate frontend on Laravel framework. 
 6. Able to integrate realtime update between frontend and backend.  
 
 Qualification 
 1. Have at least 1 years of experience 
 2. Understanding HTML, CSS, JavaScript, CSS Framework 
 3. Understand Laravel PHP Framework, VueJS JavaScript Framework, ReactJS Framework. 
 4. Understand styling implementation such as Bootstrap, Tailwind, Sass, etc. 
 5. Understand about JQuery and AJAX. 
 6. Having knowledge about atomic components. 
 7. Knowledge of some SEO principles","cmlabs is a brand under PT CMLABS INDONESIA DIGITAL, specializes in the SEO field and was established in 2019. cmlabs located in two big cities in Indonesia, Jakarta and Malang. This company was initiated with an idea to help companies or enterprises increase the visibility of their brand on the internet. cmlabs will expand to a bigger market to present SEO product and serve SEO activities on a global scale for enterprises","bpjs tenaga kerja insurance and health, meal allowance financial benefits, medical coverage, thr financial benefits, career growth, travel",True,https://glints.com/id/opportunities/jobs/front-end-developer/5fbae3b6-5ff1-4e7e-9e69-0c88aa3096e1,jquery html reactjs frontend architecture css javascript vuejs
Front-end Developer,Education Management,CONTRACTOR,Frontend Developer,2026-03-31T07:43:40.893Z,2026-05-01,Yayasan Pendidikan Adiluhung Nusantara,http://www.adiluhungnusantara.com,https://images.glints.com/unsafe/glints-dashboard.oss-ap-southeast-1.aliyuncs.com/company-logo/8da761cdb0ef51dc0688c17fab2601bd.png,"Jalan Alternatif Kalasan-Prambanan (Ps. Gendeng) Potrojayan, Madurejo, Prambanan, Sleman, Yogyakarta",Sleman,DI Yogyakarta,ID,-7.74583,110.46667,2000000.0,3000000.0,IDR,MONTH,"Frontend Development, JavaScript, CSS, React.js, TypeScript, HTML",12.0,professional certificate,"Kualifikasi Utama: 
 
 Minimal 1–3 tahun pengalaman sebagai Frontend Developer (fresh graduate dengan portofolio kuat juga dapat dipertimbangkan) 
 Memiliki pengalaman hands-on yang solid menggunakan React.js (wajib) 
 
 Menguasai dengan baik: 
 
 HTML5, CSS3 (termasuk Flexbox, Grid, dan Tailwind CSS atau styled-components merupakan nilai plus) 
 JavaScript (ES6+) dan TypeScript (pengalaman TS sangat diutamakan) 
 Memahami konsep Responsive Web Design dan memastikan tampilan optimal di berbagai perangkat (mobile-first approach) 
 Berpengalaman menggunakan Version Control System Git (GitHub / GitLab) – paham branching, pull request, dan kolaborasi tim 
 Pernah melakukan integrasi API (RESTful API, fetch/axios, handling JSON, error handling, dll.) 
 Mampu menerjemahkan desain UI dari tools seperti Figma, menjadi kode yang pixel-perfect 
 Memiliki kemampuan problem solving yang baik dan perhatian tinggi terhadap detail (attention to detail) 
 Dapat bekerja secara mandiri maupun berkolaborasi dalam tim 
 Memiliki komunikasi yang baik (lisan & tulisan) dan manajemen waktu yang efektif 
 
 
 Nilai Tambah (Preferred): 
 
 Pernah menggunakan state management seperti Redux, Zustand, Redux Toolkit, atau React Context 
 Familiar dengan Astrojs, TanStack atau React ecosystem modern lainnya 
 Pernah menulis unit test (menggunakan Jest + React Testing Library) 
 Memahami dasar-dasar UI/UX principles dan best practices accessibility (a11y) 
 Pernah deploy aplikasi ke Vercel, Netlify, Cloudflare Pages atau platform serupa","Sebuah yayasan yang bergerak di bidang pendidikan, khususnya pengembangan SDM pengajar.  
 selain itu, kami juga bergerak di bidang beasiswa yang bekerja sama dengan pemerintah daerah dan kampus - kampus yang ada di Indonesia dan Luar Negeri.","bpjs tenaga kerja insurance and health, professional development, medical coverage, team building events, free food and beverages, career growth, vacation and leaves, travel",True,https://glints.com/id/opportunities/jobs/front-end-developer/78a031ad-87f3-43dc-a023-04f6469c4c24,frontend development javascript css reactjs typescript html
Frontend (React Native & Android) - Banking Syariah,Information Technology and Services,CONTRACTOR,Frontend Developer,2026-03-05T09:42:21.469Z,2026-05-09,PT Sigma Global Teknologi,https://www.sigma-tech.co.id,https://images.glints.com/unsafe/glints-dashboard.oss-ap-southeast-1.aliyuncs.com/company-logo/3aba5816b8ecfbb79a395592af581035.png,"Sona Topas Tower Lt. 12, Jl. Jend. Sudirman, RT.4/RW.2, Kuningan, Kota Jakarta Selatan, Daerah Khusus Ibukota Jakarta 12920",Jakarta Selatan,DKI Jakarta,ID,-6.21944,106.82917,10900000.0,11300000.0,IDR,MONTH,"Frontend Development, React Native, Android Development, Android Testing",36.0,bachelor degree,"Requirements: 
 Memiliki Pendidikan minimal S1 dibidang atau jurusan IT, SI, Ilmu Komputer atau bidang lain yang relevan. 
 Memiliki Skill Komunikasi atau kemampuan Interpersonal dengan sangat baik. 
 Memiliki pengalaman bekerja di bagian Front End atau yang setara minimal 3 tahun. 
 Memiliki sikap inisiatif, disiplin, bertanggung jawab, detail, dan bekerja dengan rapi. 
 Memiliki kemampuan bekerja secara Individu ataupun dalam tim serta mampu berkoordinasi dengan tim tim lain yang terkait. 
 Memiliki kemampuan dalam memberikan masukan/ide ide untuk improvement dalam tim 
 
 Jobdesc: 
 1. Design and implement Mobile / Web applications. 
 2. Build the reusable components for supporting complex Mobile applications. 
 3. Designing, enhancing and building out new features and services 
 4. Write clean, reusable, maintainable code 
 5. A team-oriented approach, with A willingness to receive feedback and iterate on designs 
 6. Design, Write and deliver software to improve the availability, scalability, latency, and efficiency of application services 
 7. Work with team to create new Design/architectures geared towards scale and performance 
 8. Engage in service capacity and demand planning, software performance analysis, tuning and optimization 
 9.Work with team to define and prototype feature specifications","SIGMATECH is the enterprise technology partner of choice for software development, delivering a broad range of web, mobile, and desktop controls coupled with a service-oriented approach throughout the entire application life cycle. 
 SIGMATECH consists of highly skilled developers specializing in agile development methodology, focusing on Mobile & Web Solution, IT Services and business enterprise, utilizing modern programming languages as our platform. SIGMATECH has established itself as the trusted partner for use in mission-critical applications and service clientele from global insurance companies, government agencies and large consumer product manufacturers. 
 Our Vision : 
 To be the most reputable and dependable growth solution partner both for IT Professional Talents and Client's Businesses worldwide 
 Our Mission : 
 To be the most reputable and dependable growth solution partner both for IT Professional Talents and Client's Businesses worldwide 
 To be the most reputable and dependable growth solution partner both for IT Professional Talents and Client's Businesses worldwide","medical coverage, bpjs tenaga kerja insurance and health, meal allowance financial benefits, thr financial benefits, career growth",True,https://glints.com/id/opportunities/jobs/frontend-(react-native-&-android)---banking-syariah/d428187d-ba8b-4049-bb14-a6f890170788,frontend development react native android development android testing
Frontend (React Native & Android) - Loc: Jakarta Utara,Information Technology and Services,CONTRACTOR,Frontend Developer,2026-03-11T10:01:28.045Z,2026-04-11,PT Sigma Global Teknologi,https://www.sigma-tech.co.id,https://images.glints.com/unsafe/glints-dashboard.oss-ap-southeast-1.aliyuncs.com/company-logo/3aba5816b8ecfbb79a395592af581035.png,"Sona Topas Tower Lt. 12, Jl. Jend. Sudirman, RT.4/RW.2, Kuningan, Kota Jakarta Selatan, Daerah Khusus Ibukota Jakarta 12920",Jakarta Utara,DKI Jakarta,ID,-6.16111,106.90417,9700000.0,10100000.0,IDR,MONTH,"JavaScript, HTML, Android Development, TypeScript, CSS, Frontend Development, React Native, Front-End Architecture",36.0,bachelor degree,"Requirements: 
 Memiliki Pendidikan minimal S1 dibidang atau jurusan IT, SI, Ilmu Komputer atau bidang lain yang relevan. 
 Memiliki Skill Komunikasi atau kemampuan Interpersonal dengan sangat baik. 
 Memiliki pengalaman bekerja di bagian Front End atau yang setara minimal 2 tahun. 
 Memiliki sikap inisiatif, disiplin, bertanggung jawab, detail, dan bekerja dengan rapi. 
 Memiliki kemampuan bekerja secara Individu ataupun dalam tim serta mampu berkoordinasi dengan tim tim lain yang terkait. 
 Memiliki kemampuan dalam memberikan masukan/ide ide untuk improvement dalam tim 
 
 Jobdesc: 
 1. Design and implement Mobile / Web applications. 
 2. Build the reusable components for supporting complex Mobile applications. 
 3. Designing, enhancing and building out new features and services 
 4. Write clean, reusable, maintainable code 
 5. A team-oriented approach, with A willingness to receive feedback and iterate on designs 
 6. Design, Write and deliver software to improve the availability, scalability, latency, and efficiency of application services 
 7. Work with team to create new Design/architectures geared towards scale and performance 
 8. Engage in service capacity and demand planning, software performance analysis, tuning and optimization 
    9. Work with team to define and prototype feature specifications","SIGMATECH is the enterprise technology partner of choice for software development, delivering a broad range of web, mobile, and desktop controls coupled with a service-oriented approach throughout the entire application life cycle. 
 SIGMATECH consists of highly skilled developers specializing in agile development methodology, focusing on Mobile & Web Solution, IT Services and business enterprise, utilizing modern programming languages as our platform. SIGMATECH has established itself as the trusted partner for use in mission-critical applications and service clientele from global insurance companies, government agencies and large consumer product manufacturers. 
 Our Vision : 
 To be the most reputable and dependable growth solution partner both for IT Professional Talents and Client's Businesses worldwide 
 Our Mission : 
 To be the most reputable and dependable growth solution partner both for IT Professional Talents and Client's Businesses worldwide 
 To be the most reputable and dependable growth solution partner both for IT Professional Talents and Client's Businesses worldwide","bpjs tenaga kerja insurance and health, travel, medical coverage, thr financial benefits, work station",True,https://glints.com/id/opportunities/jobs/frontend-(react-native-&-android)---loc:-jakarta-utara/021f2fb5-b2f4-455e-8b1c-0899410bf611,javascript html android development typescript css frontend development react native frontend architecture
Odoo Developer,Information Technology and Services,FULL_TIME,Backend Developer,2025-12-18T04:36:36.734Z,2026-05-10,Sinergi Tuntas Solusi,https://sinergituntassolusi.com,https://images.glints.com/unsafe/glints-dashboard.oss-ap-southeast-1.aliyuncs.com/company-logo/e740b44ff5272d22fb54bf5b6edf927d.jpeg,"Menara Batavia Lt. 12 A, Jalan K. H. Mas Mansyur Kav 126 Karet Tengsin, Kecamatan Tanah Abang, Kota Jakarta Pusat Daerah Khusus Ibukota Jakarta 10250, Indonesia",Jakarta Pusat,DKI Jakarta,ID,-6.20556,106.81111,5000000.0,6500000.0,IDR,MONTH,"Node.js, PostgreSQL, Python",12.0,bachelor degree,"Tanggung Jawab: 
 
 Mengembangkan, memodifikasi, dan mengimplementasikan module kustom di Odoo (ERP). 
 Melakukan kustomisasi tampilan (report, dashboard) dan fungsionalitas sesuai kebutuhan bisnis. 
 Mengintegrasikan Odoo dengan sistem eksternal lain (API, sistem lain). 
 Melakukan troubleshooting, maintenance, dan memberikan dukungan teknis untuk pengguna Odoo. 
 Berkolaborasi dengan tim Functional/Business Analyst untuk memahami kebutuhan dan menerjemahkannya menjadi solusi teknis.  
 
 
 Kualifikasi: 
 
 Pendidikan minimal S1 di bidang Teknik Informatika/Sistem Informasi atau setara. 
 Pengalaman minimal 2 tahun sebagai Odoo Developer atau Backend Developer Python. 
 Menguasai bahasa pemrograman Python dan framework Odoo (ORM, XML, JS dasar). 
 Familiar dengan konsep ERP, database (PostgreSQL), dan sistem versi control (Git). 
 Memiliki kemampuan analitis, pemecahan masalah yang baik, dan komunikasi yang efektif. 
 Nilai Plus: Pengalaman dengan modul Odoo (Purchase, Inventory, Sales, Accounting, HR, Manufacturing, POS).","Sinergi Tuntas Solusi (STS) adalah perusahaan teknologi informasi yang berfokus pada implementasi dan pengembangan solusi Odoo, ERPNext, Web Apps, Mobile Apps, RPA, IoT & AI.  
 Visi : 
 To be a global leader in ERP Solutions and Innovative IT Solutions. 
 Misi : 
 Memberikan solusi IT yang inovatif untuk meningkatkan Customer's Value.",thr financial benefits,True,https://glints.com/id/opportunities/jobs/odoo-developer/e3907524-fa4b-4ded-982a-10db2793134d,nodejs postgresql python
Web Developer,Manufacturing,FULL_TIME,Frontend Developer,2026-04-07T09:05:33.106Z,2026-05-08,PT Indotech Berkah Abadi,https://orchidbrand.id,https://images.glints.com/unsafe/glints-dashboard.oss-ap-southeast-1.aliyuncs.com/company-logo/6c71a2ea0eb3a88537a13841c0915b45.png,"Jongke Tengah no. 30 RT.01/RW.23, Jongke Tengah, Sendangadi, Kec. Mlati, Kabupaten Sleman, Daerah Istimewa Yogyakarta 55285",Sleman,DI Yogyakarta,ID,-7.72917,110.34583,2500000.0,2600000.0,IDR,MONTH,"Front-End Architecture, JavaScript, CSS, Frontend Development",12.0,bachelor degree,"PT Indotech Berkah Abadi membuka kesempatan bergabung sebagai: 
 
 WEB DEVELOPER 
 
 Kualifikasi: 
 Job Description (Tanggung Jawab) 
 
 Melakukan pengembangan website perusahaan yang lengkap, optimal, dan menarik secara tampilan maupun fungsi. 
 
 Melakukan update konten website secara rutin dan berkualitas. 
 
 Mengelola dan mengoptimalkan performa website meliputi: 
 
 Speed website 
 
 SEO (Search Engine Optimization) 
 
 Landing page 
 
 Content pilar (artikel utama mitra/perusahaan) 
 
 Optimasi konten website 
 
 Google Business Profile 
 
 Melakukan proses pengumpulan dan pengelolaan data email pengunjung website. 
 
 Melakukan monitoring, evaluasi, serta perbaikan kinerja website secara berkala untuk meningkatkan performa dan efektivitas. 
 
 Memberikan solusi teknis serta improvement berkelanjutan terhadap pengembangan website. 
 
 Kualifikasi 
 
 Pendidikan minimal D3/S1 Teknik Informatika, Sistem Informasi, atau bidang terkait. 
 
 Memiliki pengalaman sebagai Web Developer minimal 1 tahun (fresh graduate dipertimbangkan dengan portofolio). 
 
 Menguasai HTML, CSS, JavaScript, PHP atau framework sejenis. 
 
 Memahami SEO, optimasi performa website, dan user experience. 
 
 Memahami pembuatan dan optimasi landing page. 
 
 Terbiasa melakukan maintenance dan monitoring website. 
 
 Memahami Google Analytics, Google Search Console, dan Google Business menjadi nilai tambah. 
 
 Memiliki kemampuan problem solving yang baik, teliti, komunikatif, dan mampu bekerja dalam tim.","PT. Indotech Berkah Abadi merupakan produsen sabun pembersih ramah lingkungan dengan merk dagang Orchid Brand. Sejak tahun 2010 kami berhasil mendistribusikan produk hingga ke 20 Provinsi di Indonesia. 
 
Kami memiliki misi mulia untuk menyelamatkan bumi dari sampah plastik dan bahan baku deterjen yang merusak lingkungan. Sebab kami selalu mengutamakan bahan yang aman untuk pengguna dan alam kami. 
 Produk Kami 
 
 Produk Home Care 
 Paket Bahan / Pasta 
 Pelatihan Usaha Laundry 
 Pelatihan Chemical 
 Depo Isi Ulang Sabun 
 Keagenan & Distributor","vacation and leaves, team building events, medical coverage, career growth, travel",True,https://glints.com/id/opportunities/jobs/web-developer/93535e55-0a78-40b2-aca2-68a962d839df,frontend architecture javascript css frontend development
RECOVERY FRONT END ASSET,Banking,FULL_TIME,Frontend Developer,2026-03-27T09:11:58.712Z,2026-04-27,BPR Kredit Mandiri Indonesia,https://www.kreditmandiri.co.id,https://images.glints.com/unsafe/glints-dashboard.oss-ap-southeast-1.aliyuncs.com/company-logo/df994f420d4973296a66284a0f599467.png,"Wisma D'Esta, Jl. Kav. Boulevard Blok AH-2 No. 07, BSD - Tangerang Selatan",Bogor,Jawa Barat,ID,-6.62056,106.82639,5500000.0,5500001.0,IDR,MONTH,"Analisa Penagihan, penagihan, kolektor",12.0,high school,"Tanggung Jawab Pekerjaan : 
 Melakukan monitoring / penagihan / penarikan unit atas kontrakkonsumen yang past due (tertunggak) 
 Memeriksa daftar penerimaan bukti setoran dari Staff Adm/Kasir. (khusus konsumen yang telah past due lebih dari 3 hari) 
 Bertanggung jawab atas bukti setoran (TTS) yang diterima dari Staff Adm. Collection. 
 Melakukan penagihan atas seluruh bukti setoran yang diterima dari Staff Adm. Collection tanpa kecuali. 
 Harus melakukan penyetoran atas hasil tagihan yang dilakukan baiktunai maupun giro kepada Staff Kasir pada sore harinya. 
 
 Kriteria : 
 Pria Max Usia 35 Tahun 
 Pendidikan Min SMA 
 Memiliki Pengalaman di bidang penagihan (BANK, Finance / Koperasi) 
 Memiliki Kendaraan Roda 2 dan SIM C Aktif 
 Memiliki BI Checking yang baik 
 Sudah melaksanakan Vaksin lengkap dosis 2 (Booster lebih baik) 
 Domisili Bogor 
 Penempatan Area Bogor","BPR Kredit Mandiri Indonesia adalah sebuah lembaga keuangan yang berdiri sejak tahun 2007 dan terfokus untuk menghimpun dana dari masyarakat dalam bentuk deposito dan tabungan, serta menyalurkan dana dalam bentuk kredit kepada masyarakat dalam rangka meningkatkan taraf hidup rakyat Indonesia ke arah yang lebih baik, dibangun untuk memberikan sumbangsih kepada masyarakat serta unit usaha mikro, kecil dan menengah.  
 BPR Kredit Mandiri Indonesia memiliki komitmen untuk membantu pengusahaa di berbagai sektor usaha yang producktif agar dapat mengembangkan usahanya dan membantu masyarakat, agar memiliki kualitas hidup yang baik. 
 Dengan nilai dasar IBEST, BPR Kredit Mandiri Indonesia menawarkan Kredit, Tabungan dan Layanan Perbankan yang menjawab kebutuhan financial nasabah dari berbagai macam kalangan. 
 BPR Kredit Mandiri Indonesia telah meraih penghargaan Golden Awards (2011-2020) dari Infobank dengan predikat Sangat Bagus.","medical coverage, professional development, bpjs tenaga kerja insurance and health, work station, career growth, team building events",True,https://glints.com/id/opportunities/jobs/recovery-front-end-asset/346a871f-7433-4ab1-b5f6-8bd75d2310c2,analisa tagih tagih kolektor
[IOT] Fullstack Developer - Middle Level,Information Technology and Services,FULL_TIME,Full Stack Developer,2026-03-11T03:06:19.45Z,2026-05-08,AsiaQuest Indonesia,https://recruitment.aqi.co.id,https://images.glints.com/unsafe/glints-dashboard.oss-ap-southeast-1.aliyuncs.com/company-logo/007941a3eeb8ef1109b055a8a3ab6df5.png,"JB Tower, 26th Floor, Suites E & F Jl. Kebon Sirih No. 48-50, Gambir, Jakarta Pusat 10110 Indonesia",Jakarta Pusat,DKI Jakarta,ID,-6.20556,106.81111,6400000.0,7500000.0,IDR,MONTH,"Internet of Things (IoT), React.js, Three.js",36.0,bachelor degree,"Job Descriptions: 
 
 Majoring in IT or related fields. 
 Minimum 3 years of experience as a Full Stack Developer, with a strong emphasis on back-end development. 
 Proven experience leading development projects and mentoring junior developers. 
 Strong analytical thinking and problem-solving skills. 
 Ability to manage multiple projects and prioritize tasks effectively. 
 Excellent communication skills and ability to work collaboratively with cross-functional teams. 
 Willing to be placed in Our Office Jakarta. 
 Open to being assigned to work on client sites. 
 
 Requirements: 
 Front-End Development: 
 
 Expert in modern front-end technologies: HTML5, CSS3, and JavaScript (ES6+). 
 Must Intermediate In Three.js 
 Deep understanding of at least one front-end framework: React.js, Vue.js, or Angular. 
 Strong experience with TypeScript and component-based architecture. 
 Mastery in CSS frameworks such as TailwindCSS, Material UI, or Bootstrap. 
 Familiar with state management solutions like Redux, Zustand, or Vuex. 
 Experience with responsive design principles and cross-browser compatibility. 
 Strong understanding of front-end build tools (Webpack, Vite, Babel, etc.). 
 
 Back-End Development (Stronger Focus Required): 
 
 Expert in back-end development with proficiency in at least one of the following (Python Is Plus): 
 
 PHP (Laravel, Symfony) 
 Node.js (Express.js, NestJS) 
 Python (Django, FastAPI, Flask) 
 
 Strong understanding of scalable system architecture and design patterns. 
 Expertise in RESTful API and GraphQL development. 
 Deep experience in SQL and NoSQL databases: PostgreSQL, MySQL, MongoDB, or Redis. 
 Experience in database optimization, indexing, partitioning, and query performance tuning. 
 Proficient in ORMs (e.g., Prisma, Sequelize, TypeORM, or Mongoose). 
 Strong experience in authentication & authorization mechanisms: OAuth, JWT, session management, RBAC. 
 Experience in message brokers such as Kafka, RabbitMQ, or Redis Pub/Sub. 
 Knowledge of event-driven architecture and microservices. 
 
 IOT Experience: 
 
 Experienced in developing IoT systems, including integration between microcontroller devices and backend/frontend applications. Involved in: 
 Receiving and processing data from various types of microcontrollers (e.g., ESP32, Arduino) using communication protocols such as MQTT, HTTP, or serial. 
 Understanding basic configuration and programming of microcontrollers for sensor data acquisition and actuator control. 
 Building web interfaces (dashboards) for real-time data visualization and device management. 
 Integrating backend systems with databases for IoT data storage and analysis. 
 
 Testing & Quality Assurance: 
 
 Strong experience with unit testing, integration testing, and end-to-end testing. 
 Proficient in testing frameworks such as Jest, Mocha, Cypress, or Playwright. 
 Strong debugging skills and experience using performance monitoring tools. 
 
 Soft Skills & Mindset: 
 
 Ability to architect and design scalable, maintainable applications. 
 Proactive in identifying problems and proposing solutions. 
 Passion for learning new technologies and continuously improving development workflows. 
 Ability to work in a fast-paced, agile environment and adapt to changes quickly.","PT. AQ Business Consulting Indonesia (AQI) is an IT Business Partner company which are providing various solutions to solve your business operation issue using various technology such as AI, IoT, 3D, System & Application Development, IT consultation, Low Code No Code system and many other services. We are willing to be a stepping-stones for every company who are wishing to realize Digital Transformation (DX) into their business with our Japanese standard services.","gifts and vouchers, vacation and leaves, bpjs tenaga kerja insurance and health, remote work, thr financial benefits, team building events, career growth",True,https://glints.com/id/opportunities/jobs/[iot]-fullstack-developer---middle-level/8ccd38c0-a9a9-4b89-8677-90042d407ba4,internet things iot reactjs threejs
Senior iOS Developer,Management Consulting,FULL_TIME,iOS Developer,2026-04-06T09:39:35.915Z,2026-05-07,PT Aktualisasi Gratia Talenta Indonesia,https://talkyoursolution.com,https://images.glints.com/unsafe/glints-dashboard.oss-ap-southeast-1.aliyuncs.com/company-logo/c5482ed9eb19f9ecb36769ae0837ddf0.jpg,"10th Floor, Room 1037 Lippo Thamrin, Jl. M.H. Thamrin No.20, Kebon Sirih, Menteng, Jakarta, 10350, Indonesia",Jakarta Pusat,DKI Jakarta,ID,-6.20556,106.81111,12000000.0,13500000.0,IDR,MONTH,"iOS Development, Swift, Objective-C, clean architecture, Cicd",60.0,bachelor degree,"Required Skills : 
 
 •	Proficiency in Swift and Objective-C programming languages. 
 •	Experience with iOS frameworks such as UIKit, Core Data, and Core Animation. 
 •	Familiarity with RESTful APIs and third-party libraries. 
 •	Strong understanding of Apple's design principles and interface guidelines. 
 •	Excellent problem-solving skills and attention to detail. 
 •	Ability to work independently as well as in a team environment. 
 
 Key Skills :  
 Swift Advanced, SwiftUI- Clean Architecture- Firebase SDK (Analytics, Messaging, Crashlytics)- CI/CD Awareness, App Store Process 
 
 
 Job Description : 
 
 •	Design and develop high-quality iOS applications using Swift and Objective-C programming languages. 
 •	Collaborate with cross-functional teams to define, design, and ship new features. 
 •	Perform unit and integration testing to ensure the software meets quality standards. 
 •	Debug and resolve technical issues, optimizing application performance for various devices. 
 •	Maintain updated knowledge of the latest industry trends and emerging technologies related to iOS development. 
 •	Manage application releases and updates in the App Store, ensuring compliance with Apple's guidelines. 
 •	Participate in code reviews to maintain code quality and adherence to best practices. 
 •	Provide ongoing support and maintenance for existing applications, incorporating user feedback into updates. 
 •	Document development processes, code changes, and application functionalities for reference and training. 
 •	Engage in continuous learning and professional development to enhance skills and contribute to team growth.","PT ITCAN BUSINESS SOLUTIONS 
 ITCAN is a technology solutions company based in Singapore that provides a wide range of services, including software development, IT consulting, system management, and cybersecurity. The company serves clients across various industries with a global presence, including offices in Malaysia, and offers both on-site and offshore solutions to help businesses with their digital transformation needs. 
 What ITCAN is 
 
 A Singapore-headquartered technology services and solutions company. 
 It operates as ITCAN Pte Ltd. 
 It has a global footprint, with a presence in countries like Malaysia, Indonesia, Hong Kong, Australia, and India. 
 
 Services offered 
 
 IT Solutions: Provides integrated information technology software solutions, including client-server, multi-tier, and web-based applications. 
 Consulting: Offers technical and business consulting to help clients implement technology, manage projects, and improve business processes. 
 Software Development: Develops custom-built applications to meet specific client needs. 
 Cybersecurity: Provides cybersecurity expertise to help businesses navigate the digital landscape. 
 Digital Marketing: Offers digital marketing services, such as SEO, social media marketing, and brand identity design.","bpjs tenaga kerja insurance and health, medical coverage",True,https://glints.com/id/opportunities/jobs/senior-ios-developer/87e8cb18-8640-4646-929f-17c47c1a89ee,ios development swift objectivec clean architecture cicd
iOS Developer,Manufacturing,CONTRACTOR,iOS Developer,2026-04-08T08:47:54.237Z,2026-05-09,PT. Kreasi Nusa Studio (KNS Group),https://www.kns-archipelago.com/,https://images.glints.com/unsafe/glints-dashboard.oss-ap-southeast-1.aliyuncs.com/company-logo/272ccc045aea55004deb8c59879da34a.jpg,"Jl. BDN Raya No.7A, Cipete Sel., Kec. Cilandak, Kota Jakarta Selatan, DKI Jakarta 12410",Jakarta Pusat,DKI Jakarta,ID,-6.20556,106.81111,10000000.0,13000000.0,IDR,MONTH,"Xcode, Swift, Objective-C, Restful API, iOS Development",60.0,bachelor degree,"Responsibilities: 
 • Design, develop, and maintain high-quality iOS applications. 
 • Write clean, maintainable, and efficient code using Swift. 
 • Collaborate with UI/UX designers, backend developers, and QA teams. 
 • Integrate APIs and third-party services. 
 • Optimize application performance, scalability, and reliability. 
 • Identify and fix bugs and performance bottlenecks. 
 • Conduct code reviews and ensure best practices are followed. 
 • Participate in the full mobile application development lifecycle. 
 
 Qualifications: 
 • Minimum Diploma (D3) in Computer Science, Information Technology, or a related field. 
 • Minimum 3+ years of experience as an iOS Developer. 
 • Strong proficiency in Swift (Objective-C is a plus). 
 • Solid understanding of iOS SDK, UIKit, and Apple Human Interface Guidelines. 
 • Experience building and publishing apps to the Apple App Store. 
 • Strong knowledge of RESTful APIs integration and third-party libraries. 
 • Familiar with MVC, MVVM, or other iOS architecture patterns. 
 • Experience with Core Data, local storage, and offline caching mechanisms. 
 • Understanding of version control systems (Git). 
 • Familiar with CI/CD pipelines for mobile applications. 
 • Experience with unit testing and UI testing (XCTest) is a plus. 
 • Strong analytical thinking and problem-solving skills. 
 • Ability to work independently and in a team environment.","KNS Group is a professional office interior design and construction company that focus on providing a full scale fit out services from scratch to completion. 
 
Over the last 7 years we have been helping our local and multinational clients to design, plan, manage and execute their fit-out projects. Ranging from commercial office, showroom, retail, laboratory and warehouse. 
 
Our clients will be appointed a dedicated consultant and team of experts who will assess the space and develop design plan that works for their organization now and well into the future. Our team will manage the entire project, budget and speed of delivery to ensure our client receive the most efficient and cost- effective project solution.","thr financial benefits, medical coverage, bpjs tenaga kerja insurance and health",True,https://glints.com/id/opportunities/jobs/ios-developer/da3f3ea0-e17c-4ecc-83bc-f8e8c029d6b6,xcode swift objectivec restful api ios development
Web Developer,Computer Software,FULL_TIME,Full Stack Developer,2026-04-07T05:12:00.837Z,2026-05-08,Retail Solution,https://www.retailsolution.id/,https://images.glints.com/unsafe/glints-dashboard.oss-ap-southeast-1.aliyuncs.com/company-logo/b931fe43b7eabcacaac9b777bdbb7ab0.jpg,"Jl. Laksda Adisutjipto, Jl. Raya Kledokan No.7, Caturtunggal, Kec. Depok, Kabupaten Sleman, Daerah Istimewa Yogyakarta 55281",Sleman,DI Yogyakarta,ID,-7.76667,110.40972,2650000.0,3000000.0,IDR,MONTH,"jQuery, MySQL, JavaScript, PHP, CodeIgniter, Bootstrap",12.0,high school,"💼 WE ARE HIRING:  Web Developer  
 Perusahaan: BreezePOS 
 Lokasi: Yogyakarta   
 Tipe: Full Time 
 BreezePOS adalah aplikasi kasir & manajemen bisnis yang membantu ribuan pelaku usaha mengelola bisnisnya dengan lebih mudah. Kami terus berkembang dan mencari talenta terbaik untuk tumbuh bersama 🚀 
 Kualifikasi: 
 
 * Pengalaman Minimal 1 Tahun (Fresh Graduated are Wellcome) 
 * Menguasai PHP dan JavaScript 
 * Menguasai HTML, CSS, dan Bootstrap 
 * Menguasai CodeIgniter 3 dan CodeIgniter 4 
 * Memahami MySQL (SQL dan phpMyAdmin) 
 * Menguasai Git (version control) 
 * Memahami cPanel (server management) 
 * Memahami pengembangan dan maintenance web serta API 
 * Mampu bekerja dalam tim dan komunikatif 
 * Mau belajar dan berkembang bersama 
 
 Kirim: 
 • CV  
 • (Optional) Project terbaik yang pernah dibuat","Retail adalah penyedia perlengkapan kasir dengan kualitas terpercaya. Kami memfokuskan diri dalam penyedia solusi bisnis retail yang menyediakan berbagai macam produk mulai dari aplikasi kasir, software toko, software resto, cash drawer, mesin kasir, barcode scanner, barcode printer, dsb.",thr financial benefits,True,https://glints.com/id/opportunities/jobs/web-developer/a4ddb7e3-413b-43a3-82be-e89ae630343b,jquery mysql javascript php codeigniter bootstrap
Senior Backend Developer,Information Technology and Services,CONTRACTOR,Backend Developer,2026-04-08T11:52:50.069Z,2026-05-09,PT Nextgen Inovasi Indonesia,https://nextgen.co.id,https://images.glints.com/unsafe/glints-dashboard.oss-ap-southeast-1.aliyuncs.com/company-logo/a795596d828c5972409d174c24929e5f.jpg,"Epicentrum Office Walk Suite, Jakarta, DKI Jakarta 12940, ID",Jakarta Selatan,DKI Jakarta,ID,-6.21944,106.82917,7000000.0,10000000.0,IDR,MONTH,"TypeScript, PostgreSQL, RabbitMQ, Go / Golang, Redis, Docker, Kafka, Node.js, MySQL",60.0,professional certificate,"We are currently seeking a highly skilled and experienced Senior Backend Developer to join our team. This is an exciting opportunity for professionals who are passionate about building scalable systems and modern backend architectures. 
 
 Important Notice 
 We use AI-assisted tools to review and screen CVs. Please ensure your CV clearly includes: 
 
 Duration of work experience (month and year) 
 Job position/title for each role 
 Technologies and skills used in each experience 
 
 Incomplete or unclear information may affect the evaluation process. 
 
 Position Details 
 Role: Senior Backend Developer 
 Experience: Minimum 5 years in a related field 
 Work Arrangement: Hybrid (Office & Remote) 
 
 Key Responsibilities 
 
 Design, develop, and maintain scalable backend systems 
 Build and optimize RESTful APIs and/or gRPC services 
 Architect and implement microservices or modular monolith systems 
 Ensure high performance and responsiveness of applications 
 Collaborate with cross-functional teams to deliver robust solutions 
 
 Technical Qualifications 
 
 Strong proficiency in Golang and Node.js / TypeScript 
 Solid experience with RESTful API and/or gRPC services 
 Proven ability to design microservices architecture or modular monolith systems 
 Hands-on experience with PostgreSQL and MySQL including query optimization, indexing, and database migrations 
 Deep understanding of clean code principles, design patterns, and SOLID principles 
 Experience with Git and CI/CD pipelines 
 
 Technology Stack 
 
 Golang (mandatory) 
 Node.js / TypeScript (mandatory) 
 PostgreSQL (mandatory) 
 MySQL (mandatory) 
 Docker and containerization 
 Message brokers such as RabbitMQ or Kafka (plus point) 
 Caching systems such as Redis (plus point) 
 
 AI Tools Experience 
 
 Familiarity with AI-assisted development tools 
 Experience with Claude Code (Anthropic) is highly preferred",PT Nextgen Inovasi Indonesia is an IT company founded in 2015. Our business started by providing IT consulting to our clients to develop their systems or products. We started to form our own development team which is used by our clients. Our main line of business is outsourcing of IT experts.,"thr financial benefits, medical coverage, bpjs tenaga kerja insurance and health",True,https://glints.com/id/opportunities/jobs/senior-backend-developer/3f61a409-855c-48a5-ad3a-605542a53f3f,typescript postgresql rabbitmq go golang redis docker kafka nodejs mysql
Backend Golang Developer,Information Technology and Services,CONTRACTOR,Backend Developer,2026-02-18T04:13:06.548Z,2026-05-07,PT Entrepreneur Trust Digital,https://www.entrustdigital.co.id,https://images.glints.com/unsafe/glints-dashboard.oss-ap-southeast-1.aliyuncs.com/company-logo/7a4549d0b1fda5ddd5d6df4240c95522.png,"Jalan Ir. H. Juanda No.109, Dago, Bandung Regency, West Java 40132",Jakarta Pusat,DKI Jakarta,ID,-6.20556,106.81111,7500000.0,10500000.0,IDR,MONTH,"Docker, Redis, Go / Golang",12.0,professional certificate,"Requirement: 
 
 At least 2 year experience as Backend Developer - Golang  
 Experience in microservices project, and can make service in Restful API, GRPC 
 Experience in Redis or ElasticSearch  
 Experience in using Kafka or Other Message Broker  
 Experience is implementing clean code architecture  
 Understand agile SDLC concepts","We offer a proficient team well-versed in the latest technologies. Our services provide you access to top-notch IT talent, serving as a valuable solution. Numerous clients rely on us to enhance their IT team resources, enabling them to save time and concentrate on their core business activities.","work station, medical coverage, thr financial benefits, bpjs tenaga kerja insurance and health",True,https://glints.com/id/opportunities/jobs/backend-golang-developer/8879948b-136b-4587-a1b9-670c5ca4c345,docker redis go golang
Golang Backend Developer (Hybrid),Human Resources,FULL_TIME,Backend Developer,2026-04-07T09:18:10.492Z,2026-05-08,Pt. Empore Hezer Tama,http://www.empore.co.id,https://images.glints.com/unsafe/glints-dashboard.oss-ap-southeast-1.aliyuncs.com/company-logo/a713ffd01a6a72317f863c87a0ea1e02.png,"Metropolitan Tower Level 13-A, Jl. R.A. Kartini Jl. TB Simatupang, RT.10/RW.4, Cilandak Bar., Kec. Cilandak, Kota Jakarta Selatan, Daerah Khusus Ibukota Jakarta 12430",Jakarta Selatan,DKI Jakarta,ID,-6.24444,106.8,11000000.0,17000000.0,IDR,MONTH,"GIT, SQL, Restful API, English Language, Go / Golang",12.0,professional certificate,"📢 Job Opening:  Golang Backend Developer 
 📍 Location:  Jakarta (Hybrid System)  
 🏢 Industry:  Digital Bank 
 
 We are hiring on behalf of our client, a fast-growing company in the digital banking sector, who is looking for a Golang Backend Developer to join their agile and innovative engineering team. 
 
 🔧 Job Responsibilities 
 1.	Design, develop, and maintain scalable backend services using Golang. 
 2.	Collaborate with cross-functional teams including product managers, frontend developers, and QA engineers to deliver high-quality solutions. 
 3.	Write clean, maintainable, and well-documented code. 
 4.	Participate in code reviews and contribute to best practices in software development. 
 5.	Monitor system performance and troubleshoot issues as needed. 
 6.	Ensure high availability, performance, and scalability of backend systems. 
 
 ✅ Qualifications 
 1.	2–3 years of hands-on experience as a backend developer (preferably with Golang). 
 2.	Strong understanding of backend architecture, RESTful APIs, and microservices. 
 3.	Proficient in English (both verbal and written), as the role involves communication with international stakeholders. 
 4.	Experience working in Agile/Scrum development environments. 
 5.	Familiarity with version control tools (e.g., Git) and CI/CD pipelines is a plus. 
 6.	Self-driven, detail-oriented, and a strong team player.","As corporate challenge ahead become more complex and tight, especially in the digital era with high demanding on Information Technology application and resources, Empore presents to simplify the complexity. You will get a reliable partner with deep experiences and expertise in software development and Human Resource Management, along with all supporting technology. We will speed up and streamline your business with the latest software technology and best manpower to run your company.","dental care insurance and health, medical coverage, thr financial benefits, team building events, bpjs tenaga kerja insurance and health, work station, vacation and leaves, insurance",True,https://glints.com/id/opportunities/jobs/golang-backend-developer-(hybrid)/0270857b-68be-4bea-9c18-55e5cc50bb4e,git sql restful api english language go golang
Backend Developer,Information Technology and Services,FULL_TIME,Backend Developer,2026-04-08T02:57:26.586Z,2026-05-09,PT. ASABA DIGITAL INNOTECH,http://www.asaba.co.id,https://images.glints.com/unsafe/glints-dashboard.oss-ap-southeast-1.aliyuncs.com/company-logo/1efb6063950e5671ec8487b1e3ce46d0.png,"Ebenezer Building, Jl Setiabudi Selatan no. 1 Jakarta Selatan",Jakarta Selatan,DKI Jakarta,ID,-6.21944,106.82917,7000000.0,10500000.0,IDR,MONTH,"MySQL, Go / Golang, PostgreSQL",36.0,bachelor degree,"Job Description: 
 
 Serverside Application Development: Design, develop, and maintain server side applications using relevant programming languages such as Go (Golang) and appropriate frameworks. 
 Database Design and Management: Design, implement, and manage efficient, secure, and scalable database schemas (PostgreSQL), including query optimization and ensuring data integrity. 
 API Development: Design and build secure, high performance APIs to facilitate communication between the client side (Frontend/Mobile Applications) and server side business logic. 
 System Security: Implement security best practices, including data encryption, authentication, authorization, input validation, and protection against common vulnerabilities (e.g., OWASP Top 10 attacks). 
 Maintenance and Performance Optimization: Identify and resolve performance bottlenecks, perform code refactoring, and ensure the system maintains low latency and high availability (uptime). 
 
 
 Key Requirements: 
 
 Strong understanding of data structures, algorithms, and design patterns. 
 Ability to write clean, maintainable, well documented, well structured, and testable code following best practices. 
 Experience conducting unit testing, integration testing, and end-to-end testing. 
 Familiarity with PostgreSQL/MySQL, including query optimization and efficient database schema design. 
 
 
 Optional : 
 
 Familiarity with Redis for caching or as a message broker. 
 Hands on experience with Docker, Kubernetes, and CI/CD pipelines. 
 Understanding of secure coding practices, authentication/authorization, and system observability. 
 Ability to perform code reviews, collaborate across teams, and solve complex technical problems. 
 5+ years of professional software development experience. 
 3+ years of hands-on experience with Golang.","PT. ASABA Digital Innotech was founded in 1990 with the clear mission to create business values for the customers by solving complex systems integration issues behind the state-of-the-art technologies. 
 As such, PT. ASABA ASABA Digital Innotech has taken great care and pride to select world class IT companies as technology partners, continue profoundly to invest in human capital, as well as develop specific industry knowledge by mapping the leading technology practices with the local business requirements.","meal allowance financial benefits, bpjs tenaga kerja insurance and health, travel, career growth, thr financial benefits, medical coverage",True,https://glints.com/id/opportunities/jobs/backend-developer/85082c9b-855f-4578-86c1-5116709c5a82,mysql go golang postgresql
Backend Developer,Human Resources,FULL_TIME,Backend Developer,2026-02-04T07:58:47.742Z,2026-04-12,ADI Consulting,https://www.adiresourcing.com/,https://images.glints.com/unsafe/glints-dashboard.oss-ap-southeast-1.aliyuncs.com/company-logo/8773f53973678324a073d2f9b6b993f6.png,"Dutamas Fatmawati B2.10, Jl. Fatmawati No.39, RT.1/RW.5, Cipete Utara, Kec. Kby. Baru, Kota Jakarta Selatan, Daerah Khusus Ibukota Jakarta 12150",Tangerang Selatan,Banten,ID,-6.30694,106.67917,11000000.0,15000000.0,IDR,MONTH,"Warehouse Management, Go / Golang, Supply Chain Management, Retail Management",36.0,bachelor degree,"Talent Placement Consulting Indonesia  is a sister company of aDI Group. We're engaged in Headhunting and IT Outsourcing with a focus on the ASEAN region. Our head office is located in Bangkok, Thailand, and we have a representative office in Indonesia located in South Tangerang. Currently, we work with various clients from a wide range of industries.  
 Currently, we're seeking talented professionals to support our client projects. This role is dedicated to fulfilling our clients’ business needs on a  12-twelve month contract basi s, with the possibility of extension and this opportunity willing to  Onsite (WFO) South Jakarta  with our clients requirements below. 
 
 Job Requirements for  Backend Developer  are: 
 
 Experience min. 3-4 years experience 
 Tech Stack : Gitlab, Golang, Gin Framework, GORM, Redis, RabbitMQ, Apache Kafka, Viper, MinIO and Swagger 
 Industry : 𝐒𝐮𝐩𝐩𝐥𝐲 𝐂𝐡𝐚𝐢𝐧, 𝐑𝐞𝐭𝐚𝐢𝐥 & 𝐖𝐚𝐫𝐞𝐡𝐨𝐮𝐬𝐞","ADI Group is one of the leading IT Staffing, recruitment and consulting agency in Southeast Asia. ADI leverages over 15 years of experience and 1,000+ passionate professionals with extensive expertise, in order to best serve our clients needs.","vacation and leaves, thr financial benefits, bpjs tenaga kerja insurance and health, work station, overtime pay financial benefits, medical coverage",True,https://glints.com/id/opportunities/jobs/backend-developer/e28c92c4-15e6-42e0-84d8-d1cc0de66c5d,warehouse management go golang supply chain management retail management
Backend Java Developer,Information Technology and Services,FULL_TIME,Backend Developer,2026-04-09T08:48:46.601Z,2026-05-10,PT. Sarana Pactindo,https://pactindo.com/home/,https://images.glints.com/unsafe/glints-dashboard.oss-ap-southeast-1.aliyuncs.com/company-logo/aae66c11e7209c937c9d365532c555fb.jpg,"Jl. Soekarno Hatta 267 Bandung
",Bandung,Jawa Barat,ID,-6.95167,107.59778,7000000.0,10000000.0,IDR,MONTH,"Java, Object-Oriented Programming (OOP), MySQL",36.0,professional certificate,"Qualification : 
 
 
 
 Knowledge in backend Java Programming and SpringBoot 
 Knowledge in Relational Database (PostgreSQL/Oracle/MySQL/MsSQL) 
 Understanding of OOP, SOLID Principle and Design patterns 
 Understanding of Functional Programming and DDD will be an advantages 
 Knowledge in Kotlin Programming will be an advantages 
 Knowledge in Spring Cloud and microservice will be an advantages 
 Knowledge in Message Broker (Kafka), Memory Cache (Redis) will be an advantages 
 Experiences in GIT 
 Knowledge container technology (Docker) will be an advantages 
 Have passion in programming, hard worker","PT. Sarana Pactindo (PAC) adalah perusahaan penyedia jasa teknologi dengan fokus pada industri perbankan dan retail. Solusi yang disediakan oleh PAC kepada bank adalah internet banking, mobile banking, EDC, dsb.","thr financial benefits, vacation and leaves, insurance, bpjs tenaga kerja insurance and health, medical coverage",True,https://glints.com/id/opportunities/jobs/backend-java-developer/126500f6-70a8-4dab-8b0c-305bb4e0388e,java objectoriented programming oop mysql
Backend Developer,Computer & Network Security,FULL_TIME,Backend Developer,2026-03-13T02:48:49.096Z,2026-04-13,PT Gatra Hita Wasana,https://www.gatrahitawasana.com,https://images.glints.com/unsafe/glints-dashboard.oss-ap-southeast-1.aliyuncs.com/company-logo/208ed15fa1e1cd68b6a002a4b78bd0ec.png,"Jl. Bangka Raya No.1 33A, RT.1/RW.11, Pela Mampang, Mampang Prapatan, South Jakarta City, Jakarta 12720",Jakarta Selatan,DKI Jakarta,ID,-6.25139,106.81667,5700000.0,8000000.0,IDR,MONTH,"Microsoft SQL Server, PostgreSQL, Java, Spring Boot",12.0,bachelor degree,"Backend Developer 
 ​Deskripsi Pekerjaan 
 ​Stacks: Oracle SQL (DB) - Java Spring Boot (BE) 
 Sebagai Backend Developer, Anda akan bertanggung jawab untuk mengembangkan, menguji, dan melakukan debugging pada aplikasi sisi server (server-side) maupun sisi klien (client-side) perusahaan. Dengan menggunakan Java Spring Boot pada backend dan JavaScript pada frontend, Anda akan menerjemahkan kebutuhan pengguna serta bisnis ke dalam desain aplikasi yang fungsional. 
 ​Tanggung Jawab Utama 
 ​Bekerja sama dengan tim untuk mengembangkan dan memelihara aplikasi yang ditugaskan oleh manajer. 
 . ​Menerapkan prinsip OOP (Object-Oriented Programming) dalam pengembangan. 
 ​. Membangun kode dan library yang dapat digunakan kembali (reusable) untuk kebutuhan mendatang. 
 ​. Menerjemahkan kebutuhan pengguna dan bisnis secara akurat ke dalam kode fungsional. 
 ​Kualifikasi Umum 
 ​Pendidikan: Minimal Gelar Sarjana (S1) di bidang Ilmu Komputer, Teknologi Informasi, atau bidang terkait. 
 ​Pengalaman: Minimal 2 tahun pengalaman dalam pemrograman. 
 ​. Memiliki kemampuan untuk mengimplementasikan SDLC (Software Development Life Cycle). 
 ​. Mampu menyusun dokumentasi pengembangan perangkat lunak. 
 ​Kualifikasi Teknis 
 ​. Menguasai PL/SQL (Oracle Database), Microsoft SQL, dan objek database lainnya. 
 ​. Memiliki kemampuan pengembangan aplikasi menggunakan bahasa pemrograman/teknologi berikut: 
 ​. Backend: Java, Spring Boot, Spring/MVC. 
 ​. Frontend: JavaScript (Angular/Vue), ExtJS, Coolite, GXT, dan GWT. 
 ​. Web Standards: HTML5 & CSS. 
 ​. Mampu membuat User Interface Mockups","Gatra Hita Wasana is a company engaged in IT outsourcing and digital solutions, committed to supporting digital transformation across various business sectors in Indonesia. We provide reliable information technology services, ranging from the supply of professional IT personnel, application development, and system integration to tailored digital solutions that meet the unique needs of our clients. 
 By combining technological expertise, business insight, and a spirit of collaboration, Gatra Hita Wasana positions itself as a strategic partner that helps organizations enhance operational efficiency, accelerate innovation, and adapt to digital challenges. 
 We believe that technology is not merely a tool, but a pathway to sustainable growth, human resource empowerment, and national progress.","thr financial benefits, perform bonus financial benefits, medical coverage, meal allowance financial benefits, bpjs tenaga kerja insurance and health, professional development, career growth, travel",True,https://glints.com/id/opportunities/jobs/backend-developer/fe0e0e3a-aa1b-4aa2-801e-c7b731875e28,microsoft sql server postgresql java spring boot
Backend Developer (Golang),Information Technology and Services,FULL_TIME,Backend Developer,2026-03-30T10:19:37.121Z,2026-04-30,PT Gemilang Bisnis Universal,https://gemilangbisnis.com/,https://images.glints.com/unsafe/glints-dashboard.oss-ap-southeast-1.aliyuncs.com/company-logo/5eab457d7bb692d344b3346c8809c4c1.jpeg,"Jl. Letnan Sutopo, Kel. Rawa Mekarjaya, Kec. Serpong Komplek Ruko Barcelona Blok E9, No. 49",Tangerang Selatan,Banten,ID,-6.30694,106.67917,6000000.0,7000000.0,IDR,MONTH,"MySQL, Go / Golang, MongoDB, PostgreSQL, PHP",12.0,bachelor degree,"Kualifikasi: 
 
 Lulusan S1 di bidang Teknologi Informasi, Sistem Informasi, Teknik Informatika, atau bidang terkait. 
 Minimal 2 tahun sebagai Developer, khususnya di bidang Financial Technology. 
 Menguasai salah satu atau lebih bahasa pemrograman: Delphi atau sejenisnya, Java, Python, JavaScript, NodeJS, Golang, PHP. 
 Terbiasa menggunakan dan mengelola database: MySQL, PostgreSQL, MongoDB, Redis. 
 
 
 Job Description: 
 
 Menganalisis kebutuhan sistem dan menyusunnya agar dapat diimplementasikan oleh tim terkait. 
 Menulis, mengembangkan, serta mengoptimalkan kode program. 
 Melakukan pengujian internal (testing) sebelum serah terima ke tim QA/terkait. 
 Melakukan debugging dan troubleshooting untuk memastikan stabilitas sistem. 
 Membuat pencatatan log sistem sebagai audit trail. 
 Mengelola log versi development, staging, dan production. 
 Menyusun dokumentasi API untuk pengembangan. 
 Melakukan pemeliharaan sistem secara berkala. 
 Berkolaborasi dengan tim lintas fungsi.","Gemilang Bisnis Universal (GBU) adalah holding company yang berfokus pada transformasi digital lembaga keuangan mikro di Indonesia. Kami mengintegrasikan strategi, teknologi, dan kepatuhan untuk membantu BPR, koperasi, dan lembaga penyalur dana tumbuh lebih kuat, efisien, dan kompetitif.","thr financial benefits, bpjs tenaga kerja insurance and health, professional development, medical coverage, career growth",True,https://glints.com/id/opportunities/jobs/backend-developer-(golang)/447df82e-3986-492d-a86f-7e8cedc72545,mysql go golang mongodb postgresql php
Freelance Backend Developer,Marketing and Advertising,FULL_TIME,Backend Developer,2026-04-06T03:28:17.585Z,2026-05-07,cmlabs.co,https://cmlabs.co/en-id,https://images.glints.com/unsafe/glints-dashboard.oss-ap-southeast-1.aliyuncs.com/company-logo/c6233d338439f402316b79e720461cc5.jpg,"Jl. Seruni No.9, Lowokwaru, Kec. Lowokwaru, Kota Malang, Jawa Timur 65141",Malang,Jawa Timur,ID,-7.95,112.65139,3000000.0,3500000.0,IDR,MONTH,"MySQL, Java, MongoDB, C++, Python, PHP, Node.js, Laravel, Microsoft SQL Server, PostgreSQL",12.0,high school,"Responsibilities 
 
 Perform application optimization for maximum speed and scalability 
 Implement data security and protectionProvide effective and efficient suggestions and solutions to the team 
 Solve problems such as bugs or errors related to the project being worked on 
 Coordinate with the whole teamDesign and implement data storage solutions 
 Doing API Integration 
 Perform security settings and prevent hacking attacks 
 
 
 Qualifications 
 
 Min. 1-2 years experience 
 Preferably understand Golang / Javascript programming languages 
 Preferably understand the Framework: GoFiber, Express 
 Getting used to utilize SQL (MYSQL, PostgreSQL, etc.) & NoSQL (MongoDB, Firebase, etc.) 
 Understand GitFlow and GitHub 
 Have good Logic and understand how to solve an algorithm problem","cmlabs is a brand under PT CMLABS INDONESIA DIGITAL, specializes in the SEO field and was established in 2019. cmlabs located in two big cities in Indonesia, Jakarta and Malang. This company was initiated with an idea to help companies or enterprises increase the visibility of their brand on the internet. cmlabs will expand to a bigger market to present SEO product and serve SEO activities on a global scale for enterprises","thr financial benefits, career growth, travel, bpjs tenaga kerja insurance and health, meal allowance financial benefits, medical coverage",True,https://glints.com/id/opportunities/jobs/freelance-backend-developer/2500abe6-9e14-4b68-a665-6fd1b30a4cb0,mysql java mongodb c python php nodejs laravel microsoft sql server postgresql
Backend Developer - .NET Core,Staffing and Recruiting,FULL_TIME,Backend Developer,2026-03-13T03:26:40.501Z,2026-04-13,PT Esha Parama Teknologi,http://www.eshaparama.com,https://images.glints.com/unsafe/glints-dashboard.oss-ap-southeast-1.aliyuncs.com/company-logo/ab048bbb649ff3fee8905d3c528242c9.jpeg,"PT Esha Parama Teknologi, 88@ Kasablanka Office Tower A 26 F, Jl Casablanca Raya Kav.88, Jakarta, Jakarta Selatan 12870, Indonesia",Jakarta Pusat,DKI Jakarta,ID,-6.19444,106.83333,10000000.0,14000000.0,IDR,MONTH,".NET CORE, API Development, SQL, Microservices Architecture",36.0,bachelor degree,"Back-End Developer (.NET Core) 
 
 Role Overview 
 Responsible for developing server-side logic, API services, and business workflow components that support the system. 
 
 Key Responsibilities 
 
 * Develop microservices, business logic, and RESTful APIs using .NET Core 
 * Manage database transactions, queries, and stored procedures 
 * Integrate with banking services and internal systems 
 * Ensure code quality, performance, scalability, and security 
 * Perform unit testing and support deployment activities 
 
 Skills and Experience 
 
 * Minimum 4 years of experience in .NET Core backend development 
 * Strong understanding of SQL databases, API design, authentication, and server security 
 * Experience working on transaction-heavy systems is preferred 
 * Familiarity with fintech or banking industry is a plus 
 * Able to work in a fast-paced and dynamic environment","Esha Parama Technology is a Staffing & IT Solutions firm specializing in IT and NON-IT positions working with market leaders and well-known brand names in the Indonesian market. Our business is headquartered in Indonesia & India. A few of the industries we serve are Finance & Banking, Insurance, Automobile, Aerospace, Manufacturing, Health care, Engineering, Energy and Utilities, Oil & Gas 
 We strongly believe in building a value of trust, honesty, and transparency with our clients so as to develop long-term relationships and adopt a flexible approach as per their needs. 
 All our resources are multifaceted and come with years of commended performance. The project completion rate of our consultants is 97%, and 3% is attributed to unforeseen situations like project shutdown, health issues, relocation, etc. We appreciate the experience that our candidates bring from various industries and we like to leverage it for the mutual benefit of both clients and candidates.",user defined,True,https://glints.com/id/opportunities/jobs/backend-developer---.net-core/841d8256-f12a-4482-adba-7a5b2916e9e1,net core api development sql microservices architecture
Backend Developer (Java Springboot),Information Technology and Services,CONTRACTOR,Backend Developer,2025-03-07T02:33:24.96Z,2026-05-02,PT Sigma Global Teknologi,https://www.sigma-tech.co.id,https://images.glints.com/unsafe/glints-dashboard.oss-ap-southeast-1.aliyuncs.com/company-logo/3aba5816b8ecfbb79a395592af581035.png,"Sona Topas Tower Lt. 12, Jl. Jend. Sudirman, RT.4/RW.2, Kuningan, Kota Jakarta Selatan, Daerah Khusus Ibukota Jakarta 12920",Jakarta Selatan,DKI Jakarta,ID,-6.21944,106.82917,5000000.0,8500000.0,IDR,MONTH,"Back-End Web Development, Java, Banking, Core Java, Spring Framework, Temenos24",36.0,bachelor degree,"Min exp 3-4 years as Backend Developer especially in Java Springboot  
 Has experience in banking industry  
 Familar about Temenos 24  
 Build efficient and reusable components 
 Build scaling back-end services 
 Write clean, reusable, maintainable code 
 A team-oriented approach, with A willingness to receive feedback and iterate on designs 
 Design, Write and deliver software to improve the availability, scalability, latency, and efficiency of application services 
 Designing, enhancing and building out new features and services 
 Design and implement RESTful APIs 
 Work with team to create new Design/architectures geared towards scale and performance 
 Engage in service capacity and demand planning, software performance analysis, tuning and optimization 
 Work with team to define and prototype feature specifications 
 Domicile in Jakarta, Indonesia (is more prioritized)","SIGMATECH is the enterprise technology partner of choice for software development, delivering a broad range of web, mobile, and desktop controls coupled with a service-oriented approach throughout the entire application life cycle. 
 SIGMATECH consists of highly skilled developers specializing in agile development methodology, focusing on Mobile & Web Solution, IT Services and business enterprise, utilizing modern programming languages as our platform. SIGMATECH has established itself as the trusted partner for use in mission-critical applications and service clientele from global insurance companies, government agencies and large consumer product manufacturers. 
 Our Vision : 
 To be the most reputable and dependable growth solution partner both for IT Professional Talents and Client's Businesses worldwide 
 Our Mission : 
 To be the most reputable and dependable growth solution partner both for IT Professional Talents and Client's Businesses worldwide 
 To be the most reputable and dependable growth solution partner both for IT Professional Talents and Client's Businesses worldwide","travel, remote work, medical coverage, work station",True,https://glints.com/id/opportunities/jobs/backend-developer-(java-springboot)/fd37617f-3812-490c-8054-2136cb5dff61,backend web development java banking core java spring framework temenos
"Backend Developer (Java, Rust, Golang)",Information Technology and Services,CONTRACTOR,Backend Developer,2026-03-31T04:23:11.981Z,2026-05-01,PT Sigma Global Teknologi,https://www.sigma-tech.co.id,https://images.glints.com/unsafe/glints-dashboard.oss-ap-southeast-1.aliyuncs.com/company-logo/3aba5816b8ecfbb79a395592af581035.png,"Sona Topas Tower Lt. 12, Jl. Jend. Sudirman, RT.4/RW.2, Kuningan, Kota Jakarta Selatan, Daerah Khusus Ibukota Jakarta 12920",Tangerang Selatan,Banten,ID,-6.26667,106.70972,14000000.0,17000000.0,IDR,MONTH,"Rust, Go / Golang, Java, Spring Boot",60.0,professional certificate,"We are Hiring Backend Developer (Banking Industry) 
 
 Sigmatech membuka kesempatan untuk posisi Backend Developer dengan penempatan di klien industri Perbankan (Bintaro). 
 
 📍 Placement: Bintaro (WFO) 
 🏢 Industry: Banking 
 
 Kualifikasi: 
 
 Minimal 4 tahun pengalaman sebagai Backend Developer 
 Wajib menguasai: Golang, Java, dan Rust (expert di ketiganya) 
 Memiliki pengalaman di industri perbankan 
 Berpengalaman menggunakan SQL & NoSQL database 
 Memahami unit testing dan clean architecture 
 Pengalaman di banking atau big startup menjadi nilai tambah 
 
 Job Responsibilities: 
 
 Mengembangkan dan maintain backend services untuk sistem perbankan 
 Mendesain sistem yang scalable, secure, dan high performance 
 Melakukan implementasi clean architecture dan best practices coding 
 Berkolaborasi dengan tim cross-functional (QA, DevOps, Frontend) 
 Melakukan unit testing dan debugging untuk memastikan kualitas sistem","SIGMATECH is the enterprise technology partner of choice for software development, delivering a broad range of web, mobile, and desktop controls coupled with a service-oriented approach throughout the entire application life cycle. 
 SIGMATECH consists of highly skilled developers specializing in agile development methodology, focusing on Mobile & Web Solution, IT Services and business enterprise, utilizing modern programming languages as our platform. SIGMATECH has established itself as the trusted partner for use in mission-critical applications and service clientele from global insurance companies, government agencies and large consumer product manufacturers. 
 Our Vision : 
 To be the most reputable and dependable growth solution partner both for IT Professional Talents and Client's Businesses worldwide 
 Our Mission : 
 To be the most reputable and dependable growth solution partner both for IT Professional Talents and Client's Businesses worldwide 
 To be the most reputable and dependable growth solution partner both for IT Professional Talents and Client's Businesses worldwide","medical coverage, travel, bpjs tenaga kerja insurance and health, thr financial benefits, work station",True,"https://glints.com/id/opportunities/jobs/backend-developer-(java,-rust,-golang)/2254fbf5-697f-46ea-9674-0986b895b7dc",rust go golang java spring boot
Backend Developer (Java Spring Boot),Retail,FULL_TIME,Backend Developer,2026-03-27T09:01:58.19Z,2026-04-27,FLUFFY BABY WEAR,https://sarana.id,https://images.glints.com/unsafe/glints-dashboard.oss-ap-southeast-1.aliyuncs.com/company-logo/55e6d72e1b8400167440dbb13729c468.png,"Jl. Kopo Jaya I, Margahayu Utara, Kec. Babakan Ciparay, Kota Bandung, Jawa Barat 40224",Bandung,Jawa Barat,ID,-6.94472,107.57639,3500000.0,5000000.0,IDR,MONTH,"Node.js, Java, C++, MySQL, PHP, JavaScript, Laravel",12.0,high school,"Hard Skills 
 
 Menguasai Java (minimal Java 11+, lebih baik familiar dengan Java 17+). 
 Pengalaman menggunakan Spring Boot (Spring Data JPA, Spring Security, Spring Cloud lebih diutamakan). 
 Familiar dengan database relasional (PostgreSQL/MySQL) dan ORM (Hibernate/JPA). 
 Pengalaman membuat dan mengonsumsi RESTful API atau GraphQL. 
 Mengerti microservices architecture, event-driven system, dan message broker (Kafka/RabbitMQ) lebih baik. 
 Paham best practice backend: clean code, SOLID principles, design patterns. 
 Familiar dengan testing framework (JUnit, Mockito). 
 Pengalaman dengan Docker, CI/CD pipeline, Git. 
 Memahami security best practices (JWT, OAuth2, CSRF, XSS, SQL Injection prevention). 
 
 Soft Skills 
 
 Problem solving & debugging yang kuat. 
 Mampu bekerja dalam tim lintas fungsi (frontend, mobile, QA). 
 Dokumentasi teknis yang rapi.","PT. Sarana Mega Fortuna is a leading garment manufacturer specializing in high-quality baby apparel. Since our establishment in 2001, we have been committed to providing comfortable, safe, and stylish clothing for newborns, infants, and toddlers","well ness, team building events, career growth, work station, vacation and leaves",True,https://glints.com/id/opportunities/jobs/backend-developer-(java-spring-boot)/c075f60d-2a7c-438f-ba23-6d26d888d014,nodejs java c mysql php javascript laravel
Backend Developer (Java Spring Boot),Financial Services,FULL_TIME,Backend Developer,2026-04-06T07:50:09.575Z,2026-05-07,PT Manjo Teknologi Indonesia,https://manjo.co.id,https://images.glints.com/unsafe/glints-dashboard.oss-ap-southeast-1.aliyuncs.com/company-logo/c9112385d12e2999a21a22bca17d8ce0.png,"Springhill Office Tower Fl. 3 Unit G, Jalan Benyamin Suaeb Block D6 Section D7, Pademangan, North Jakarta",Jakarta Selatan,DKI Jakarta,ID,-6.21944,106.82917,6000000.0,10000000.0,IDR,MONTH,"Kafka, RabbitMQ, MySQL, Microsoft SQL Server, Restful API, GCP, Docker, Redis, Amazon Web Services (AWS)",36.0,professional certificate,"Job Description 
 
 Develop and maintain backend services using Java (Spring Boot) 
 Design and implement microservices architecture 
 Build and optimize REST API for payment transactions (QRIS, Virtual Accounts, etc.) 
 Handle high throughput and concurrency (high-volume transactions) 
 Integrate with payment partners, banks/switching providers, and internal services 
 Optimize system performance, scalability, and reliability 
 Implement security and compliance measures (Bank Indonesia standards) 
 Collaborate closely with QA, DevOps, and Product teams 
 
 
 General Requirements 
 
 Minimum Bachelor's degree (S1) in Computer Science, Information Systems, or Informatics Engineering or a related field 
 2–5 years of experience in backend development 
 Strong understanding of Java Spring Boot and REST API design 
 Strong Knowledge of Microservices architecture, SQL (MySQL / PostgreSQL), and Redis / caching 
 Experience with high-traffic systems, financial systems, and message brokers (Kafka / RabbitMQ) 
 Familiar with Docker, CI/CD, and cloud platforms (AWS / GCP) for backend systems","Build a better payment experience for your customers and partners. No matter who you are, there is always a way for you to integrate easily.","professional development, near public transport work environment and facilities, bpjs tenaga kerja insurance and health, career growth, thr financial benefits, medical coverage",True,https://glints.com/id/opportunities/jobs/backend-developer-(java-spring-boot)/630b6cff-a1bf-4b0d-998f-f4de1a539097,kafka rabbitmq mysql microsoft sql server restful api gcp docker redis amazon web services aws
Back-end Developer,Computer Software,FULL_TIME,Backend Developer,2026-03-03T03:20:16.543Z,2026-05-03,MGS Indonesia,https://www.megagigasolusindo.co.id/,https://images.glints.com/unsafe/glints-dashboard.oss-ap-southeast-1.aliyuncs.com/company-logo/7fe10fb8a8de69f013d542f25f97efc5.png,"Menara BPJAMSOSTEK Tower B Selatan, Jl. Gatot Subroto No.38 Lt.12, Kuningan Bar., Kec. Mampang Prpt., Kota Jakarta Selatan, Daerah Khusus Ibukota Jakarta 12710",Jakarta Selatan,DKI Jakarta,ID,-6.25139,106.81667,7500000.0,13000000.0,IDR,MONTH,"MySQL, Communication Skills, PostgreSQL, Java, Spring Boot, Microsoft SQL Server",36.0,bachelor degree,"Job Requirements: 
 - Minimum 2-3 years of experience as a Back End Developer using JAVA SPRING BOOT 
 - Strong understanding of RESTful API, microservices, and system architecture 
 - Experience with SQL Server or other relational databases 
 - Skilled in writing efficient queries and performing database optimization 
 - Familiar with version control tools (Git) 
 - Strong analytical thinking, problem-solving, and communication skills 
 - Willing to work as outsourced staff","mgs (Mega Giga Solusindo) adalah perusahaan alih daya tenaga TI (IT Outsourcing) berbasis di Yogyakarta, Indonesia. Kami membantu bisnis untuk melakukan efisiensi dan akselerasi bisnis melalui solusi teknologi yang bersifat inklusif. 
 
Melalui IT Outsourcing, kami percaya bahwa solusi teknologi ada #UntukSemuaBisnis — dari warung pinggir jalan sampai bisnis publik.","bpjs tenaga kerja insurance and health, medical coverage",True,https://glints.com/id/opportunities/jobs/back-end-developer/1ae67da8-660c-4e59-a1ed-a85f39c529c2,mysql communication skills postgresql java spring boot microsoft sql server
Back-end Developer,Marketing and Advertising,FULL_TIME,Backend Developer,2026-04-01T07:38:54.46Z,2026-05-02,PT DUA DARA MEDIA (CLICKBAIT),https://clickbait.co.id,https://images.glints.com/unsafe/glints-dashboard.oss-ap-southeast-1.aliyuncs.com/company-logo/df5c782968f388d396f0ae29a270ceb1.jpg,"Jl. Arteri Permata Hijau No.11, RT.11/RW.10, Grogol Utara, Kec. Kebayoran Lama, Kota Jakarta Selatan, Daerah Khusus Ibukota Jakarta 12210",Jakarta Selatan,DKI Jakarta,ID,-6.24861,106.77778,6500000.0,8000000.0,IDR,MONTH,"Laravel, Python, Java",12.0,professional certificate,"Job Requirement : 
 
 Bachelor’s degree in Computer Science, Information Systems, or a related field 
 Minimum of 2–3 years of experience as a Full Stack Developer/Back End Developer 
 Proven experience in web development 
 Proficient in back-end technologies: Python or Java 
 Experience working with relational databases (MySQL or PostgreSQL) 
 Good understanding of RESTful API concepts and integration 
 Familiar with Git for version control 
 Knowledge of cloud services (AWS or Google Cloud) is a plus 
 Understanding of Docker, CI/CD, and DevOps practices is a plus 
 
 
 Responsibilities : 
 
 Maintain applications  
 Build and integrate APIs and third-party services 
 Manage databases, including schema design, optimization, and query performance 
 Write clean, well-structured, and maintainable code 
 Perform testing, debugging, and application troubleshooting 
 Ensure application security, performance, and scalability 
 Participate in the code review process 
 Collaborate with the product team to understand user requirements","Jakarta-based Tiktok agency, which works closely with Tiktok Indonesia to provide marketing solutions for brands to penetrates the Tiktok platform. Since 2019, Clickbait has worked on 100++ Tiktok projects to develop marketing brands from various services and industries in Indonesia. 
 Our agency does not only focus on trends and algorithms but can also position itself as a brand owner in managing marketing strategies for its brands based on data from proper research.","thr financial benefits, medical coverage, bpjs tenaga kerja insurance and health, vacation and leaves, perform bonus financial benefits, travel, professional development, sales commission financial benefits, sick leave leave and flexibility, career growth",True,https://glints.com/id/opportunities/jobs/back-end-developer/4c9724e7-1c6d-4315-a991-4fcfeeda8958,laravel python java
Backend Developer - Banking Client (Springboot),Information Technology and Services,CONTRACTOR,Backend Developer,2026-03-27T07:17:58.474Z,2026-04-27,PT Sigma Global Teknologi,https://www.sigma-tech.co.id,https://images.glints.com/unsafe/glints-dashboard.oss-ap-southeast-1.aliyuncs.com/company-logo/3aba5816b8ecfbb79a395592af581035.png,"Sona Topas Tower Lt. 12, Jl. Jend. Sudirman, RT.4/RW.2, Kuningan, Kota Jakarta Selatan, Daerah Khusus Ibukota Jakarta 12920",Jakarta Barat,DKI Jakarta,ID,-6.1625,106.7875,9000000.0,11000000.0,IDR,MONTH,"Node.js, Spring Boot, Spring Framework",36.0,bachelor degree,"Requirements 
 
 Bachelor’s Degree (S1) in any major (mandatory) 
 Minimum 5 years of experience as a Backend Developer 
 Strong expertise in Java Spring Boot (must-have) 
 Experience with Node.js is a big plus 
 Strong understanding of API development, microservices, and system design 
 Solid experience with databases (SQL) and version control (Git) 
 Prior experience in banking / financial services is highly preferred","SIGMATECH is the enterprise technology partner of choice for software development, delivering a broad range of web, mobile, and desktop controls coupled with a service-oriented approach throughout the entire application life cycle. 
 SIGMATECH consists of highly skilled developers specializing in agile development methodology, focusing on Mobile & Web Solution, IT Services and business enterprise, utilizing modern programming languages as our platform. SIGMATECH has established itself as the trusted partner for use in mission-critical applications and service clientele from global insurance companies, government agencies and large consumer product manufacturers. 
 Our Vision : 
 To be the most reputable and dependable growth solution partner both for IT Professional Talents and Client's Businesses worldwide 
 Our Mission : 
 To be the most reputable and dependable growth solution partner both for IT Professional Talents and Client's Businesses worldwide 
 To be the most reputable and dependable growth solution partner both for IT Professional Talents and Client's Businesses worldwide","medical coverage, bpjs tenaga kerja insurance and health, travel, thr financial benefits, work station",True,https://glints.com/id/opportunities/jobs/backend-developer---banking-client-(springboot)/9f81f5ca-c39f-465f-a20c-a04b2e9e0893,nodejs spring boot spring framework
Backend .Net Developer,Banking,CONTRACTOR,Backend Developer,2026-03-30T04:10:35.428Z,2026-04-30,PT. Nawa Data Solutions,https://nawadata.com,https://images.glints.com/unsafe/glints-dashboard.oss-ap-southeast-1.aliyuncs.com/company-logo/3ebe0b9edaf7cf694ecd779d72af71df.jpg,"APL Tower, Grogol, West Jakarta",Yogyakarta,DI Yogyakarta,ID,-7.78611,110.38194,5000000.0,6000000.0,IDR,MONTH,"System Integration, .NET, C#, ASP.NET, Microsoft SQL Server, REST API, MySQL",12.0,professional certificate,"Responsibilities 
 
 Design, code, test and manage various applications 
 Collaborate with engineering team and product team to establish best products 
 Follow outlined standards of quality related to code and systems 
 Develop automated tests and conduct performance tuning 
 
 
 
 Qualifications 
 
 Diploma (D3) or Bachelor’s degree in Computer Science, Information Systems, or related field. 
 Minimum 2 years of experience as a Backend Developer using .Net. 
 Strong understanding of database programming and SQL, including query optimization and security best practices. 
 Experience building and maintaining APIs (business logic, data access layer, authentication & authorization). 
 Strong knowledge of web application architecture (client-server, synchronous/asynchronous communication). 
 Understanding of monolithic and microservices architecture, including deployment and communication flow. 
 Experience in deploying applications to on-premise or cloud servers. 
 Proficient in .NET (mandatory) and familiar with backend development concepts. 
 Experience with at least one database: SQL Server, PostgreSQL, MySQL, or MariaDB. 
 Strong problem-solving and analytical skills. 
 Good communication skills and ability to work under tight deadlines. 
 Willing to learn new technologies. 
 Willing to work onsite in Yogyakarta office branch. 
 Contract based of 12 months (there will be performance review for extending contract). 
 Willing to work in Banking industry project.","NawaData was founded by a group of experienced professional in IT and Banking Industry. PT Nawa Data Solutions, the word ""Nawa"" taken from Sanskrit language, it means 9 (nine). 
 Trusted by: 
 Indonesia’s Top 10 Banks (based on Assets) 
 The Largest Bank in South East Asia 
 Indonesia’s Largest Automotive Financing Company 
 Other National and Multinational Companies","meal allowance financial benefits, thr financial benefits, medical coverage, bpjs tenaga kerja insurance and health, vacation and leaves, travel, near public transport work environment and facilities",True,https://glints.com/id/opportunities/jobs/backend-.net-developer/d266f10b-7fc0-4c91-b3d7-c5015b95d7fe,system integration net c aspnet microsoft sql server rest api mysql
Back-end Developer,Information Technology and Services,FULL_TIME,Backend Developer,2026-01-09T03:29:45.275Z,2026-05-08,PT. Periksa Solusi Indonesia,http://www.periksa.id,https://images.glints.com/unsafe/glints-dashboard.oss-ap-southeast-1.aliyuncs.com/company-logo/c5753bb2d3ca9a9127dc5f76a07273a3.png,"Graha Kapital 1 lantai 1 unit S-101D,  Jl. Kemang Raya No.4, RT.11/RW.1, Bangka, Kec. Mampang Prpt., Kota Jakarta Selatan, Daerah Khusus Ibukota Jakarta 12730",Jakarta Selatan,DKI Jakarta,ID,-6.25139,106.81667,5600000.0,7000000.0,IDR,MONTH,"Node.js, Go / Golang, MySQL, PostgreSQL, MongoDB",12.0,bachelor degree,"Deskripsi Pekerjaan (Responsibilities) 
 1.	Core Development: Merancang, membangun, dan mengelola aplikasi backend yang scalable dan berperforma tinggi menggunakan bahasa pemrograman Golang. 
 2.	Database Management: Mengelola dan mengoptimalkan sistem basis data relasional (MySQL, PostgreSQL) serta solusi caching/NoSQL menggunakan Redis. 
 3.	Testing & Quality: Bertanggung jawab penuh dalam pembuatan Unit Testing untuk memastikan keandalan kode sebelum masuk ke tahap produksi. 
 4.	Maintenance: Melakukan troubleshooting, debugging, dan perbaikan bug secara cepat pada layanan berbasis Golang yang sudah berjalan. 
 5.	Documentation: Menyusun dokumentasi teknis yang komprehensif, termasuk dokumentasi API (seperti Swagger) dan arsitektur sistem. 
 6.	Delivery: Memastikan pengiriman fitur tepat waktu dengan standar kualitas tinggi dan mematuhi aturan kepatuhan web (web compliance). 
 
 Persyaratan (Requirements) 
 Pendidikan: Minimal S1 Teknik Informatika, Sistem Informasi, Ilmu Komputer, atau bidang terkait (Terbuka untuk Fresh Graduate). 
 
 Technical Stack: 
 Memiliki pemahaman mendalam tentang Golang (Goroutines, Channels, & Framework seperti Echo, Gin, atau Fiber). 
 Memiliki dasar yang kuat dalam NodeJS & Express (sebagai nilai tambah/pendukung). 
 Paham konsep Object Oriented Programming (OOP) dan Clean Code. 
 
 Architecture & API: 
 Keahlian kuat dalam pengembangan RESTful API dan arsitektur Microservices. 
 Berpengalaman dalam integrasi sistem dan pembuatan perangkat lunak secara end-to-end. 
 
 Tools & Testing: 
 Mahir menggunakan framework Testing (seperti Testify untuk Golang atau Jest untuk NodeJS). 
 Terbiasa menggunakan containerization seperti Docker. 
 Wajib menguasai Version Control System (GIT). 
 
 Soft Skills: 
 Kemampuan analisis dan pemecahan masalah yang kuat. 
 Memiliki motivasi diri yang tinggi, berorientasi pada target, dan mampu belajar dengan cepat (fast learner).","Perusahaan teknologi kesehatan yang menyediakan Sistem Informasi Manajemen berbasis cloud untuk Faskes, lengkap dengan berbagai fitur yang membantu pengelolaan informasi dan sumber daya menjadi mudah, andal, akurat, dan efisien sebagai solusi bagi fasilitas kesehatan untuk meningkatkan mutu pelayanan kesehatan di Indonesia.","remote work, team building events, vacation and leaves, thr financial benefits",True,https://glints.com/id/opportunities/jobs/back-end-developer/d751fc78-45a6-456e-9d9d-5ea35eea75d6,nodejs go golang mysql postgresql mongodb
BACKEND DEVELOPER MAINTENANCE,Information Technology and Services,CONTRACTOR,Technical Partner,2026-04-06T15:02:57.389Z,2026-05-07,NBS (nusantara beta studio),https://nbs.co.id,https://images.glints.com/unsafe/glints-dashboard.oss-ap-southeast-1.aliyuncs.com/company-logo/900f3f5cbd36aaafc3995550c5f32afc.png,"Jl. Bintaro Utara Blok Q1 No.5, RT.7/RW.8, Bintaro, Kec. Pesanggrahan, Kota Jakarta Selatan, Daerah Khusus Ibukota Jakarta, 12330",Jakarta Selatan,DKI Jakarta,ID,-6.25,106.75972,9000000.0,10000000.0,IDR,MONTH,"Problem Solving, Collaboration, Go / Golang, CI/CD, REST API",36.0,bachelor degree,"Requirement: 
Bachelor’s degree in Computer Science, Information Technology, Software Engineering, or a related field. 
 Proven experience in system monitoring, application maintenance, or production support. 
 Strong understanding of system architecture and technical documentation, including ERD, Sequence Diagrams, and Low Level Design (LLD). 
 Experience using Application Performance Monitoring (APM) tools such as Grafana, New Relic, or similar monitoring platforms. 
 Familiarity with server management and monitoring, including CPU, memory usage, logs, disk utilization, and alerting systems. 
 Experience working with APIs and third-party integrations (e.g., OTP services, SMTP, or other external system services). 
 Understanding of DevOps practices, including CI/CD processes, merge request/code review, and deployment to staging and production environments. 
 Knowledge of system security, vulnerability management, and dependency maintenance (e.g., deprecated libraries, licensing issues). 
 Strong problem-solving and analytical skills, including root cause analysis and incident handling for production systems. 
 Good communication and collaboration skills to coordinate with internal teams and external stakeholders, including participation in technical discussions and incident management. 
 
 Responsibilities: 
1. Create documentation technical (ERD, Sequence Diagram, LLD) implementation on system related 
 2. Create documentation post mortem issues root cause and problem solving.  
 3. Monitoring APM related data (cpu usage, ram usage, logs) on Grafana, Jenifer, New Relic, or True Watch 
 4. Monitoring integration third-party attribute which related business process on system (quotas OTP, SMTP, etc) 
 5. Monitoring and housekeeping (disk cleaning or alerting) internal or external server related business processes that potential blocking business process (QR Server, Kumulate Server) 
 6. Monitoring and updates of vulnerability, unsupported license, or deprecated dependency that implement on current systems. (Nginx ingress deprecated, Redis license is not open source anymore). 
 7. Contribute to fixing and optimizing from finding data APM related or new feature improvement from client. (high cpu or ram usage, new security concerns, bugs or improvement). 
 8. Review merge request additional features that will be released on environment staging and production 
 9. Communicate and measure estimation of work from finding issues. 
 10. Proactive to recommend short term and long term solutions for finding issues. 
 11. Attend weekly meeting discussions with the internal and external team. 
 12. Create documentation release journals for applications which want to be released. 
 13. Manually run/trigger some features based on cases (IndonesianaTV - sync). 
 14. Verify regular system backups and test restoration procedures. 
 15. Act as first responder for critical production alerts through monitoring applications.","NBS has a comprehensive expertise in planning, design, and development combined with popular, robust and reliable technology that fits with your needs. This is our helping hands to deliver a long-lasting impact to your business. 
 Our vision is to transform your idea into a great product loved by your customer - enabling you to build a successful and impactful business. 
 Ever since NBS was founded in 2013, we have been fortunate enough to work with some of the world's best brands. We give our best to empower our partners to achieve their goals and be successful. NBS builds high-quality digital products on top of the good relationship between the product owner and us.","thr financial benefits, team building events, free food and beverages, work station",True,https://glints.com/id/opportunities/jobs/backend-developer-maintenance/2bdfa3d0-8ea9-47a7-a94b-fc1c165e71b9,problem solving collaboration go golang cicd rest api
Back-end Developer,Computer Software,FULL_TIME,Backend Developer,2026-03-31T09:21:20.08Z,2026-05-01,MGS Indonesia,https://www.megagigasolusindo.co.id/,https://images.glints.com/unsafe/glints-dashboard.oss-ap-southeast-1.aliyuncs.com/company-logo/7fe10fb8a8de69f013d542f25f97efc5.png,"Menara BPJAMSOSTEK Tower B Selatan, Jl. Gatot Subroto No.38 Lt.12, Kuningan Bar., Kec. Mampang Prpt., Kota Jakarta Selatan, Daerah Khusus Ibukota Jakarta 12710",Bantul,DI Yogyakarta,ID,-7.83889,110.41667,6000000.0,8500000.0,IDR,MONTH,"Communication Skills, PostgreSQL, Mentoring, Leadership, Training, Spring Boot, Microsoft SQL Server, Java, MySQL",36.0,bachelor degree,"Job Requirements: 
 - Min. 4+ years of experience as a Back End Developer using Java Spring Boot, with leadership exposure required 
 - Strong understanding of RESTful API, microservices, and system architecture 
 - Experience with SQL Server or other relational databases 
 - Skilled in writing efficient queries and performing database optimization 
 - Strong analytical thinking, problem-solving, and communication skills 
 
Additional Responsibilities: 
 - Monitor and support a team of programmers assigned as outsourced resources, ensuring their work meets project standards and timelines 
 - Responsible as a mentor in our training program or bootcamp (Sinau Koding) when needed","mgs (Mega Giga Solusindo) adalah perusahaan alih daya tenaga TI (IT Outsourcing) berbasis di Yogyakarta, Indonesia. Kami membantu bisnis untuk melakukan efisiensi dan akselerasi bisnis melalui solusi teknologi yang bersifat inklusif. 
 
Melalui IT Outsourcing, kami percaya bahwa solusi teknologi ada #UntukSemuaBisnis — dari warung pinggir jalan sampai bisnis publik.","medical coverage, work station, meal allowance financial benefits, bpjs tenaga kerja insurance and health, thr financial benefits",True,https://glints.com/id/opportunities/jobs/back-end-developer/d6cc4b70-63a4-43a1-95f7-a0a772520368,communication skills postgresql mentoring leadership training spring boot microsoft sql server java mysql
Back End Developer,Information Technology and Services,FULL_TIME,Backend Developer,2025-01-07T07:16:29.944Z,2026-05-06,PT Hexagon Karyatama Indonesia,http://www.hexagon.co.id,https://images.glints.com/unsafe/glints-dashboard.oss-ap-southeast-1.aliyuncs.com/company-logo/24b061405b2dc38094efdecffa9281b3.jpeg,"Jl. Abdul Halim No.128, Cimahi Tengah, Kota Cimahi 40522",Cimahi,Jawa Barat,ID,-6.88444,107.53972,3500000.0,5000000.0,IDR,MONTH,"IT Management, Analytical Skills, Microsoft Excel, Web Analytics, Teamwork, IT Security",12.0,high school,"Kami mencari Backend Programmer yang tangkas untuk merancang, membangun, dan memelihara layanan backend menggunakan arsitektur berbasis API. Anda akan bekerja dengan dua ekosistem utama (Go dan PHP) untuk memastikan skalabilitas sistem internal dan kelancaran integrasi dengan berbagai API pihak ketiga. 
 
 Tanggung Jawab Utama 
 
 
 Pengembangan Layanan: Merancang dan mengembangkan RESTful API berkinerja tinggi menggunakan Go (Gin framework) untuk layanan berbeban tinggi, dan memelihara/mengembangkan fitur pada ekosistem PHP (Laravel). 
 Integrasi API: Melakukan integrasi dengan API pihak ketiga (Payment Gateway, layanan logistik, sistem ERP/CRM, dll) secara aman dan efisien. 
 Optimasi Sistem: Menganalisis bottleneck performa pada codebase yang ada dan melakukan refactoring atau optimasi query database. 
 Dokumentasi: Menyusun dan memelihara dokumentasi API yang jelas untuk digunakan oleh tim Frontend atau klien eksternal. 
 Deploy Aplikasi: Men deploy aplikasi ke cloudserver muali dari tahap persiapan, konfigurasi, pengujian, dan peluncuran. 
 
 
 Kualifikasi: 
 
 
 Pengalaman kerja minimal 1 tahun sebagai Backend Developer. 
 Pemahaman mendalam tentang Go (Golang), khususnya menggunakan framework Gin. 
 Pengalaman solid menggunakan PHP dan framework Laravel (termasuk Eloquent ORM dan routing). 
 Pengalaman terbukti dalam merancang, membangun, dan mengonsumsi RESTful APIs serta menangani format data JSON/XML. 
 Mahir dalam pengelolaan Relational Database (MySQL dan PostgreSQL), termasuk optimasi query dan pemahaman tentang indexing. 
 Terbiasa dengan sistem version control menggunakan Git (Git flow, pull request, code review). 
 Pemahaman kuat tentang sistem autentikasi/otorisasi (JWT, OAuth2). 
 Mampu membuat rancangan aplikasi 
 
 
 
 Soft Skills  
 
 Kemampuan pemecahan masalah (troubleshooting/debugging) yang tajam. 
 Mampu bekerja sama dengan baik bersama tim lintas fungsi (Frontend, QA, dan Product Manager). 
 Adaptif dan mau terus belajar teknologi baru sesuai kebutuhan arsitektur sistem.","At Hexagon Inc, we are passionate about empowering businesses to achieve their full potential through innovative digital solutions. As a trusted leader in IT consultation, digital marketing, branding, and media consulting, we bring creativity and strategy together to deliver exceptional results.  
 
 With a customer-first approach, we design responsive websites, build impactful brand identities, and create tailored strategies to boost visibility and engagement. Our team of experts is dedicated to providing solutions that are not only cutting-edge but also efficient, ensuring maximum value for your business.  
 
 Our Vision: 
 To be the leading provider of digital artwork and IT solutions, driving innovation and consistently exceeding client expectations.  
 
 Our Mission:  
 To grow businesses with integrity, delivering high-quality services that benefit both companies and their customers.","career growth, professional development",True,https://glints.com/id/opportunities/jobs/back-end-developer/92b75ab4-ff25-4f54-bfec-70accfc8c0ed,management analytical skills microsoft excel web analytics teamwork security
Golang Developer,Information Technology and Services,CONTRACTOR,Backend Developer,2026-03-31T07:10:53.693Z,2026-05-01,PT Sigma Global Teknologi,https://www.sigma-tech.co.id,https://images.glints.com/unsafe/glints-dashboard.oss-ap-southeast-1.aliyuncs.com/company-logo/3aba5816b8ecfbb79a395592af581035.png,"Sona Topas Tower Lt. 12, Jl. Jend. Sudirman, RT.4/RW.2, Kuningan, Kota Jakarta Selatan, Daerah Khusus Ibukota Jakarta 12920",Jakarta Selatan,DKI Jakarta,ID,-6.21944,106.82917,10000000.0,11000000.0,IDR,MONTH,"Go / Golang, MySQL, JavaScript",12.0,bachelor degree,"Design and write with the cutting edge Go language to improve the availability, scalability, latency, and efficiency of Digibank’s range of services. 
 Work with the engineering team to explore and create new design / architectures geared towards scale and performance. 
 Participate in code and design reviews to maintain our high development standards. 
 Engage in service capacity and demand planning, software performance analysis, tuning and optimization. 
 Collaborate with product and experience teams to define and prototype feature specifications. 
 Work closely with the infrastructure team in building and scaling back-end services as well as performing root cause analysis investigations. 
 Design, build, analyze and fix large-scale systems. 
 Learn full stack performance tuning and optimization. 
 Debug and modify complex production software.","SIGMATECH is the enterprise technology partner of choice for software development, delivering a broad range of web, mobile, and desktop controls coupled with a service-oriented approach throughout the entire application life cycle. 
 SIGMATECH consists of highly skilled developers specializing in agile development methodology, focusing on Mobile & Web Solution, IT Services and business enterprise, utilizing modern programming languages as our platform. SIGMATECH has established itself as the trusted partner for use in mission-critical applications and service clientele from global insurance companies, government agencies and large consumer product manufacturers. 
 Our Vision : 
 To be the most reputable and dependable growth solution partner both for IT Professional Talents and Client's Businesses worldwide 
 Our Mission : 
 To be the most reputable and dependable growth solution partner both for IT Professional Talents and Client's Businesses worldwide 
 To be the most reputable and dependable growth solution partner both for IT Professional Talents and Client's Businesses worldwide","bpjs tenaga kerja insurance and health, career growth, thr financial benefits, medical coverage, near public transport work environment and facilities, work station",True,https://glints.com/id/opportunities/jobs/golang-developer/d843e461-44b1-456f-b671-22c96b04bd1e,go golang mysql javascript
Golang Developer,Information Technology and Services,FULL_TIME,Backend Developer,2025-07-29T10:52:19.25Z,2026-05-10,Pt. Solusi Pembayaran Elektronik,https://spesolution.com,https://images.glints.com/unsafe/glints-dashboard.oss-ap-southeast-1.aliyuncs.com/company-logo/f40981997aca8d16f9a249e77ce7e779.png,"Jl. Greenlake City Boulevard Ruko Greatwall No 17-20, Cipondoh, Tangerang, Banten",Tangerang,Banten,ID,-6.1875,106.68222,7000000.0,8300000.0,IDR,MONTH,"RabbitMQ, Scrum, RDBMS, Gin, Go / Golang, Echo, CI/CD, MySQL, Gorm, Docker, Agile Methodologies",36.0,professional certificate,"Key Responsibilities 
 
 Collaborate with stakeholders (PM, PO, clients, designers, and developers) to translate project needs into technical specifications. 
 Design and develop software using Go and relevant frameworks. 
 Troubleshoot, debug, and maintain applications. 
 Deploy and maintain software to ensure smooth operations. 
 Contribute to technical documentation and reports. 
 Stay updated with the latest technology trends and advancements. 
 
 
 Requirements: 
 Must Have 
 
 Minimum D3/S1 degree in Information Technology (IT). 
 At least 3-4 years as a Golang Developer or 5 years as a Backend Developer. 
 Experience with Go frameworks (Fiber, Echo, and Gin). 
 Familiar with HMVC, OOP, and design patterns. 
 Experience with Web Services and RESTful APIs. 
 Strong knowledge of RDBMS (MySQL, PostgreSQL). 
 Experience with NoSQL databases (MongoDB, Click House, etc.). 
 Proficient in deployment using Docker. 
 Experience with Version Control systems like GitLab, GitHub, Bitbucket, etc. 
 Familiar with message brokers like RabbitMQ, LavinMQ, etc. and capable of creating Producer/Consumer. 
 
 Nice To Have 
 
 Familiar with Agile Scrum, CI/CD, Unit Testing 
 Capable of implementing Unit Testing. 
 Knowledgeable about ISO27001 and PCI DSS standards. 
 Understanding of payment systems, particularly Virtual Accounts. 
 Strong communication, problem-solving skills, and Self-learning ability","PT Solusi Pembayaran Elektronik  (SPE Solution) is a fintech solution company that scales rapidly at a high velocity. Consisting of young and promising talents called SPEcialteam, we are on a mission to not only deliver innovations in the fintech industry, but also develop our skills in a high-collaborative work environment. 
 Our team continuously collaborate and innovate to bring a major impact by modernizing how fintech works in the country. We have delivered solutions in various critical fintech needs, such as payment solution development and management, payment gateway, e-commerce, switching, chain management system, smart community, gamification, merchant management, and more. 
 Besides being registered with Ministry of Industry of the Republic of Indonesia, SPE Solution is also ISO 27001 and PCI DSS certified. We have also been collaborating closely with numerous influential companies such as BNI, Master Card, Visa, WhatsApp, Doku, BTN, Pertamina, and more.","medical coverage, well ness, career growth, remote work, travel, team building events, vacation and leaves, lifetime savings, professional development, work station",True,https://glints.com/id/opportunities/jobs/golang-developer/77c79df2-ec3c-4d90-813c-bf577434fd85,rabbitmq scrum rdbms gin go golang echo cicd mysql gorm docker agile methodologies
Golang Developer - Banking,Information Technology and Services,CONTRACTOR,Backend Developer,2026-03-31T07:08:02.872Z,2026-05-01,PT Sigma Global Teknologi,https://www.sigma-tech.co.id,https://images.glints.com/unsafe/glints-dashboard.oss-ap-southeast-1.aliyuncs.com/company-logo/3aba5816b8ecfbb79a395592af581035.png,"Sona Topas Tower Lt. 12, Jl. Jend. Sudirman, RT.4/RW.2, Kuningan, Kota Jakarta Selatan, Daerah Khusus Ibukota Jakarta 12920",Jakarta Selatan,DKI Jakarta,ID,-6.21944,106.82917,10000000.0,11000000.0,IDR,MONTH,"Gin, Go / Golang, PostgreSQL",36.0,bachelor degree,"Kualfikasi : 
 
 Lulusan S1 dari jurusan T. Informatika/sejenisnya 
 Memiliki pengalaman 3 tahun sebagai Backend Developer (Golang) 
 Diutamakan yang berasal dari industri perbankan 
 Kuat dalam concurrency (goroutine, channel, context, worker pool, race condition handling) 
 Memahami clean architecture / layered architecture (controller → service → repository → model) 
 Terbiasa menggunakan dependency injection (diutamakan: Google Wire / constructor-based DI) 
 Berpengalaman menggunakan Gin (atau framework sejenis) 
 Mengembangkan REST API dan/atau gRPC 
 Memahami API design best practices (idempotency, versioning, error handling) 
 Berpengalaman menggunakan PostgreSQL 
 Berpengalaman menggunakan Redis (atau sejenis) 
 Terbiasa bekerja dalam metodologi Agile / Scrum","SIGMATECH is the enterprise technology partner of choice for software development, delivering a broad range of web, mobile, and desktop controls coupled with a service-oriented approach throughout the entire application life cycle. 
 SIGMATECH consists of highly skilled developers specializing in agile development methodology, focusing on Mobile & Web Solution, IT Services and business enterprise, utilizing modern programming languages as our platform. SIGMATECH has established itself as the trusted partner for use in mission-critical applications and service clientele from global insurance companies, government agencies and large consumer product manufacturers. 
 Our Vision : 
 To be the most reputable and dependable growth solution partner both for IT Professional Talents and Client's Businesses worldwide 
 Our Mission : 
 To be the most reputable and dependable growth solution partner both for IT Professional Talents and Client's Businesses worldwide 
 To be the most reputable and dependable growth solution partner both for IT Professional Talents and Client's Businesses worldwide","bpjs tenaga kerja insurance and health, medical coverage, work station, travel, thr financial benefits",True,https://glints.com/id/opportunities/jobs/golang-developer---banking/f2ab2048-0f5f-4486-afbc-cfc0acdc0f7f,gin go golang postgresql
Java Developer,Information Technology and Services,CONTRACTOR,Backend Developer,2026-04-08T09:54:09.82Z,2026-05-09,SIMIAN Group,http://simian.co.id,https://images.glints.com/unsafe/glints-dashboard.oss-ap-southeast-1.aliyuncs.com/company-logo/6a7fd1caa5d025cf1c306abb3270d94e.jpeg,Wisma Geha 1-2nd Floor Jl. Timor No.25,Jakarta Pusat,DKI Jakarta,ID,-6.15417,106.83333,7500000.0,12000000.0,IDR,MONTH,"Spring Boot, Troubleshooting, PHP, Java, Laravel",36.0,bachelor degree,"Deskripsi Pekerjaan :  
 
 Merancang dan mengembangkan aplikasi perangkat lunak menggunakan bahasa pemrograman Java. 
 Mengimplementasikan fitur-fitur baru dan memperbaiki bug yang teridentifikasi untuk meningkatkan fungsionalitas dan kinerja aplikasi. 
 Mendefinisikan dan merancang kerangka kerja (framework) yang diperlukan untuk proyek-proyek pengembangan. 
 Memilih teknologi yang tepat dan merancang arsitektur sistem untuk memastikan skalabilitas dan efisiensi aplikasi. 
 Menghasilkan spesifikasi teknis yang terperinci berdasarkan analisis kebutuhan pengguna dan persyaratan bisnis. 
 Menyediakan panduan yang jelas kepada tim pengembangan untuk memastikan pemahaman yang konsisten tentang tujuan dan detail implementasi proyek. 
 Melakukan coding, debugging, dan pengujian aplikasi secara sistematis. 
 Berkolaborasi dengan anggota tim untuk memecahkan masalah teknis dan mengoptimalkan kode aplikasi. 
 Manajemen Waktu dan Pengiriman Proyek 
 
 Kualifikasi :  
 
 Lulusan Sarjana di bidang Teknologi Informasi, Informasi Sistem, atau setara  
 Minimal 2 tahun pengalaman kerja sebagai Java Developer 
 Lebih diutamakan memiliki pengalaman di Industri teknologi informasi (perangkat lunak), Perbankan, atau Industri Keuangan   
 Memiliki keahlian dalam bahasa pemrograman Java dan SQL  
 Memahami jQuery, Javascript, dan NoSQL  
 Mampu memimpin tim, analisis, pemecahan masalah, dan pemikiran konseptual 
 Memiliki keterampilan komunikasi dan kolaborasi yang baik.","We are a technology group of companies that delivers mission-critical enterprise solutions. With the purpose of empowering progress and unlocking possibilities for our stakeholders—our clients, operational governance, and employees—we aim to create a transformative, data-driven ecosystem that unlocks their full potential. We achieve this by harnessing our expertise in data management, wealth management, and custodian solutions to empower every decision and progress. Powered by our INOV8 culture, we utilize tailored, relevant, and reliable technologies and offer comprehensive services, including consultancy, training, and technology solutions across our areas of expertise. This enables our stakeholders to cultivate an ecosystem of sustainable growth and deliver exceptional value.","work station, bpjs tenaga kerja insurance and health",True,https://glints.com/id/opportunities/jobs/java-developer/5b14163c-f0e9-447b-ae7f-88d9149fa1de,spring boot troubleshooting php java laravel
Java Developer,Banking,CONTRACTOR,Backend Developer,2026-04-07T02:35:43.374Z,2026-05-08,PT. Nawa Data Solutions,https://nawadata.com,https://images.glints.com/unsafe/glints-dashboard.oss-ap-southeast-1.aliyuncs.com/company-logo/3ebe0b9edaf7cf694ecd779d72af71df.jpg,"APL Tower, Grogol, West Jakarta",Jakarta Pusat,DKI Jakarta,ID,-6.17083,106.81806,7000000.0,10000000.0,IDR,MONTH,"Spring Boot, Microservices Architecture, Java",36.0,professional certificate,"Kualifikasi : 
 
 Paham dan menguasai bahasa pemrograman Java, springboot. 
 Memahami konsep micro services, devops, CI/CD, JBOS Fuse menjadi nilai plus. 
 Pernah mengerjakan aplikasi berbasis web atau services/API. 
 
 
 Deskripsi : 
 
 Mengembangkan dan memelihara aplikasi menggunakan Java, Spring Boot, dan framework terkait. 
 Merancang arsitektur aplikasi serta memastikan performa, keamanan, dan skalabilitas. 
 Membuat, memperbaiki, dan mengoptimalkan kode sesuai standar best practice. 
 Berkolaborasi dengan tim Business Analyst, QA, dan DevOps untuk memastikan pengembangan memenuhi kebutuhan pengguna. 
 Melakukan debugging, troubleshooting, dan perbaikan bug pada aplikasi yang berjalan. 
 Melakukan integrasi aplikasi dengan sistem eksternal melalui REST API atau teknologi lainnya.","NawaData was founded by a group of experienced professional in IT and Banking Industry. PT Nawa Data Solutions, the word ""Nawa"" taken from Sanskrit language, it means 9 (nine). 
 Trusted by: 
 Indonesia’s Top 10 Banks (based on Assets) 
 The Largest Bank in South East Asia 
 Indonesia’s Largest Automotive Financing Company 
 Other National and Multinational Companies","thr financial benefits, medical coverage, meal allowance financial benefits, travel, near public transport work environment and facilities, vacation and leaves, bpjs tenaga kerja insurance and health",True,https://glints.com/id/opportunities/jobs/java-developer/a212f3a0-3fbe-433f-8e67-5da4134c0abc,spring boot microservices architecture java
Backend Python,Information Technology and Services,FULL_TIME,Backend Developer,2026-04-06T03:44:18.002Z,2026-05-07,MSBU,https://www.msbu.co.id,https://images.glints.com/unsafe/glints-dashboard.oss-ap-southeast-1.aliyuncs.com/company-logo/0af20003e1180b1f217ea0ea4772ecb9.png,"Gedung Bursa Efek Tower 1 3F, Unit 304, SCBD - South Jakarta 12190",Jakarta Selatan,DKI Jakarta,ID,-6.24861,106.77778,9000000.0,10000000.0,IDR,MONTH,"PHP, MySQL, Python, Microsoft SQL Server, PostgreSQL",36.0,bachelor degree,"MSBU, established in 2019, has carved out a niche as a leading provider of on-demand IT staffing and recruitment services. Our commitment to excellence is underscored by our strict Service Level Agreements (SLAs), our focus on 'Client & Candidate Success,' and our innovative recruitment model built around a robust Crowdsourcing Ecosystem. This ecosystem connects over 250 tech recruiters, enabling us to deliver high-quality IT professionals for both startups and enterprises. With expertise spanning Software, Mobile, Data, Infrastructure, Cybersecurity, Product, and UX, we ensure a consultative approach that satisfies our clients and candidates alike. Proudly, we are the creators of the Freelance Tech Recruiter Community (FRC), a platform that fosters collaboration and professional growth among tech recruiters. 
 
 At MSBU, we are currently seeking a dedicated Backend Developer with a specialization in Python to join our team. The role is pivotal in enhancing our ability to deliver cutting-edge solutions and maintain our position as a leader in the IT recruitment space. As a Backend Python Developer, you will be responsible for designing, developing, and maintaining scalable backend systems that power our recruitment platforms. Your work will involve collaborating closely with frontend developers, data scientists, and product managers to ensure seamless integration and functionality. Additionally, you will be involved in optimizing database queries, ensuring efficient data processing, and contributing to the development of new features that enhance user experience. 
 
 To excel in this role, we seek candidates who possess a Bachelor’s degree and have between 3 to 5 years of relevant experience. Essential skills include proficiency in MySQL, PostgreSQL, Python, Microsoft SQL Server, and PHP. We value a candidate who can demonstrate a strong understanding of backend architecture, database design, and server-side logic. Experience with cloud-based technologies and familiarity with agile development methodologies would be an added advantage. If you are passionate about technology, enjoy problem-solving, and thrive in a dynamic environment, we encourage you to apply. At MSBU, we offer a collaborative and supportive work culture where your talents can flourish.","MSBU was founded in 2019 as a specialist of on-demand IT staffing & recruitment services. Our competitive advantages lie in our SLA commitment, ‘Client & Candidate Success’ oriented, and our recruitment model powered by a Crowdsourcing Ecosystem has been proven through our exemplary track record in filling the most challenging IT positions for startup and enterprise clients alike. Our expertise in tech recruiting within the area of Software, Mobile, Data, Infrastructure, Cybersecurity Product + UX, and Functional results in a high-satisfaction of consultative approach for both our clients and candidates. 
 We’re also the proud creators of the Freelance Tech Recruiter Community (FRC), our crowdsourcing tech recruitment  ecosystem that connects over 250 tech recruiters  to meet, learn, and earn amazing rewards.","medical coverage, bpjs tenaga kerja insurance and health, thr financial benefits",True,https://glints.com/id/opportunities/jobs/backend-python/a195fc01-802c-4652-9477-7f9230a93e87,php mysql python microsoft sql server postgresql
Junior Programmer Backend (Laravel),Graphic Design,FULL_TIME,Backend Developer,2026-03-10T13:30:24.639Z,2026-04-10,maxximum,https://www.maxximum.id/#about-section,https://images.glints.com/unsafe/glints-dashboard.oss-ap-southeast-1.aliyuncs.com/company-logo/1a8386227ea18ac6b00094a1f5495226.jpg,"Komp. Perumahan Lapan No.4, Pasirkaliki, Kec. Cimahi Utara, Kota Cimahi, Jawa Barat 40514",Cimahi,Jawa Barat,ID,-6.8625,107.55083,2000000.0,3000000.0,IDR,MONTH,"berpikir kritis, Teamwork, Kemampuan Menyesuaikan Diri, Time Management",12.0,high school,"Kualifikasi: 
 Memahami dasar-dasar Laravel dan/atau JavaScript / vuejs / react dll. 
 Menguasai basic pemrograman web (HTML, CSS, PHP, atau lainnya). 
 TIDAK ADA MINIMAL PENDIDIKAN 
 Mampu bekerja sama memiliki keinginan kuat untuk belajar dan mampu bekerja dibawah tekanan. 
 Fresh graduate sangat diterima. 
 Mampu berkerja On-site 
 
 
 Tugas dan Tanggung Jawab: 
 Membantu pengembangan proyek menggunakan Laravel dan JavaScript. 
 Menyelesaikan tugas sederhana seperti debugging, pengujian, dan pembuatan fitur. 
 Mendokumentasikan hasil kerja sesuai panduan tim. 
 Berkolaborasi dengan tim untuk menyelesaikan proyek tepat waktu. 
 
 Lokasi Kerja: 
 Cimahi, dekat Gateway Pasteur.",Digital Content Consultant,"thr financial benefits, work station, loans, near public transport work environment and facilities, perform bonus financial benefits, career growth",True,https://glints.com/id/opportunities/jobs/junior-programmer-backend-(laravel)/2a0d8a43-43bb-4211-8f1c-dc2801221bbc,pikir kritis teamwork mampu sesuai time management
Java Developer - Springboot,Manufacturing,CONTRACTOR,Backend Developer,2026-04-06T02:55:57.759Z,2026-05-07,PT. Kreasi Nusa Studio (KNS Group),https://www.kns-archipelago.com/,https://images.glints.com/unsafe/glints-dashboard.oss-ap-southeast-1.aliyuncs.com/company-logo/272ccc045aea55004deb8c59879da34a.jpg,"Jl. BDN Raya No.7A, Cipete Sel., Kec. Cilandak, Kota Jakarta Selatan, DKI Jakarta 12410",Jakarta Pusat,DKI Jakarta,ID,-6.20556,106.81111,8000000.0,11000000.0,IDR,MONTH,"Microsoft SQL Server, Spring Framework, Spring Boot, MongoDB, PostgreSQL, MySQL, Java, Python",60.0,bachelor degree,"Responsibilities: 
 • Assist in the development of Java-based applications by writing clean, maintainable, and efficient code. 
 • Collaborate with senior developers to design, implement, and test software solutions. 
 • Debug and resolve software defects and issues. 
 • Write unit tests to ensure code quality and system stability. 
 • Participate in code reviews to learn and adhere to best practices. 
 • Work with databases and integrate them into applications. 
 • Assist in optimizing application performance. 
 • Contribute to documentation of system architecture, design, and code. 
 • Continuously learn and stay up-to-date with Java technologies and development trends. 
 
 Requirements: 
 • Diploma / Bachelor’s degree in Computer Science, Software Engineering, or a related field, or equivalent experience. 
 • Familiar with English language. 
 • Familiarity with Java programming language and object-oriented design principles. 
 • Minimum 3+ year of experience with Java 17 frameworks (e.g., Spring, Hibernate) is a plus. 
 • Prefer Experienced did some projects from Banking / Payment Gateway Industry. 
 • Basic understanding of database management systems (SQL, MySQL, PostgreSQL, etc.). 
 • Ability to write and maintain unit tests (e.g., JUnit). 
 • Strong analytical and problem-solving skills. 
 • Good communication skills and ability to work in a team environment. 
 • Familiarity with version control systems (e.g., Git).","KNS Group is a professional office interior design and construction company that focus on providing a full scale fit out services from scratch to completion. 
 
Over the last 7 years we have been helping our local and multinational clients to design, plan, manage and execute their fit-out projects. Ranging from commercial office, showroom, retail, laboratory and warehouse. 
 
Our clients will be appointed a dedicated consultant and team of experts who will assess the space and develop design plan that works for their organization now and well into the future. Our team will manage the entire project, budget and speed of delivery to ensure our client receive the most efficient and cost- effective project solution.","bpjs tenaga kerja insurance and health, thr financial benefits, medical coverage",True,https://glints.com/id/opportunities/jobs/java-developer---springboot/e79f649e-f17c-4d3f-aa48-4c10fa6d6be4,microsoft sql server spring framework spring boot mongodb postgresql mysql java python
Golang Developer - Banking Syariah,Information Technology and Services,CONTRACTOR,Backend Developer,2026-02-16T04:34:13.321Z,2026-05-09,PT Sigma Global Teknologi,https://www.sigma-tech.co.id,https://images.glints.com/unsafe/glints-dashboard.oss-ap-southeast-1.aliyuncs.com/company-logo/3aba5816b8ecfbb79a395592af581035.png,"Sona Topas Tower Lt. 12, Jl. Jend. Sudirman, RT.4/RW.2, Kuningan, Kota Jakarta Selatan, Daerah Khusus Ibukota Jakarta 12920",Jakarta Selatan,DKI Jakarta,ID,-6.21944,106.82917,10900000.0,11300000.0,IDR,MONTH,"Microsoft SQL Server, PostgreSQL, Amazon Web Services (AWS), Google Cloud Platform, Go / Golang",36.0,bachelor degree,"Qualification : 
 1. Pengalaman minimal 3 tahun sebagai Software Developer dan 3 tahun sebagai Software Developer Analyst. 
 2. Kemampuan komunikasi yang baik 
 3. Problem Solving & Critical Thinking untuk menganalisa rootcause dari kendala. 
 4. Terbuka untuk mempelajari teknologi baru  
 5. Menguasai tools versioning GitLab  
 6. Menguasai bahasa pemrograman Golang 
 7. Menguasai database SQL Server, My SQL, Postgre, MonggoDB  
 8. Mengenal environment cloud infrastructure GCP, AWS 
 9. Menguasai sistem operasi Window dan Linux 
 10. Memahami konsep CI/CD deployment  
 
 Jobdesc: 
 1.  Pengembangan aplikasi sesuai dengan perencanaan. 
 2.  Membuat/ mereview dokumen cetak biru aplikasi (FSD) sebagai acuan teknis dalam pengembangan aplikasi. 
 3.  Membuat/ mereview dokumen teknis implementasi ke area production atas software yang telah dikembangkan dan lulus uji coba. 
 4.  Membantu problem-solving temporary workaround dan maupun permanent solution untuk kendala aplikasi pada Insiden Production. 
 5.  Menjaga waktu penyelesaian Insiden Production dapat memenuhi SLA standar layanan IT. 
 6.  Kolaborasi dengan developer dari unit lain untuk mencapai tujuan akhir proyek. 
 7.  Me-maintain source code aplikasi-aplikasi yang ditentukan","SIGMATECH is the enterprise technology partner of choice for software development, delivering a broad range of web, mobile, and desktop controls coupled with a service-oriented approach throughout the entire application life cycle. 
 SIGMATECH consists of highly skilled developers specializing in agile development methodology, focusing on Mobile & Web Solution, IT Services and business enterprise, utilizing modern programming languages as our platform. SIGMATECH has established itself as the trusted partner for use in mission-critical applications and service clientele from global insurance companies, government agencies and large consumer product manufacturers. 
 Our Vision : 
 To be the most reputable and dependable growth solution partner both for IT Professional Talents and Client's Businesses worldwide 
 Our Mission : 
 To be the most reputable and dependable growth solution partner both for IT Professional Talents and Client's Businesses worldwide 
 To be the most reputable and dependable growth solution partner both for IT Professional Talents and Client's Businesses worldwide","work station, near public transport work environment and facilities",True,https://glints.com/id/opportunities/jobs/golang-developer---banking-syariah/66293b50-7ba4-4b8f-b6ce-f1fc150083c6,microsoft sql server postgresql amazon web services aws google cloud platform go golang
PHP Developer,Information Technology and Services,CONTRACTOR,Backend Developer,2026-02-18T04:05:41.046Z,2026-05-01,PT Safepedia Global Teknologi,http://www.safepedia.co,https://images.glints.com/unsafe/glints-dashboard.oss-ap-southeast-1.aliyuncs.com/company-logo/5a8c88f185b01726d104663301ae16d1.png,Jl. Tebet Timur Dalam VI No.3,Jakarta Selatan,DKI Jakarta,ID,-6.22917,106.85139,6000000.0,11000000.0,IDR,MONTH,"Web Development, Software Development, Backend Development",12.0,bachelor degree,"Job Descriptions: 
 
 Membangun perangkat lunak yang kuat dan skalabel dengan membangun fitur baru, debugging, dan mengoptimalkan aplikasi. 
 Menulis kode bersih untuk mengembangkan aplikasi web fungsional. 
 Berkolaborasi dengan pengembang front-end untuk mengintegrasikan elemen yang terlihat oleh pengguna dengan logika sisi server. 
 Mengembangkan dan mengusulkan produk atau fitur baru dengan memantau industri. 
 Bekerja sama dengan desainer, manajer produk, dan administrator sistem untuk mengidentifikasi dan membangun fitur baru. 
 
 
 Job Requirements: 
 
 Pendidikan minimal S1 Ilmu komputer/ Sistem Informasi/ Informasi teknologi. 
 Pengalaman minimal 1 tahun di bidang yang sama. 
 Pengetahuan dan pengalaman yang kuat dalam back-end (tergantung pada apa yang dicari perusahaan Anda, misalnya Ruby / Python / PHP / Java, dll.) 
 Familiaritas dengan database seperti MySQL, SQL, SERVER. 
 Pengalaman dengan Linux/Unix dan manajemen server. 
 Memiliki sertifikasi BNSP atau sertifikasi resmi dari instansi pemerintahan terkait pengembangan perangkat lunak (syarat wajib).","Safepedia, sebagai salah satu penyedia jasa implementasi untuk Tools HSE atau K3 di Indonesia yang sudah mengikuti standarisasi ISO 3001 yang sudah siap pakai dan aplikasi ini juga siap untuk di integrasikan dengan aplikasi lain, device lain dan bisa disesuaikan dengan arsitektur system yang sudah ada. 
 Tidak hanya HSE atau K3 saja, ada beberapa jasa IT lainnya yang bisa kami bantu, seperti Internet of Thing (IOT), Artificial Intelligence, Business Intelligence.","career growth, thr financial benefits, free food and beverages, near public transport work environment and facilities, professional development",True,https://glints.com/id/opportunities/jobs/php-developer/a7326a6e-b701-4215-8f89-405f93629d98,web development software development backend development
Front-end Developer,Import and Export,FULL_TIME,Frontend Developer,2026-04-06T04:05:18.202Z,2026-05-07,PT. Paninti Hub Indonesia,http://www.paninti.com,https://images.glints.com/unsafe/glints-dashboard.oss-ap-southeast-1.aliyuncs.com/company-logo/959b9366d968bd4cfb9a0a44ad3833bb.jpg,"Rukan Sentra Bisnis Artha Gading, Blok A7B No. 18, Jl. Boulevard Artha Gading RT 18, Kel, RT.18/RW.8, West Kelapa Gading, Kelapa Gading, North Jakarta City, Jakarta 14240",Bandung,Jawa Barat,ID,-6.925,107.57083,4000000.0,5000000.0,IDR,MONTH,"Frontend Development, JavaScript, Vue.js, CSS, Front-End Architecture",12.0,high school,"We are looking for programmers with a keen eye for design for the position of Front End Developer. Front-end Developers are responsible for ensuring the alignment of web design and user experience requirements, optimizing web pages for maximum efficiency, and maintaining brand consistency across all web pages, among other duties. 
 
 You will work in a cross-functional team environment and will always interact with other team members with different backgrounds from one another. Everyone is encouraged to express ideas, goals, influence others, and continue to improve. There is no limit to self-improvement and innovation to support the skills you have. 
 
 Job Descriptions: 
 
 Develop new user interface features that meet the requirement of UI/UX design 
 Building clean and reusable code for future use 
 Applying web design principles and being responsible for responsive display across multiple designs 
 Integrate data that is provided by Back-end Developer and display it on the application 
 Striking a balance between functional and aesthetic design 
 Optimizing web pages for maximum speed and scalability 
 Maintaining brand consistency throughout the design 
 Developing features to enhance the user experience 
 
 
 Requirements: 
 
 Age max. 30 years 
 Education min. SMK/D3/S1 informatics engineering/information systems or other relevant majors 
 Fresh Graduate Welcome 
 Mastering HTML5, CSS3 and Javascript, vue.js and nuxt.js 
 Knowledge and experience with CSS Frameworks like Element-UI, Bootstrap, etc. 
 Knowledge and experience with CSS Preprocessor (SCSS/SASS), Node, NPM (Task Automation and Front-end Package Management), SEO, and accessibility principles 
 Knowledge and experience with RESTful API systems and know how to use them 
 Knowledge and experience with Git Workflow or other similar versioning systems 
 Have in-depth knowledge of Agile methodology 
 Must have strong analytical and problem solving skills 
 Having good communication, negotiation, professional and interpersonal skills 
 willing to work outside the city","Paninti was born out of hesitation and concern on overflooding of information in the era of Digitalization. Paninti stands for Parenting Ingenuity, our goal is to give insight, knowledge, information to make better decisions in life including purchasing decisions. Digitalization is at its speed allowing the transfer of matters not like in the previous years. We want to help clarify and become the catalyst in this overflooding world to make a better future for humanity.","vacation and leaves, thr financial benefits, medical coverage",True,https://glints.com/id/opportunities/jobs/front-end-developer/59f83f04-990f-4018-ac1a-d1f4527fdd79,frontend development javascript vuejs css frontend architecture
Back End Developer (Java Springboot) - Insurance Industry,Information Technology and Services,CONTRACTOR,Backend Developer,2026-02-26T09:54:15.415Z,2026-05-09,PT Sigma Global Teknologi,https://www.sigma-tech.co.id,https://images.glints.com/unsafe/glints-dashboard.oss-ap-southeast-1.aliyuncs.com/company-logo/3aba5816b8ecfbb79a395592af581035.png,"Sona Topas Tower Lt. 12, Jl. Jend. Sudirman, RT.4/RW.2, Kuningan, Kota Jakarta Selatan, Daerah Khusus Ibukota Jakarta 12920",Jakarta Selatan,DKI Jakarta,ID,-6.21944,106.82917,10900000.0,11800000.0,IDR,MONTH,"Microservices Architecture, Google Cloud Platform, Core Java, Amazon Web Services (AWS), Spring Boot, Spring Framework, Java",36.0,bachelor degree,"Qualifications: 
 * Bachelor in Information Technology 
 * Minimum 3 years of working experience in the area of Information Technology 
 * Preferably having experiences with two or more projects using Java-based framework (Java EE or Spring Framework) 
 * Experiences working on middle to high complexity Java-based web application projects 
 * Proficiency in Java, SQL, HTML5, CSS3, JavaScript/TypeScript 
 * Experience working with Angular 
 * Knowledge and experience in relational database design, writing optimized queries and database administration 
 * Experience with Linux Operating System 
 * Experience with Java Application Server such as Tomcat 
 * Experience with source code version control such as Git 
 * Strong knowledge of design patterns and software engineering best practices","SIGMATECH is the enterprise technology partner of choice for software development, delivering a broad range of web, mobile, and desktop controls coupled with a service-oriented approach throughout the entire application life cycle. 
 SIGMATECH consists of highly skilled developers specializing in agile development methodology, focusing on Mobile & Web Solution, IT Services and business enterprise, utilizing modern programming languages as our platform. SIGMATECH has established itself as the trusted partner for use in mission-critical applications and service clientele from global insurance companies, government agencies and large consumer product manufacturers. 
 Our Vision : 
 To be the most reputable and dependable growth solution partner both for IT Professional Talents and Client's Businesses worldwide 
 Our Mission : 
 To be the most reputable and dependable growth solution partner both for IT Professional Talents and Client's Businesses worldwide 
 To be the most reputable and dependable growth solution partner both for IT Professional Talents and Client's Businesses worldwide","work station, medical coverage, thr financial benefits, bpjs tenaga kerja insurance and health, travel",True,https://glints.com/id/opportunities/jobs/back-end-developer-(java-springboot)---insurance-industry/6691c2d4-caf6-435e-85c1-e350ba72c79e,microservices architecture google cloud platform core java amazon web services aws spring boot spring framework java
Senior Frontend Developer,Information Technology and Services,CONTRACTOR,Frontend Developer,2026-04-08T12:05:23.979Z,2026-05-09,PT Nextgen Inovasi Indonesia,https://nextgen.co.id,https://images.glints.com/unsafe/glints-dashboard.oss-ap-southeast-1.aliyuncs.com/company-logo/a795596d828c5972409d174c24929e5f.jpg,"Epicentrum Office Walk Suite, Jakarta, DKI Jakarta 12940, ID",Jakarta Selatan,DKI Jakarta,ID,-6.21944,106.82917,7000000.0,10000000.0,IDR,MONTH,"Mobile App Development, CSS, iOS Development, Android Development, React Native, React.js, TypeScript",60.0,professional certificate,"We are currently seeking a highly skilled and experienced Senior Frontend Developer to join our team. This is an exciting opportunity for professionals who are passionate about building modern, scalable, and high-performance web and mobile applications. 
 
 Important Notice 
 We use AI-assisted tools to review and screen CVs. Please ensure your CV clearly includes: 
 
 Duration of work experience (month and year) 
 Job position/title for each role 
 Technologies and skills used in each experience 
 
 Incomplete or unclear information may affect the evaluation process. 
 
 Position Details 
 Role: Senior Frontend Developer 
 Experience: Minimum 5 years in a related field 
 Work Arrangement: Hybrid (Office & Remote) 
 
 Key Responsibilities 
 
 Develop and maintain high-quality web and mobile applications 
 Build responsive and user-friendly interfaces with modern frontend technologies 
 Collaborate with backend and product teams to deliver seamless user experiences 
 Optimize applications for maximum performance and scalability 
 Ensure code quality through best practices, testing, and code reviews 
 
 
 Technical Qualifications 
 
 Strong proficiency in ReactJS for web application development 
 Strong proficiency in React Native for mobile application development (iOS & Android) 
 Experience in deploying mobile applications to App Store and Google Play Store 
 Solid understanding of state management (Redux, Zustand, or Context API) 
 Ability to implement responsive design and UI/UX best practices 
 Experience with Git and CI/CD pipelines 
 
 
 Technology Stack 
 
 ReactJS (mandatory) 
 React Native (mandatory) 
 TypeScript (mandatory) 
 Mobile app development for iOS & Android (mandatory) 
 CSS frameworks such as Tailwind CSS or Material UI (plus point) 
 Testing libraries such as Jest or React Testing Library (plus point) 
 
 
 AI Tools Experience 
 
 Familiarity with AI-assisted development tools 
 Experience with Claude Code (Anthropic) is highly preferred",PT Nextgen Inovasi Indonesia is an IT company founded in 2015. Our business started by providing IT consulting to our clients to develop their systems or products. We started to form our own development team which is used by our clients. Our main line of business is outsourcing of IT experts.,"medical coverage, bpjs tenaga kerja insurance and health, thr financial benefits",True,https://glints.com/id/opportunities/jobs/senior-frontend-developer/a4d37478-6a43-4fa4-a9cf-a418886c6867,mobile app development css ios development android development react native reactjs typescript
Java Developer,Staffing and Recruiting,CONTRACTOR,Backend Developer,2026-02-13T03:00:59.958Z,2026-05-09,PT Talent Placement Consulting Indonesia,https://www.tpcrecruit.com,https://images.glints.com/unsafe/glints-dashboard.oss-ap-southeast-1.aliyuncs.com/company-logo/194eaa35036116863121927810d2c94c.jpg,"Jalan Bintaro Raya No.8, RT.002 RW.010, Kebayoran Lama Utara, Kebayoran Lama, Kota Adm. Jakarta Selatan, DKI Jakarta",Tangerang Selatan,Banten,ID,-6.30694,106.67917,12000000.0,15000000.0,IDR,MONTH,"Spring Boot, Microservices Architecture, PostgreSQL, REST API, Java",36.0,bachelor degree,"We are looking for a Backend Developer (Java) to join our team on an initial 3-month contract (extend), with the possibility of extension based on performance and project needs. 
 
 Responsibilities 
 	•	Develop, maintain, and enhance backend services using Java 
 	•	Design and implement RESTful APIs 
 	•	Collaborate with frontend developers, QA, and other stakeholders 
 	•	Ensure application performance, security, and scalability 
 	•	Write clean, maintainable, and well-documented code 
 
 Requirements 
 	•	Proven experience as a Backend Developer using Java 
 	•	Strong understanding of Java frameworks (Spring Boot or similar) 
 	•	Experience in building and consuming REST APIs 
 	•	Familiar with SQL / relational databases 
 	•	Good understanding of software development best practices 
 	•	Able to work independently and as part of a team 
 	•	Good communication skills 
 
 Nice to Have (Plus Points) 
 	•	Experience using Quarkus 
 	•	Experience with microservices architecture 
 	•	Familiar with Docker / containerization 
 	•	Experience working in an Agile / Scrum environment","Talent Placement Consulting Indonesia is an executive search, headhunting, and recruitment firm specializing in the ASEAN region. Based in Bangkok, Thailand, we assist clients in finding exceptional leaders and skilled candidates through various recruitment channels. 
 
 We provide the highest level of satisfaction to our clients and candidates. We deliver a first-class recruitment experience and quality results on each project, bringing together high-caliber talent and leading employers with dedication and commitment. We pride ourselves on nurturing long-term relationships built on trust, and as a result, many of our clients return to us.","medical coverage, thr financial benefits, bpjs tenaga kerja insurance and health",True,https://glints.com/id/opportunities/jobs/java-developer/b9e54870-ff8f-4ebf-bb94-e97d379bbfc5,spring boot microservices architecture postgresql rest api java
Java Developer,Information Technology and Services,FULL_TIME,Backend Developer,2026-04-08T01:57:56.32Z,2026-05-09,PT TechTiera Services Indonesia,https://techtiera.com,https://images.glints.com/unsafe/glints-dashboard.oss-ap-southeast-1.aliyuncs.com/company-logo/4618ba865a94a1ca259d777d8d7c375d.jpeg,"Menara Palma, 12th Floor, Jl. HR Rasuna Said Kav. VI/9, Setiabudi, Jakarta Selatan 12950, Eighty-Eight Office Kasablanka Building, 10th Floor, Jakarta Selatan, DKI Jakarta 12870, ID",Jakarta Selatan,DKI Jakarta,ID,-6.25139,106.81667,7000000.0,9000000.0,IDR,MONTH,"Spring Boot, MySQL, Docker",36.0,bachelor degree,"Minimum 3 years experience as software developer 
 Programming: Java 
 Database: MySQL, MariaDB, PostgreSQL, Redis 
 Framework: Spring Boot 
 Have experience in API creation 
 Proficiency with version control systems, especially Git","TechTiera fastest growing IT Professional services company headquartered in the United States, with offices worldwide in USA, India, Australia, Malaysia, Philippines, Singapore, and Indonesia has been servicing clients globally with 30 enterprise customer",near public transport work environment and facilities,True,https://glints.com/id/opportunities/jobs/java-developer/243cb798-b43e-4386-b913-5c8a2329e3dc,spring boot mysql docker
Back-end Developer (Insurance Company Financial Services),Information Technology and Services,CONTRACTOR,Backend Developer,2026-03-13T02:39:54.027Z,2026-04-13,PT Sigma Global Teknologi,https://www.sigma-tech.co.id,https://images.glints.com/unsafe/glints-dashboard.oss-ap-southeast-1.aliyuncs.com/company-logo/3aba5816b8ecfbb79a395592af581035.png,"Sona Topas Tower Lt. 12, Jl. Jend. Sudirman, RT.4/RW.2, Kuningan, Kota Jakarta Selatan, Daerah Khusus Ibukota Jakarta 12920",Jakarta Selatan,DKI Jakarta,ID,-6.21944,106.82917,8000000.0,11000000.0,IDR,MONTH,"Docker, Model-View-Controller (MVC), Spring Boot, Kubernetes, Oracle Database, Microservices Architecture, J2EE, JSON, Kafka, REST API, Agile Methodologies, Scrum",36.0,bachelor degree,"Sigma Tech is hiring position Back end Developer for our client. 
 This position will be placement onsite at Sigma Tech Company 
 
 Requirement: 
 
 
 Bachelor or higher degree in Computer Science or related fields. 
 Experience needed & Long duration needed / Jenis Pengalaman & Lama bekerja : 
 Min. 3 years of experience in web application development using Java. 
 Strong understanding in J2EE, Spring Boot framework and MVC concept. 
 Strong understanding in REST API and JSON. 
 Good understanding in Java web application deployment and configuration. Experience 
 in Docker, Kubernetes, Kafka, Microservices architecture is a great plus. 
Good understanding in database (Oracle), query (preferably PL/SQL). Experience in schema design, query optimization is a great plus. 
 Basic understanding in Agile and Self-motivated, can-do attitude and good communication skill. 
 
 
 Key Responsibility: 
 1. Develop back-end services (web API, scheduler) accordingly to requirements and 
 technology standard. 
 2. Deploy tested back-end services and ensure the functionalities work well. 
 3. Maintain and troubleshoot issues related to back-end services. 
 4. Monitor and ensure availability of back-end services. 
 5. Write high-quality, clean and maintainable code and technical documentation. 
 6. Collaborate with other developers, technical lead, UI/UX designer, QA, product 
 owner, tribe leader and other stakeholders to build applications.","SIGMATECH is the enterprise technology partner of choice for software development, delivering a broad range of web, mobile, and desktop controls coupled with a service-oriented approach throughout the entire application life cycle. 
 SIGMATECH consists of highly skilled developers specializing in agile development methodology, focusing on Mobile & Web Solution, IT Services and business enterprise, utilizing modern programming languages as our platform. SIGMATECH has established itself as the trusted partner for use in mission-critical applications and service clientele from global insurance companies, government agencies and large consumer product manufacturers. 
 Our Vision : 
 To be the most reputable and dependable growth solution partner both for IT Professional Talents and Client's Businesses worldwide 
 Our Mission : 
 To be the most reputable and dependable growth solution partner both for IT Professional Talents and Client's Businesses worldwide 
 To be the most reputable and dependable growth solution partner both for IT Professional Talents and Client's Businesses worldwide","travel, career growth, work station, bpjs tenaga kerja insurance and health, thr financial benefits, medical coverage, meal allowance financial benefits",True,https://glints.com/id/opportunities/jobs/back-end-developer-(insurance-company-financial-services)/756210f2-5cda-446f-baad-fde5eec7928a,docker modelviewcontroller mvc spring boot kubernetes oracle database microservices architecture jee json kafka rest api agile methodologies scrum
Java Developer - Insurance,Information Technology and Services,CONTRACTOR,Backend Developer,2026-01-29T11:02:12.579Z,2026-04-30,PT Sigma Global Teknologi,https://www.sigma-tech.co.id,https://images.glints.com/unsafe/glints-dashboard.oss-ap-southeast-1.aliyuncs.com/company-logo/3aba5816b8ecfbb79a395592af581035.png,"Sona Topas Tower Lt. 12, Jl. Jend. Sudirman, RT.4/RW.2, Kuningan, Kota Jakarta Selatan, Daerah Khusus Ibukota Jakarta 12920",Jakarta Selatan,DKI Jakarta,ID,-6.24861,106.77778,10000000.0,11000000.0,IDR,MONTH,"Backend Development, TypeScript, Node.js, MySQL, Java",12.0,bachelor degree,"Requirements : 
 
  Preferably having experiences with two or more projects using Java-based framework (Java EE or 
 Spring Framework) 
  Experiences working on middle to high complexity Java-based web application projects 
  Proficiency in Java, SQL, HTML5, CSS3, JavaScript/TypeScript 
  Experience working with Angular 
  Knowledge and experience in relational database design, writing optimized queries and database 
 administration 
  Experience with Linux Operating System 
  Experience with Java Application Server such as Tomcat 
  Experience with source code version control such as Git 
  Strong knowledge of design patterns and software engineering best practices","SIGMATECH is the enterprise technology partner of choice for software development, delivering a broad range of web, mobile, and desktop controls coupled with a service-oriented approach throughout the entire application life cycle. 
 SIGMATECH consists of highly skilled developers specializing in agile development methodology, focusing on Mobile & Web Solution, IT Services and business enterprise, utilizing modern programming languages as our platform. SIGMATECH has established itself as the trusted partner for use in mission-critical applications and service clientele from global insurance companies, government agencies and large consumer product manufacturers. 
 Our Vision : 
 To be the most reputable and dependable growth solution partner both for IT Professional Talents and Client's Businesses worldwide 
 Our Mission : 
 To be the most reputable and dependable growth solution partner both for IT Professional Talents and Client's Businesses worldwide 
 To be the most reputable and dependable growth solution partner both for IT Professional Talents and Client's Businesses worldwide","bpjs tenaga kerja insurance and health, thr financial benefits, work station, medical coverage, travel",True,https://glints.com/id/opportunities/jobs/java-developer---insurance/78df3d67-de53-4cf9-af38-618d56528da6,backend development typescript nodejs mysql java
Back End Developer (Java Springboot) - Loc: Jakarta Utara,Information Technology and Services,CONTRACTOR,Backend Developer,2026-03-10T07:45:02.814Z,2026-04-10,PT Sigma Global Teknologi,https://www.sigma-tech.co.id,https://images.glints.com/unsafe/glints-dashboard.oss-ap-southeast-1.aliyuncs.com/company-logo/3aba5816b8ecfbb79a395592af581035.png,"Sona Topas Tower Lt. 12, Jl. Jend. Sudirman, RT.4/RW.2, Kuningan, Kota Jakarta Selatan, Daerah Khusus Ibukota Jakarta 12920",Jakarta Utara,DKI Jakarta,ID,-6.16111,106.90417,10000000.0,10500000.0,IDR,MONTH,"Amazon Web Services (AWS), Object-Oriented Programming (OOP), Spring Boot, Model-View-Controller (MVC), Eclipse, Java, Google Cloud Platform, Microsoft SQL Server",36.0,bachelor degree,"PKWT: 3 Month - Extendable - Full WFO 
 
 Requirement: 
 1. Min S1 (Min GPA 3.00) 
 2. Skills: 
 a. Familiar using Eclipse, Intellij or VSCode 
 b. Strong Computer Science fundamentals, algorithm and logical skill 
 c. Experience with Java programming language 
 d. Experience with Spring Boot Framework 
 e. Experience with Spring MVC is a plus 
 3.Interpersonal and Communication skill 
 a. Extremely personable and collaborative, a real team player 
 b. Eager to learn 
 c. Not giving up easily 
 d. Strong commitment in completing assignment 
 e. Active & Creative 
 f. Thorough and conscientious – maintaining a good attention to detail 
 g. Capable of prioritizing your own workload to ensure deadlines are met – highly organized 
 h. Natural capacity for analytical thinking and problem solving 
 4. Analytical Skill 
 a. Good OOP software design & pattern 
 5. Experience: Minimum 2 Years","SIGMATECH is the enterprise technology partner of choice for software development, delivering a broad range of web, mobile, and desktop controls coupled with a service-oriented approach throughout the entire application life cycle. 
 SIGMATECH consists of highly skilled developers specializing in agile development methodology, focusing on Mobile & Web Solution, IT Services and business enterprise, utilizing modern programming languages as our platform. SIGMATECH has established itself as the trusted partner for use in mission-critical applications and service clientele from global insurance companies, government agencies and large consumer product manufacturers. 
 Our Vision : 
 To be the most reputable and dependable growth solution partner both for IT Professional Talents and Client's Businesses worldwide 
 Our Mission : 
 To be the most reputable and dependable growth solution partner both for IT Professional Talents and Client's Businesses worldwide 
 To be the most reputable and dependable growth solution partner both for IT Professional Talents and Client's Businesses worldwide","medical coverage, bpjs tenaga kerja insurance and health, thr financial benefits, work station, near public transport work environment and facilities, career growth",True,https://glints.com/id/opportunities/jobs/back-end-developer-(java-springboot)---loc:-jakarta-utara/24895c2f-68c3-4d57-8bd3-e0aa9975adbc,amazon web services aws objectoriented programming oop spring boot modelviewcontroller mvc eclipse java google cloud platform microsoft sql server
Senior .Net Developer,Information Technology and Services,CONTRACTOR,Backend Developer,2025-12-26T06:14:12.521Z,2026-04-26,PT. Amalura Multi Dimensi,http://www.amalura-md.com,https://images.glints.com/unsafe/glints-dashboard.oss-ap-southeast-1.aliyuncs.com/company-logo/263162040d64c3431077d2d80bd240f3.png,"Wisma Laena JL KH Abdullah Syafei, Kel. Manggarai Selatan, Kec. Tebet, Jakarta Selatan 12850",Sleman,DI Yogyakarta,ID,-7.69306,110.35,9000000.0,12000000.0,IDR,MONTH,"GIT, C#, REST API, RDBMS, .NET, Microsoft SQL Server",60.0,bachelor degree,"Scope of Work: 
 a. Planning:  
 •	Collaborate with Product Owners and System Architects to understand features and user stories. 
 •	Estimate story points and contribute to team capacity planning. 
 
 b. Development & Testing 
 •	Write clean, maintainable, and scalable code following best practices based on business and technical requirement 
 •	Perform unit testing, support integration testing, and regression testing. 
 •	Fix bugs and continuously improve code quality. 
 
 c. Maintain Documentation & Compliance 
 •	Document code, APIs, and architectural decisions for future reference. 
 •	Ensure compliance with security, regulatory, and governance requirements. 
 •	Actively involved in R&D activity 
 
 Requirement: 
 •	•	Willing to be placed at the Yogyakarta office is a must  
 •	Minimum graduated from reputable university with bachelor’s degree in information technology or related field  
 •	More than 3 year’s experiences in software development using .Net 5 above, C#, Ms SQL)  
 •	Has experience in API development, documentation, make diagram, SIT UAT, Penetration test, etc  
 •	Good at RDBMS and SQL programming (Queries, DML, DDL)  
 •	Good in Javascript programming (JQuery and Telerik Kendo UI will be preferred)  
 •	Good knowledge of version control systems (Git)  
 •	Good problem-solving skills and debugging skills  
 •	Having experience in KeyCloak, Redis or Elasticsearch is an advantage.  
 •	Having experience in Kubernetes is preferred.  
 •	Ready to join Immediately. 
 •	Willing to sign 12 months contract. 
 •	Willing to work onsite from Client Office at Sleman Yogyakarta",We aspire to become a leading and trusted IT Resource and IT Solution provider company in Indonesia,"thr financial benefits, bpjs tenaga kerja insurance and health, overtime pay financial benefits, user defined",True,https://glints.com/id/opportunities/jobs/senior-.net-developer/7c1a748c-1219-4152-a5e0-effff6bd18e4,git c rest api rdbms net microsoft sql server
Java Developer (Quarkus),Education Management,FULL_TIME,Backend Developer,2026-03-05T08:30:47.234Z,2026-05-07,One Indonesia,https://oneindonesia.id,https://images.glints.com/unsafe/glints-dashboard.oss-ap-southeast-1.aliyuncs.com/company-logo/544aab059520ea5e013e21963463f31b.jpg,"7th Floor, Wisma Staco, Jl. Raya Casablanca Raya No.Kav. 18, Menteng Dalam, Kec. Tebet, Kota Jakarta Selatan, Daerah Khusus Ibukota Jakarta 12870",Jakarta Selatan,DKI Jakarta,ID,-6.22917,106.85139,9000000.0,11000000.0,IDR,MONTH,"Quarkus, Java, Apache, Microservices Architecture, Kafka",36.0,bachelor degree,"Important:  Only candidates with minimum 3 years of Java and Quarkus experience will be considered. 
 
 Job Description 
 We are looking for a skilled Java Developer to design, develop, and maintain scalable backend systems using Java and Quarkus. The role involves building microservices-based applications, integrating systems using Apache Kafka, and ensuring high performance, reliability, and maintainability of services. The candidate will collaborate with cross-functional teams, participate in code reviews, troubleshoot technical issues, and contribute to continuous improvement of the development process. 
 
 Job Qualifications 
 
 Bachelor’s degree (S1) in Informatics, Computer Science, or a related field 
 Minimum 3 years of experience as a Java Developer 
 Minimum 3 years of hands-on experience with  Quarkus 
 Strong experience in Java development 
 Experience building  Microservices architecture 
 Experience working with  Apache Kafka 
 Familiar with RESTful API development and backend system integration 
 Good problem-solving skills and ability to work in a team environment",ONE Indonesia atau PT Orbit Nasional Edukasi berperan sebagai portal pendidikan dan pusat data nasional yang didirikan untuk memfasilitasi kerja sama dan koordinasi antara berbagai pihak yang berkepentingan untuk meningkatkan talenta muda di Indonesia. ONE Indonesia akan terus berkembang untuk meningkatkan talenta di Indonesia.​,"vacation and leaves, bpjs tenaga kerja insurance and health, medical coverage, thr financial benefits, insurance, work station, team building events",True,https://glints.com/id/opportunities/jobs/java-developer-(quarkus)/4c407009-fb81-4dfa-b685-a4f75fcff22b,quarkus java apache microservices architecture kafka
Web Developer,"Leisure, Travel & Tourism",FULL_TIME,Full Stack Developer,2026-03-28T02:45:30.022Z,2026-04-28,JAPANTRIPS,https://bit.ly/ATG_career,https://images.glints.com/unsafe/glints-dashboard.oss-ap-southeast-1.aliyuncs.com/company-logo/a93e1d75ab1cdda3afb0454a7073e9f7.png,"Jl. Jend. Sudirman No.346, Ciroyom, Kec. Andir, Kota Bandung, Jawa Barat 40182",Bandung,Jawa Barat,ID,-6.9125,107.57694,1500000.0,2500000.0,IDR,MONTH,"React.js, JavaScript, Node.js, MySQL",12.0,high school,"Adventure Travel Group adalah perusahaan tour & travel yang berdiri sejak Januari 2011 di Bandung, berfokus pada layanan perjalanan ke Jepang (Japantrips.id), penjualan JR Pass, dan simcard internasional. Perusahaan ini juga memiliki unit F&B, Hejo Eatery, yang meraih penghargaan 1st Food Start-Up Indonesia 2021. 
 Saat ini, kami membuka kesempatan bagi Web Developer untuk bergabung dan berkembang bersama kami. Jika kamu tertarik menjadi bagian dari tim yang inovatif, ayo bergabung dengan Adventure Travel Group! 
 
 Job Spesification 
 
 Pendidikan minimal SMK jurusan Ilmu Komputer/bidang terkait. 
 Fresh graduate dipersilakan; pengalaman 1–2 tahun menjadi nilai tambah. 
 Menguasai HTML, CSS, JavaScript (ES6+) dan berpengalaman dengan minimal satu framework modern (React.js, Vue.js, Next.js). 
 Memahami konsep backend dasar (Node.js, PHP, Python) dan mampu mengintegrasikan REST API. 
 Familiar dengan Git, tools manajemen proyek, serta memahami UI/UX, responsive web design, dan dasar SEO. 
 Mampu bekerja mandiri maupun kolaboratif dengan tanggung jawab tinggi, semangat belajar, dan integritas. 
 
 
 Job Description 
 
 Membangun, memelihara, dan mengembangkan website untuk brand di bawah ATG. 
 Mengimplementasikan fitur baru sesuai kebutuhan bisnis dan pengguna. 
 Memastikan performa, keamanan, dan responsivitas website di semua perangkat. 
 Berkoordinasi dengan tim desain untuk menerapkan UI/UX serta melakukan debugging, testing, dan optimasi. 
 Mendokumentasikan kode, mengikuti perkembangan teknologi web, dan memberikan rekomendasi peningkatan sistem.","Bukan Sekadar Pekerjaan. Akselerator Karier di Industri Travel & Lifestyle. 
 
 Adventure Travel Group mengelola beberapa brand di bidang travel, telekomunikasi, dan F&B. 
 Selama lebih dari 15 tahun, kami membangun bisnis yang mampu bertahan di masa krisis, terus beradaptasi dengan teknologi, dan berfokus pada keberlanjutan jangka panjang—bukan sekadar tren sesaat. 
 
 Saat ini kami tidak hanya bertumbuh, tetapi juga membangun perusahaan yang sustain, adil, dan siap berkembang untuk jangka panjang 
 Posisi ini dibuka karena kami percaya: sistem yang baik membutuhkan orang-orang yang tepat siap BERKARYA & BERBUDAYA 
 
 Kami tidak percaya pada kerja berlebihan tanpa tujuan. 
 Kami percaya pada sistem yang jelas, akuntabilitas, dan perbaikan berkelanjutan. 
 
 Di sini, kamu akan mengembangkan skill yang relevan dan bisa digunakan di mana pun, bukan hanya untuk satu perusahaan.","thr financial benefits, career growth, perform bonus financial benefits",True,https://glints.com/id/opportunities/jobs/web-developer/35b47495-4926-4b6d-9e25-b16bc4d11e65,reactjs javascript nodejs mysql
Java Developer (Life Insurance),Information Technology and Services,CONTRACTOR,Backend Developer,2026-03-12T08:36:06.417Z,2026-04-12,PT Sigma Global Teknologi,https://www.sigma-tech.co.id,https://images.glints.com/unsafe/glints-dashboard.oss-ap-southeast-1.aliyuncs.com/company-logo/3aba5816b8ecfbb79a395592af581035.png,"Sona Topas Tower Lt. 12, Jl. Jend. Sudirman, RT.4/RW.2, Kuningan, Kota Jakarta Selatan, Daerah Khusus Ibukota Jakarta 12920",Jakarta Selatan,DKI Jakarta,ID,-6.21944,106.82917,11000000.0,12000000.0,IDR,MONTH,"Oracle Database, Docker, Spring Boot, Agile Methodologies, Java, Kubernetes, REST API",36.0,bachelor degree,"Notes 
 Posisi: Backend Developer 
 Status: PKWT 6 months under Sigmatech (Extendable) 
 Penempatan: PT MSIG Life Insurance Indonesia Tbk (Hybrid, Sudirman) 
 Benefit: BPJS Ketenagakerjaan & Kesehatan, THR, Laptop provided. compensation 10% 
 Salary: 12 mio gross + 500 transport allowance 
 
 JobDesc : 
 1. Develop back-end services (web API, scheduler) accordingly to requirements and technology standard. 
 2. Deploy tested back-end services and ensure the functionalities work well. 
 3. Maintain and troubleshoot issues related to back-end services. 
 4. Monitor and ensure availability of back-end services. 
 5. Write high-quality, clean and maintainable code and technical documentation. 
 6. Collaborate with other developers, technical lead, UI/UX designer, QA, product owner, tribe leader and other stakeholders to build applications. 
 
 Requirements: 
 - Bachelor or higher degree in Computer Science or related fields. 
 - Min. 3 years of experience in web application development using Java. 
 - Strong understanding in J2EE, Spring Boot framework and MVC concept. 
 - Strong understanding in REST API and JSON. 
 - Good understanding in Java web application deployment and configuration. Experience in Docker, Kubernetes, Kafka, Microservices architecture is a great plus. 
 - Good understanding in database (Oracle), query (preferably PL/SQL). Experience in schema design, query optimization is a great plus. 
 - Basic understanding in Agile and Scrum. 
 - Self-motivated, can-do attitude and good communication skill.","SIGMATECH is the enterprise technology partner of choice for software development, delivering a broad range of web, mobile, and desktop controls coupled with a service-oriented approach throughout the entire application life cycle. 
 SIGMATECH consists of highly skilled developers specializing in agile development methodology, focusing on Mobile & Web Solution, IT Services and business enterprise, utilizing modern programming languages as our platform. SIGMATECH has established itself as the trusted partner for use in mission-critical applications and service clientele from global insurance companies, government agencies and large consumer product manufacturers. 
 Our Vision : 
 To be the most reputable and dependable growth solution partner both for IT Professional Talents and Client's Businesses worldwide 
 Our Mission : 
 To be the most reputable and dependable growth solution partner both for IT Professional Talents and Client's Businesses worldwide 
 To be the most reputable and dependable growth solution partner both for IT Professional Talents and Client's Businesses worldwide","bpjs tenaga kerja insurance and health, thr financial benefits, work station, career growth, travel, meal allowance financial benefits, medical coverage",True,https://glints.com/id/opportunities/jobs/java-developer-(life-insurance)/8370e423-0494-45f3-9c62-1d125fd754b9,oracle database docker spring boot agile methodologies java kubernetes rest api
Odoo Developer,Information Technology and Services,FULL_TIME,Backend Developer,2026-04-09T09:38:37.499Z,2026-05-10,Sinergi Tuntas Solusi,https://sinergituntassolusi.com,https://images.glints.com/unsafe/glints-dashboard.oss-ap-southeast-1.aliyuncs.com/company-logo/e740b44ff5272d22fb54bf5b6edf927d.jpeg,"Menara Batavia Lt. 12 A, Jalan K. H. Mas Mansyur Kav 126 Karet Tengsin, Kecamatan Tanah Abang, Kota Jakarta Pusat Daerah Khusus Ibukota Jakarta 10250, Indonesia",Jakarta Pusat,DKI Jakarta,ID,-6.20556,106.81111,6000000.0,8000000.0,IDR,MONTH,"Python, Node.js, PHP",12.0,bachelor degree,"Tanggung Jawab: 
 
 Mengembangkan, memodifikasi, dan mengimplementasikan module kustom di Odoo (ERP). 
 Melakukan kustomisasi tampilan (report, dashboard) dan fungsionalitas sesuai kebutuhan bisnis. 
 Mengintegrasikan Odoo dengan sistem eksternal lain (API, sistem lain). 
 Melakukan troubleshooting, maintenance, dan memberikan dukungan teknis untuk pengguna Odoo. 
 Berkolaborasi dengan tim functional untuk memahami kebutuhan dan menerjemahkannya menjadi solusi teknis. 
 
 Kualifikasi: 
 
 Pendidikan minimal S1 di bidang Teknik Informatika/Sistem Informasi atau setara. 
 Pengalaman minimal 2 tahun sebagai Odoo Developer atau Backend Developer Python. 
 Menguasai bahasa pemrograman Python dan framework Odoo (ORM, XML, JS dasar). 
 Familiar dengan konsep ERP, database (PostgreSQL), dan sistem versi control (Git). 
 Memiliki kemampuan analitis, pemecahan masalah yang baik, dan komunikasi yang efektif. 
 Nilai Plus: Pengalaman dengan modul Odoo (Purchase, Inventory, Sales, Accounting, HR, Manufacturing, POS)","Sinergi Tuntas Solusi (STS) adalah perusahaan teknologi informasi yang berfokus pada implementasi dan pengembangan solusi Odoo, ERPNext, Web Apps, Mobile Apps, RPA, IoT & AI.  
 Visi : 
 To be a global leader in ERP Solutions and Innovative IT Solutions. 
 Misi : 
 Memberikan solusi IT yang inovatif untuk meningkatkan Customer's Value.","professional development, thr financial benefits, career growth",True,https://glints.com/id/opportunities/jobs/odoo-developer/89f7db22-9d4f-4310-929f-aebeac8718e3,python nodejs php
Senior Frontend Developer,Information Technology and Services,FULL_TIME,Frontend Developer,2026-04-08T11:49:05.703Z,2026-05-09,PT Karisma Zona Kreatifku (KAZOKKU),https://kazokku.com/,https://images.glints.com/unsafe/glints-dashboard.oss-ap-southeast-1.aliyuncs.com/company-logo/3ad95027979abea42c1674d06974a492.jfif,"Jl. TB Simatupang, Ragunan, Ps. Minggu, Kota Jakarta Selatan, Daerah Khusus Ibukota Jakarta 12540",Jakarta Pusat,DKI Jakarta,ID,-6.20556,106.81111,10000000.0,14000000.0,IDR,MONTH,"AI Tools, Testing Library, React.js, TypeScript, Front-End Architecture, claude code, React Native, jest, CI/CD, CSS",60.0,professional certificate,"Senior Frontend Developer (AI-Asissted Tools) 
 
 Detail Pekerjaan: 
 
 Durasi: Kontrak 12 bulan  
 Mekanisme: Hybrid (Domisili Jakarta) 
 Jam Kerja: Senin-Jumat  
 Device: BYOD 
 Wajib familiar dengan AI Tools Claude Code (Anthropic). 
 
 
 Kualifikasi Utama: 
 
 Pengalaman:  Minimal 5 tahun di bidang pengembangan Frontend. 
 Keahlian Wajib:  Mahir dalam ReactJS, React Native, dan TypeScript. 
 Mobile Development:  Berpengalaman dalam pengembangan dan deployment aplikasi iOS & Android ke App Store dan Google Play Store. 
 
 
 Technical Skills: 
 
 Memahami mendalam tentang State Management (Redux, Zustand, atau Context API). 
 Mampu mengimplementasikan desain responsif dan praktik terbaik UI/UX. 
 Familiar dengan Version Control (Git) dan CI/CD pipeline. 
 Berpengalaman menggunakan Testing Library (Jest, React Testing Library) menjadi nilai tambah. 
 Paham penggunaan CSS Framework seperti Tailwind CSS atau Material UI. 
 AI Tools: Memiliki pengalaman menggunakan AI-assisted development tools, khususnya Claude Code (Anthropic).",KAZOKKU adalah perusahaan IT Outsourcing Profesional yang memiliki spesialisasi dalam penyediaan Tenaga IT Profesional untuk pengembangan software.,"thr financial benefits, medical coverage, bpjs tenaga kerja insurance and health",True,https://glints.com/id/opportunities/jobs/senior-frontend-developer/c2e514b8-c3d5-4a04-b2dc-15bd2896331a,ai tools testing library reactjs typescript frontend architecture claude code react native jest cicd css
Technical Consultant (Developer),Computer Software,FULL_TIME,Backend Developer,2026-03-16T10:19:26.272Z,2026-04-16,PT ARTHA INFOTAMA,http://www.artha-it.com,https://images.glints.com/unsafe/glints-dashboard.oss-ap-southeast-1.aliyuncs.com/company-logo/289f22cb514d8dd6e2327054af3f45d4.png,Complex Roxy Mas Block E2 No.28-29  Jalan K.H. Hasyim Ashari No. 125-B  Jakarta Pusat 10150 – Indonesia,Jakarta Pusat,DKI Jakarta,ID,-6.17083,106.81806,5000000.0,7500000.0,IDR,MONTH,"Software Enggineering, Programmer, React.js, Software Development, PHP, .NET, Back-End Web Development, JavaScript, React Native",12.0,bachelor degree,"Requirement : 
 
 Maximum 30 years old. 
 Minimum D3 major Information Technology, information system or related major. 
 Minimum IPK 3.00 of scale 4.00. 
 Good Understanding of the Net Programming, MVC, Object-oriented Programming and multi-tier architectures 
 Proficient in developing applications using microsoft NET Framework, ASP server HTML, CSIS, and Javascript Frameworks 
 Experienced in designing, coding, and testing web Applications and supporting web services for apps 
 Knowledge of Microsoft SQL Server database ( SQL, Stored Procedures, query analysis and tuning) 
 Able To Work under minimum supervision 
 Strong analytical skill. 
 Having experience 1 year  
 
 Compensation : 
 
 Salary, THR, Medical Insurance 
 Laptop Program.","ARTHA IT Group is a business solution expert and authorized Gold Microsoft Partner for various Microsoft software, including Microsoft Dynamics GP, Microsoft Dynamics 365, and Cloud Solution Provider Direct. They specialize in providing vertical solutions for different industries, such as plantations management, oil mill and weighbridge management, real estate and property management, retail, e-mobile, and garment and textile management. ARTHA IT Group is a single gate end-to-end solution provider, offering ERP consulting and implementing Microsoft Dynamics software.","bpjs tenaga kerja insurance and health, medical coverage, career growth, thr financial benefits",True,https://glints.com/id/opportunities/jobs/technical-consultant-(developer)/645e8510-0ed0-4628-b45b-d874b469b703,software enggineering programmer reactjs software development php net backend web development javascript react native
.Net Developer,Computer Software,CONTRACTOR,Backend Developer,2026-01-20T07:08:07.003Z,2026-05-01,PT Abhimantra Sistem Solusindo,https://abhimantra.co.id,https://images.glints.com/unsafe/glints-dashboard.oss-ap-southeast-1.aliyuncs.com/company-logo/982bd5422afa7f7308d075a4d5f14c33.png,"Jl. Tebet Timur Dalam VI No.3 RT.08/ RW.11, Tebet Timur, Tebet, Kota Jakarta Selatan, DKI Jakarta 12820",Jakarta Selatan,DKI Jakarta,ID,-6.22917,106.85139,6000000.0,8000000.0,IDR,MONTH,"jQuery, JavaScript, Model-View-Controller (MVC), SQL, .NET, Microsoft SQL Server, Bootstrap",12.0,bachelor degree,"Job Description – .NET Developer 
 
 
 
 Mengembangkan, memelihara, dan meningkatkan aplikasi berbasis .NET Core / .NET Framework sesuai kebutuhan bisnis. 
 Merancang dan mengimplementasikan RESTful API untuk mendukung integrasi antar sistem. 
 Mengelola serta mengoptimalkan database relasional (RDBMS) yang digunakan dalam aplikasi. 
 Mengimplementasikan tampilan aplikasi menggunakan Bootstrap, JavaScript, dan jQuery dengan memperhatikan prinsip UI/UX. 
 Menerapkan arsitektur MVC secara konsisten dalam proses pengembangan aplikasi. 
 Melakukan troubleshooting, debugging, dan perbaikan bug pada sistem yang berjalan. 
 Berkolaborasi dengan tim developer, analyst, dan QA dalam seluruh tahapan pengembangan. 
 Menyusun dan memperbarui dokumentasi teknis aplikasi dan API. 
 
 
 
 Job Requirements – .NET Developer 
 
 
 
 Pendidikan minimal S1 jurusan Ilmu Komputer, Sistem Informasi, atau Teknologi Informasi. 
 Memiliki pengalaman kerja minimal 2 tahun dalam pengembangan aplikasi menggunakan .NET Core / .NET Framework. 
 Memiliki pengalaman menggunakan salah satu RDBMS (MySQL, SQL Server, PostgreSQL, atau Oracle). 
 Memiliki pengalaman dalam pengembangan RESTful API menggunakan JSON dan/atau XML. 
 Menguasai JavaScript dan jQuery, termasuk AJAX, DataTables, dan manipulasi event. 
 Memahami dan mampu menerapkan konsep MVC dalam pengembangan aplikasi .NET. 
 Mampu menggunakan Bootstrap untuk pengembangan tampilan aplikasi. 
 Mampu bekerja secara mandiri maupun dalam tim. 
 Memiliki kemampuan komunikasi yang aktif dan kolaboratif. 
 Memiliki pemahaman UI/UX dan mampu mengimplementasikan desain yang user-friendly menjadi nilai tambah. 
 Memiliki sertifikat yang berkaitan dengan programming menjadi nilai lebih.","WE OFFER IT Solution and custom application development tailored  specifically to client request.. Experienced for supporting the Mining,  Oil-Gas, Regulators & Government Bodies, Utilities companies. 
 
 The intellectual power and team spirit of our company help us creating  high quality software solutions, precisely setting the customer’s  business needs, done in the optimal way and delivered on time. 
 
 We have strong knowledge and great experience of modern development  tools and technologies, and we combine passion, experience, and  technical expertise to provide tailored IT solutions for our clients.","professional development, thr financial benefits, meal allowance financial benefits, free food and beverages, near public transport work environment and facilities",True,https://glints.com/id/opportunities/jobs/.net-developer/df3df90c-78ff-4ad9-8061-de26b3bdc149,jquery javascript modelviewcontroller mvc sql net microsoft sql server bootstrap
Odoo Developer,Oil & Energy,FULL_TIME,Backend Developer,2026-04-09T03:39:32.265Z,2026-05-10,PT Baria Bulk Terminal,http://www.bariabulk.co.id,https://images.glints.com/unsafe/glints-dashboard.oss-ap-southeast-1.aliyuncs.com/company-logo/4950450687d4b8034a9d42a1d4907c3e.png,"Jl. Yos Sudarso Link. Pulorida RT03/01 Kel.Lebak Gede Kec.Pulomerak, Cilegon - Banten",Jakarta Utara,DKI Jakarta,ID,-6.12083,106.76111,5400000.0,8000000.0,IDR,MONTH,"MySQL, Java, Python",12.0,bachelor degree,"Responsibilities 
 
 Deploy, configure, and maintain Odoo on cloud or on-premise servers. 
 Customize Odoo modules to align with business processes and requirements. 
 Develop new Odoo modules, features, and reports as needed. 
 Ensure best practices in coding, security, and data integrity within the Odoo framework. 
 Provide technical recommendations and insights on improving workflows and system efficiency. 
 Troubleshoot and resolve system issues, ensuring optimal performance. 
 Collaborate with different departments to gather requirements and translate them into functional Odoo solutions. 
 Integrate Odoo with third-party applications and APIs as required. 
 Maintain documentation on system configurations, customizations, and workflows. 
 Provide training and support to end-users to ensure smooth adoption of Odoo features. 
 
 
 Qualifications 
 
 Proven experience in deploying and customizing Odoo. 
 Strong proficiency in Python, PostgreSQL, and Odoo framework. 
 Experience with server administration, Linux environments, and cloud deployments. 
 Solid understanding of Odoo architecture, ORM, and module development. 
 Ability to follow best coding practices and implement secure, scalable solutions. 
 Excellent problem-solving skills and a proactive approach to identifying and addressing issues. 
 Strong analytical and critical thinking skills to optimize workflows and system performance. 
 Experience with Git, Docker, or similar DevOps tools is a plus. 
 Ability to work independently and communicate effectively with stakeholders.","Since our beginning in 2010, our commitment has always been to deliver high quality products with distinguished services. The company was built on decades of experiences in the oil and manufacturing industries. Through this background and extensive local knowledge, BBT is able to progress in the market over the years. 
 Capitalizing on its established distribution network, Baria Bulk Terminal has grown exponentially to become one of the leading oil and petroleum products distributors in Indonesia. Our terminal is located in Merak, Banten – a bustling hub for maritime transport, while our main office is located in Jakarta. In 2019, Baria Bulk Terminal expanded its operations to Surabaya, East Java with a Depot in Gresik. In 2023, a new Depot was established in Belawan, North Sumatra.","thr financial benefits, medical coverage, bpjs tenaga kerja insurance and health",True,https://glints.com/id/opportunities/jobs/odoo-developer/2ad893ac-8626-4ff5-b91a-fc19c077c8f8,mysql java python
iOS Developer,Computer Software,CONTRACTOR,Backend Developer,2026-04-08T08:06:38.69Z,2026-05-09,PT Code Development Indonesia,https://www.code.id,https://images.glints.com/unsafe/glints-dashboard.oss-ap-southeast-1.aliyuncs.com/company-logo/b43910cc1253621c07b5f915c6364736.png,"Mangkuluhur City Tower One 7th Floor Jl. Gatot Subroto Kav. 1-3 Kel. Karet Semanggi, Kec. Setiabudi Jakarta Selatan, DKI Jakarta 12930",Jakarta Selatan,DKI Jakarta,ID,-6.21944,106.82917,8000000.0,10000000.0,IDR,MONTH,"Mobile App Development, Swift, iOS Development",36.0,bachelor degree,"Job Requirements : 
 
 Proficiency in Mobile Application Development and Mobile Applications 
 Strong skills with Swift 
 Experience as iOS Developer at least 3 years (middle) and 5 years ( senior) 
 Excellent problem-solving and analytical skills 
 Ability to work collaboratively in a team environment 
 Bachelor's degree in Computer Science or related field is preferred 
 Experience with Agile methodologies is a plus","CODE.ID is a technology company specializing in end-to-end digital solutions to support business growth and transformation. 
 
 We provide both custom software development and ready-to-use digital products, helping organizations improve operational efficiency, scalability, and overall performance. Our expertise includes enterprise application development, system integration, and AI-driven solutions tailored to meet evolving business needs. 
 
 At CODE.ID, we are committed to delivering reliable, scalable, and impactful technology solutions by combining innovation, collaboration, and a deep understanding of our clients’ challenges.","bpjs tenaga kerja insurance and health, thr financial benefits, medical coverage",True,https://glints.com/id/opportunities/jobs/ios-developer/c1a5ce48-4044-4e7b-b1ed-505e8aff167f,mobile app development swift ios development
ETL Developer,Information Technology and Services,CONTRACTOR,Backend Developer,2026-04-08T05:29:54.115Z,2026-05-09,PT Sigma Global Teknologi,https://www.sigma-tech.co.id,https://images.glints.com/unsafe/glints-dashboard.oss-ap-southeast-1.aliyuncs.com/company-logo/3aba5816b8ecfbb79a395592af581035.png,"Sona Topas Tower Lt. 12, Jl. Jend. Sudirman, RT.4/RW.2, Kuningan, Kota Jakarta Selatan, Daerah Khusus Ibukota Jakarta 12920",Jakarta Selatan,DKI Jakarta,ID,-6.21944,106.82917,8400000.0,8900000.0,IDR,MONTH,"Database Management, Data Warehouse, Data Integration, Power BI, Data Visualization, Extract, Transform, Load (ETL), ETL, SSIS, Data Modeling",36.0,bachelor degree,"Requirements: 
 Memiliki pengalaman minimal 3 tahun dalam proses ETL (Extract, Transform, Load)  
 Berpengalaman menggunakan Microsoft Fabric  
 Mampu membuat dan mengelola Power BI Report (data modeling, DAX, dan visualisasi)  
 Memahami konsep data warehouse dan integrasi data  
 Menguasai penggunaan SSIS (SQL Server Integration Services)","SIGMATECH is the enterprise technology partner of choice for software development, delivering a broad range of web, mobile, and desktop controls coupled with a service-oriented approach throughout the entire application life cycle. 
 SIGMATECH consists of highly skilled developers specializing in agile development methodology, focusing on Mobile & Web Solution, IT Services and business enterprise, utilizing modern programming languages as our platform. SIGMATECH has established itself as the trusted partner for use in mission-critical applications and service clientele from global insurance companies, government agencies and large consumer product manufacturers. 
 Our Vision : 
 To be the most reputable and dependable growth solution partner both for IT Professional Talents and Client's Businesses worldwide 
 Our Mission : 
 To be the most reputable and dependable growth solution partner both for IT Professional Talents and Client's Businesses worldwide 
 To be the most reputable and dependable growth solution partner both for IT Professional Talents and Client's Businesses worldwide","medical coverage, thr financial benefits, bpjs tenaga kerja insurance and health, work station",True,https://glints.com/id/opportunities/jobs/etl-developer/8eeecd38-ad62-4046-9ed4-58ad4f16b7f1,database management data warehouse data integration power bi data visualization extract transform load etl etl ssis data modeling
ETL Developer,Information Technology and Services,CONTRACTOR,Backend Developer,2026-03-26T11:01:28.215Z,2026-04-26,PT Sigma Global Teknologi,https://www.sigma-tech.co.id,https://images.glints.com/unsafe/glints-dashboard.oss-ap-southeast-1.aliyuncs.com/company-logo/3aba5816b8ecfbb79a395592af581035.png,"Sona Topas Tower Lt. 12, Jl. Jend. Sudirman, RT.4/RW.2, Kuningan, Kota Jakarta Selatan, Daerah Khusus Ibukota Jakarta 12920",Jakarta Selatan,DKI Jakarta,ID,-6.21944,106.82917,8900000.0,9300000.0,IDR,MONTH,"Database Management, Power BI, Extract, Transform, Load (ETL), ETL",36.0,bachelor degree,"Requirements: 
 * 3+ years of experience in ETL development, preferably in banking or financial services 
 * Strong expertise in ETL tools (Apache Airflow or similar) & Proficient in RDBMS (PostgreSQL) 
 * Having knowledge API performance testing and tuning 
 * Thorough experience on office document processing integration 
 * Good knowledge on Java web apps and API development include deployment method","SIGMATECH is the enterprise technology partner of choice for software development, delivering a broad range of web, mobile, and desktop controls coupled with a service-oriented approach throughout the entire application life cycle. 
 SIGMATECH consists of highly skilled developers specializing in agile development methodology, focusing on Mobile & Web Solution, IT Services and business enterprise, utilizing modern programming languages as our platform. SIGMATECH has established itself as the trusted partner for use in mission-critical applications and service clientele from global insurance companies, government agencies and large consumer product manufacturers. 
 Our Vision : 
 To be the most reputable and dependable growth solution partner both for IT Professional Talents and Client's Businesses worldwide 
 Our Mission : 
 To be the most reputable and dependable growth solution partner both for IT Professional Talents and Client's Businesses worldwide 
 To be the most reputable and dependable growth solution partner both for IT Professional Talents and Client's Businesses worldwide","work station, medical coverage, bpjs tenaga kerja insurance and health, thr financial benefits, near public transport work environment and facilities",True,https://glints.com/id/opportunities/jobs/etl-developer/a7c11e99-18a8-44b2-8692-6ee8f6078680,database management power bi extract transform load etl etl
Fullstack Developer,Information Technology and Services,CONTRACTOR,Full Stack Developer,2026-03-27T06:12:28.69Z,2026-04-27,PT Solusindo Digital Holistik,http://www.sidiktalent.com,https://images.glints.com/unsafe/glints-dashboard.oss-ap-southeast-1.aliyuncs.com/company-logo/0639d6ba43da0a009b005f5c9f8072d9.png,"Summarecon Bandung, Magna Terrace MC 118, Kota Bandung",Jakarta Selatan,DKI Jakarta,ID,-6.21944,106.82917,8000000.0,12000000.0,IDR,MONTH,"Spring Boot, Flutter, React.js, Node.js, PostgreSQL",60.0,bachelor degree,"Requirement : 
 
 Remote work arrangement with periodic on-site engagement (1 week every 3 months) 
 Bachelor's or Master's degree in Computer Science, Information Technology, or a related field. 
 5+ years of experience as a Senior Fullstack Developer with experience in IT companies or outsourcing being a plus. 
 
 Skills : 
 
 Backend: Java Spring Boot (Kotlin), Node.js with TypeScript (Hapi, NestS), RESTful API & Microservices 
 Frontend: React.js (Microfrentiond), TypeScript Mobile: Flutter (Dart), BloC pattern (flutter_bloc) 
 Testing: Unit testing, Automation testing & Integration Test 
 Other: Git & version control, CI/CD pipeline (Gitlab CI/CD, Harness), NoSQL Database, Temporal, Kafka, Clean code architecture, 
 Communication (English & Indonesian)","PT Solusindo Digital Holistik (SIDIK CYBER) adalah perusahaan Teknologi Informasi yang bergerak di bidang Cybersecurity, Software Development, IT Resource & Cyber Academy. Bersertifikat ISO 9001 dan ISO 27001 serta memenuhi standar TKDN sebesar 69,19%. Didukung oleh team ahli, kami berkomitmen memberikan layanan terbaik dengan dukungan purna jual yang optimal.  
 Sebagai mitra solusi Teknologi Informasi, kami menyediakan infrastruktur dan layanan proyek melalui kemitraan bisnis. Berpengalaman menjalin kerja sama dengan Pemerintah dan perusahaan Swasta","thr financial benefits, bpjs tenaga kerja insurance and health, medical coverage",True,https://glints.com/id/opportunities/jobs/fullstack-developer/2d0cf148-74eb-4858-be40-0d5df150e4f4,spring boot flutter reactjs nodejs postgresql
RPA Developer,Information Technology and Services,CONTRACTOR,Backend Developer,2026-03-17T12:19:39.193Z,2026-04-17,Pt Satkomindo Mediyasa,https://www.satkomindo.com,https://images.glints.com/unsafe/glints-dashboard.oss-ap-southeast-1.aliyuncs.com/company-logo/43d9b07ef6e64a4ca27a19cd09617e00.png,"Jl RS Fatmawati No.1, Cilandak Barat",Jakarta Selatan,DKI Jakarta,ID,-6.25556,106.84306,15000000.0,20000000.0,IDR,MONTH,"QA Automation, UiPath, Microsoft Power Platform, Robotic Process Automation (RPA), Power Automate",36.0,bachelor degree,"Requirement: 
 
 RPA Developer level Middle - Senior 
 Memiliki pengalaman pengembangan RPA menggunakan UiPath dan Microsoft Power Automate 
 Memiliki pengalaman migrasi RPA dari UiPath ke Power Automate 
 Pengalaman pada Microsoft Power Platform (Power Apps, dan lainnya)  
 
 
 Mohon diinformasikan juga : 
 
 Lama pengalaman menggunakan Microsoft Power Automate 
 Total jumlah project yang pernah dikerjakan menggunakan Power Automate 
 Pengalaman melakukan migrasi proses dari UiPath ke Power Automate dan jumlah yang di migrasikan",The Bright IT Company in Indonesia,"medical coverage, thr financial benefits, bpjs tenaga kerja insurance and health",True,https://glints.com/id/opportunities/jobs/rpa-developer/a73d28a5-c809-4fde-950f-2a06b3ba97e6,qa automation uipath microsoft power platform robotic process automation rpa power automate
.NET Developer (Bekasi Area),Information Technology and Services,CONTRACTOR,Backend Developer,2026-03-11T03:58:54.676Z,2026-04-11,PT Sigma Global Teknologi,https://www.sigma-tech.co.id,https://images.glints.com/unsafe/glints-dashboard.oss-ap-southeast-1.aliyuncs.com/company-logo/3aba5816b8ecfbb79a395592af581035.png,"Sona Topas Tower Lt. 12, Jl. Jend. Sudirman, RT.4/RW.2, Kuningan, Kota Jakarta Selatan, Daerah Khusus Ibukota Jakarta 12920",Bekasi,Jawa Barat,ID,-6.27528,107.15556,7500000.0,8000000.0,IDR,MONTH,"MySQL, .NET, .NET CORE, Ui Framework, JavaScript, Laravel",12.0,bachelor degree,"Placement: Real Estate Industry 
 Type of Employment: Contract under Sigmatech 
 Working arrangement: WFO 
 
 Requirement: 
 
 Memiliki pengalaman min. 2 tahun dalam menggunakan .NET Framework / .NET Core  
 Berpengalaman menggunakan SQL Server 
 Berpengalaman menggunakan UI Framework seperti Telerik, Syncfusion atau DevExpress (Diutamakan Telerik) 
 Berpengalaman menggunakan ORM Framework untuk .NET (Entity Framework) 
 Memiliki kemampuan Javascript/Jquery, HTML, CSS 
 Berpengalaman menggunakan software version control seperti Git atau yang sejenisnya 
 Memiliki pemahaman yang baik mengenai Object Oriented Programming, Database Design dan Software Architecture 
 Bersedia penempatan di daerah Cikarang, Bekasi","SIGMATECH is the enterprise technology partner of choice for software development, delivering a broad range of web, mobile, and desktop controls coupled with a service-oriented approach throughout the entire application life cycle. 
 SIGMATECH consists of highly skilled developers specializing in agile development methodology, focusing on Mobile & Web Solution, IT Services and business enterprise, utilizing modern programming languages as our platform. SIGMATECH has established itself as the trusted partner for use in mission-critical applications and service clientele from global insurance companies, government agencies and large consumer product manufacturers. 
 Our Vision : 
 To be the most reputable and dependable growth solution partner both for IT Professional Talents and Client's Businesses worldwide 
 Our Mission : 
 To be the most reputable and dependable growth solution partner both for IT Professional Talents and Client's Businesses worldwide 
 To be the most reputable and dependable growth solution partner both for IT Professional Talents and Client's Businesses worldwide","travel, work station",True,https://glints.com/id/opportunities/jobs/.net-developer-(bekasi-area)/c91d5d07-8d13-478a-b69a-0768c9a0cca8,mysql net net core ui framework javascript laravel
.NET Developer,Information Technology and Services,CONTRACTOR,Backend Developer,2026-02-09T06:15:34.265Z,2026-04-30,PT Sigma Global Teknologi,https://www.sigma-tech.co.id,https://images.glints.com/unsafe/glints-dashboard.oss-ap-southeast-1.aliyuncs.com/company-logo/3aba5816b8ecfbb79a395592af581035.png,"Sona Topas Tower Lt. 12, Jl. Jend. Sudirman, RT.4/RW.2, Kuningan, Kota Jakarta Selatan, Daerah Khusus Ibukota Jakarta 12920",Sleman,DI Yogyakarta,ID,-7.76667,110.40972,7000000.0,7500000.0,IDR,MONTH,"MongoDB, Backend Development, Microsoft SQL Server, .NET",12.0,bachelor degree,"• Willing to be placed at the Yogyakarta office is preferrable 
 • More than 3 year’s experiences in software development using Microsoft Technology 
 • Has experience in API development, documentation, make diagram, SIT UAT, Penetration test, etc 
 • Good at RDBMS and SQL programming (Queries, DML, DDL) 
 • Good in Javascript programming (JQuery and Telerik Kendo UI will be preferred) 
 • Good knowledge of version control systems (Git) 
 • Good problem-solving skills and debugging skills 
 • Having experience in KeyCloak, Redis or Elasticsearch is an advantage. 
 • Having experience in Kubernetes is preferred. 
 • Good communication, interpersonal skills and presentation skills","SIGMATECH is the enterprise technology partner of choice for software development, delivering a broad range of web, mobile, and desktop controls coupled with a service-oriented approach throughout the entire application life cycle. 
 SIGMATECH consists of highly skilled developers specializing in agile development methodology, focusing on Mobile & Web Solution, IT Services and business enterprise, utilizing modern programming languages as our platform. SIGMATECH has established itself as the trusted partner for use in mission-critical applications and service clientele from global insurance companies, government agencies and large consumer product manufacturers. 
 Our Vision : 
 To be the most reputable and dependable growth solution partner both for IT Professional Talents and Client's Businesses worldwide 
 Our Mission : 
 To be the most reputable and dependable growth solution partner both for IT Professional Talents and Client's Businesses worldwide 
 To be the most reputable and dependable growth solution partner both for IT Professional Talents and Client's Businesses worldwide","medical coverage, near public transport work environment and facilities, career growth, bpjs tenaga kerja insurance and health, work station, thr financial benefits",True,https://glints.com/id/opportunities/jobs/.net-developer/66d558f5-3391-4810-9b91-7b942d07bf0a,mongodb backend development microsoft sql server net
React Native Developer,Information Technology and Services,CONTRACTOR,Mobile Developer,2026-03-13T09:33:08.89Z,2026-04-13,PT Sigma Global Teknologi,https://www.sigma-tech.co.id,https://images.glints.com/unsafe/glints-dashboard.oss-ap-southeast-1.aliyuncs.com/company-logo/3aba5816b8ecfbb79a395592af581035.png,"Sona Topas Tower Lt. 12, Jl. Jend. Sudirman, RT.4/RW.2, Kuningan, Kota Jakarta Selatan, Daerah Khusus Ibukota Jakarta 12920",Jakarta Utara,DKI Jakarta,ID,-6.16111,106.90417,10000000.0,10500000.0,IDR,MONTH,"React Native, Mobile Development, Android Development",36.0,bachelor degree,"Qualification: 
 
1. Bachelor degree in IT major with min. GPA 3.00/4.00 
 
 2. Technical Skill: 
 • React Native framework with TypeScript and Hooks 
 • Remote data using RESTful APIs, GraphQL, and Local data using room database 
 • MobX, Redux 
 • React Router 
 • Experience using Expo is a plus 
 • Xcode, cocoa pods, android studio 
 
 3. Other / Analytical Skill: 
 • Good OOP Concept, debugging analysis and understanding of Android Life Cycle 
 • Security Concept (obfuscate, proguard, top 10 OWAPS) 
 • Sonarqube 
 • Ability to work comfortably in a fast-paced, agile team development environment 
 • Experience in GITFLOW(GIT) 
 • Develop animation, transitions and interaction for UI and visual elements 
 • Problem solving 
 • Graduated from developer bootcamp associated to google authorized partner like decoding, bangkit is a plus 
 
 4. Softskill: 
 • Good communication 
 • Can work independently and coordinate with the team 
 • Eager to learn and up-to-date latest technology 
 • Not giving up easily 
 • Strong commitment in completing assignment 
 • Fast learner and have a good logic","SIGMATECH is the enterprise technology partner of choice for software development, delivering a broad range of web, mobile, and desktop controls coupled with a service-oriented approach throughout the entire application life cycle. 
 SIGMATECH consists of highly skilled developers specializing in agile development methodology, focusing on Mobile & Web Solution, IT Services and business enterprise, utilizing modern programming languages as our platform. SIGMATECH has established itself as the trusted partner for use in mission-critical applications and service clientele from global insurance companies, government agencies and large consumer product manufacturers. 
 Our Vision : 
 To be the most reputable and dependable growth solution partner both for IT Professional Talents and Client's Businesses worldwide 
 Our Mission : 
 To be the most reputable and dependable growth solution partner both for IT Professional Talents and Client's Businesses worldwide 
 To be the most reputable and dependable growth solution partner both for IT Professional Talents and Client's Businesses worldwide","thr financial benefits, travel, medical coverage, bpjs tenaga kerja insurance and health, work station, meal allowance financial benefits, near public transport work environment and facilities",True,https://glints.com/id/opportunities/jobs/react-native-developer/0d6979e4-bde0-4101-9911-ab169ceba52e,react native mobile development android development
Power BI Developer,Staffing and Recruiting,CONTRACTOR,Backend Developer,2026-04-01T03:43:31.693Z,2026-05-02,PT Talent Placement Consulting Indonesia,https://www.tpcrecruit.com,https://images.glints.com/unsafe/glints-dashboard.oss-ap-southeast-1.aliyuncs.com/company-logo/194eaa35036116863121927810d2c94c.jpg,"Jalan Bintaro Raya No.8, RT.002 RW.010, Kebayoran Lama Utara, Kebayoran Lama, Kota Adm. Jakarta Selatan, DKI Jakarta",Jakarta Selatan,DKI Jakarta,ID,-6.21944,106.82917,7000000.0,10000000.0,IDR,MONTH,"SQL, Power BI, Microsoft SQL Server",36.0,bachelor degree,"1. Education: Minimum bachelor's degree (S1) in Computer Science, Information Technology, Information Systems, or 
 related field. 
 2. Experience: minimum 1 year experience in Power BI Development 
 3. Age: 23-35 
 4. Gender: Male/Female 
 5. Technical Skill: 
 a. Experience in using Power BI 
 b. Solid knowledge and understanding of Transact-SQL Basic -> Query language (Select, From, Where Group 
 by, Having), Join, Basic Logic (case, when) 
 c. Familiar with GCP and Big Data 
 d. Create simple technical doc 
 e. Attention to detail: Accuracy in ensuring data validity between sources (databases) and reports 
 (dashboards). 
 f. High analytical and problem-solving skills 
 6. Interpersonal and Communication skills 
 a. Excellent interpersonal (verbal and written) communication skills are required to support working in 
 project environments that include internal team. 
 b. Hardworking and having multitasking capability","Talent Placement Consulting Indonesia is an executive search, headhunting, and recruitment firm specializing in the ASEAN region. Based in Bangkok, Thailand, we assist clients in finding exceptional leaders and skilled candidates through various recruitment channels. 
 
 We provide the highest level of satisfaction to our clients and candidates. We deliver a first-class recruitment experience and quality results on each project, bringing together high-caliber talent and leading employers with dedication and commitment. We pride ourselves on nurturing long-term relationships built on trust, and as a result, many of our clients return to us.","thr financial benefits, bpjs tenaga kerja insurance and health, medical coverage",True,https://glints.com/id/opportunities/jobs/power-bi-developer/e263a2ae-8dc7-47bb-84f8-2e9b794e3a37,sql power bi microsoft sql server
.Net Developer,Information Technology and Services,CONTRACTOR,Backend Developer,2026-04-09T06:59:16.135Z,2026-05-10,PT. Kreatifitas Sinergisme Teknoindo,http://www.kst.co.id,https://images.glints.com/unsafe/glints-dashboard.oss-ap-southeast-1.aliyuncs.com/company-logo/470cdc491ba88baa8fc2314ef67374b7.png,Surabaya,Jakarta Selatan,DKI Jakarta,ID,-6.24861,106.77778,7000000.0,13000000.0,IDR,MONTH,"TypeScript, Microsoft SQL Server, Angular.js, C#, MySQL, .NET",12.0,bachelor degree,"Passionate about crafting powerful C# applications?  
 Join us as a C# Net and bring your coding expertise to groundbreaking IT projects! 
 
 Job Description: 
 
 
 Write clean, scalable code using .NET programming language i.e. C# 
 Develop technical interfaces, specifications, and architecture 
 Enhance and apply bug fixing on existing web applications 
 Working with other stakeholders as a team in Agile environment 
 
 
 Qualifications : 
 
 Has experience 2-3 years using .Net 
 Familiarity with financial or leasing systems 
 Strong understanding of backend development and system integration 
 Able to work independently under a contract-based engagement 
 Good communication skills and ability to collaborate with cross-functional teams 
 Experience working on core systems or enterprise-scale applications is a plus 
 
 
 Does this sound like you ? 
 Click ""Apply"" to submit your application",PT Kreatifitas Sinergisme Teknoindo was established in early 2017. We strive to be a reputable solution provider and commited in delivering professional and reliable services to our clients.,"team building events, thr financial benefits, medical coverage, work station, professional development, vacation and leaves",True,https://glints.com/id/opportunities/jobs/.net-developer/2ae16b83-ae0f-4d53-9115-766bc2908259,typescript microsoft sql server angularjs c mysql net
Software Developer,Information Technology and Services,CONTRACTOR,Backend Developer,2026-03-31T04:02:27.148Z,2026-05-01,PT Sigma Global Teknologi,https://www.sigma-tech.co.id,https://images.glints.com/unsafe/glints-dashboard.oss-ap-southeast-1.aliyuncs.com/company-logo/3aba5816b8ecfbb79a395592af581035.png,"Sona Topas Tower Lt. 12, Jl. Jend. Sudirman, RT.4/RW.2, Kuningan, Kota Jakarta Selatan, Daerah Khusus Ibukota Jakarta 12920",Tangerang Selatan,Banten,ID,-6.25417,106.6625,12000000.0,14000000.0,IDR,MONTH,"Spring Boot, Java, Rust, Go / Golang",36.0,bachelor degree,"PT Sigma Global Teknologi, known as SIGMATECH, is a leading enterprise technology partner that excels in delivering comprehensive software solutions across web, mobile, and desktop platforms. Our commitment to excellence in software development, combined with a robust service-oriented approach, has made us a trusted partner for global insurance companies, government agencies, and large consumer product manufacturers. SIGMATECH is dedicated to fostering a culture where innovation meets reliability, ensuring that we are the most reputable and dependable growth solution partner for both IT professionals and client businesses worldwide. In our pursuit of excellence, we are now seeking talented individuals to join our dynamic team in Serpong Utara, Tangerang Selatan, Banten, Indonesia. This opportunity is not just about contributing to cutting-edge projects; it's about being part of a forward-thinking organization that values your expertise and potential for growth. 
 
 As a Backend Developer or Software Developer at SIGMATECH, you will play a pivotal role in developing robust and scalable applications that meet the highest standards of quality and performance. Your responsibilities will include designing and implementing efficient backend systems, optimizing database operations, and ensuring seamless integration with frontend components. You will collaborate closely with cross-functional teams to deliver innovative solutions that enhance our clients' digital experiences. Additionally, you will stay updated with the latest technologies and trends, contributing to the continuous improvement of our development processes. Your work will directly impact the success of our projects, and you will have the opportunity to work on diverse and challenging tasks that will further develop your skills and expertise.","SIGMATECH is the enterprise technology partner of choice for software development, delivering a broad range of web, mobile, and desktop controls coupled with a service-oriented approach throughout the entire application life cycle. 
 SIGMATECH consists of highly skilled developers specializing in agile development methodology, focusing on Mobile & Web Solution, IT Services and business enterprise, utilizing modern programming languages as our platform. SIGMATECH has established itself as the trusted partner for use in mission-critical applications and service clientele from global insurance companies, government agencies and large consumer product manufacturers. 
 Our Vision : 
 To be the most reputable and dependable growth solution partner both for IT Professional Talents and Client's Businesses worldwide 
 Our Mission : 
 To be the most reputable and dependable growth solution partner both for IT Professional Talents and Client's Businesses worldwide 
 To be the most reputable and dependable growth solution partner both for IT Professional Talents and Client's Businesses worldwide","medical coverage, thr financial benefits, bpjs tenaga kerja insurance and health, travel, near public transport work environment and facilities",True,https://glints.com/id/opportunities/jobs/software-developer/2ba9acfc-1344-45b9-b4b3-8af8e264379a,spring boot java rust go golang
Software Developer,Information Technology and Services,FULL_TIME,Full Stack Developer,2026-03-03T04:43:09.646Z,2026-05-10,Phiraka Sinergi Indonesia,http://www.phiraka.com,https://images.glints.com/unsafe/glints-dashboard.oss-ap-southeast-1.aliyuncs.com/company-logo/6a8fd891ba0c02703945e688513f82c5.jpg,"PT Phiraka Sinergi Indonesia (021) 31144499 https://maps.app.goo.gl/PGHqKbA3vVgiCeaf7
The Royal Palace Jl. Prof Dr Soepomo SH No. 178A Blok B 30, The Royal Place , Jakarta Selatan , DKI Jakarta ID",Jakarta Selatan,DKI Jakarta,ID,-6.22917,106.85139,6000000.0,7000000.0,IDR,MONTH,"MySQL, PostgreSQL, JavaScript",12.0,professional certificate,"Requirements: 
 - Education: Min. Associate Degree (D3) in Information Systems or Information Technology. 
 - Experience: More than 1 year of experience in the same field. 
 - Technical Skills: * Proficient in OOP (Object Oriented Programming) concepts. 
 - Experienced in building applications using PHP Frameworks (CI, Laravel, etc.). 
 - Experienced in building applications using databases such as MySQL/PostgreSQL/SQL Server/Oracle. 
 - Proficient in HTML, CSS, JavaScript, and React. 
 - Understand GIT or other repository applications. 
 
 Soft Skills: 
 - High commitment and strong work ethic. 
 - Good communication skills. 
 
 Job Description: 
 - Develop high-quality applications based on user requirements. 
 - Perform maintenance or enhancements on existing systems. 
 - Test program code for robustness, usability, and various edge cases. 
 - Coordinate with other teams during the application development or maintenance process.","PT. Phiraka Sinergi Indonesia is an IT company specializing in HR solutions for businesses. Since 2004, they have been helping organizations streamline their HR operations effectively.  
We understand the challenges faced by HR departments and offer tailored solutions to address these issues. Our goal is to assist organizations in overcoming HR challenges by providing efficient and user-friendly technology solutions.","bpjs tenaga kerja insurance and health, travel, thr financial benefits, team building events, career growth, work station, medical coverage, near public transport work environment and facilities, meal allowance financial benefits",True,https://glints.com/id/opportunities/jobs/software-developer/a09432bc-149f-4d34-9af4-9f28d1ade57c,mysql postgresql javascript
Frontend Developer,Information Technology and Services,CONTRACTOR,Frontend Developer,2026-02-23T06:37:10.862Z,2026-05-10,Pt Satkomindo Mediyasa,https://www.satkomindo.com,https://images.glints.com/unsafe/glints-dashboard.oss-ap-southeast-1.aliyuncs.com/company-logo/43d9b07ef6e64a4ca27a19cd09617e00.png,"Jl RS Fatmawati No.1, Cilandak Barat",Jakarta Selatan,DKI Jakarta,ID,-6.25556,106.84306,7000000.0,10500000.0,IDR,MONTH,"React.js, CI/CD, Next.Js, HTML, Frontend Development",12.0,bachelor degree,"Menguasai bahasa pemrograman di bidang web UI menggunakan React JS, Next JS, dan HTML dengan framework Micro Frontend. 
 Mengimplementasikan pipeline CI/CD guna kebutuhan development 
 Mendokumentasikan secara detail dan lengkap dokumentasi teknis frontend yang dikerjakan. 
 Pernah mengerjakan minimal 2 tahun proyek yang menggunakan bahasa pemrograman React JS dan Next JS 
 Penempatan di BRI/BRI group",The Bright IT Company in Indonesia,"thr financial benefits, bpjs tenaga kerja insurance and health, medical coverage",True,https://glints.com/id/opportunities/jobs/frontend-developer/9e806bba-3838-45d5-8271-81f6babf3f59,reactjs cicd nextjs html frontend development
Frontend Developer,Information Technology and Services,FULL_TIME,Frontend Developer,2026-04-07T06:58:27.438Z,2026-05-08,PT Inovasi Sukses Sentosa,http://www.indotrading.com,https://images.glints.com/unsafe/glints-dashboard.oss-ap-southeast-1.aliyuncs.com/company-logo/6f95af16853333a8a869548ea6926acd.jpg,"Business Park Kebon Jeruk Blok E2-8,Jl. Meruya Ilir Raya No. 88, RT.1/RW.5, Meruya Utara, Kec. Kembangan,Kota Jakarta Barat, Daerah Khusus Ibukota Jakarta 11510",Jakarta Barat,DKI Jakarta,ID,-6.19861,106.74167,5000000.0,7500000.0,IDR,MONTH,"HTML, React.js, Frontend Development, jQuery, JavaScript, TypeScript, Vue.js, CSS, Front-End Architecture",12.0,bachelor degree,"Do you love to design websites in a browser? Are CSS, HTML, and JavaScript have become your everyday main menu? If so, you are the one we’re looking for. As a Front end Developer you’ll having fun with mock ups and building interface using HTML, CSS and JavaScript. Work closely with teams of Designers, Researchers, Engineers and Product Managers throughout the design process—from research, creating user flows, sketching wire frames, drawing mock ups and creating prototypes.  
 
 Responsibilities :  
 
 Plan and build new features. 
 Developing Web using latest and cutting edge technology 
 Improving performance on existing website 
 
 Requirements  :  
 
 Candidate must possess at least a Bachelor's Degree, Computer Science/Information Technology or equivalent. 
 Solid knowledge in CSS, Jquery and HTML 5, ASP. Net, C# 
 Experience in developing Mobile Apps is an advantage. 
 Build framework  (Angular, Vue, or React) 
 Understand concept of SVN, Source Safe or GitHub 
 Experience working in a team and understand Agile Methodology. 
 Willing to work in Meruya-West Jakarta area. 
 Understand how success is measured for the work being executed.","Indotrading is the No. 1 B2B & B2G Marketplace Site in Indonesia where we are a Business directory that connects exporters, importers, manufactures, dealers, wholesalers, agents, suppliers and trading in one platform and platform. 
 Indotrading makes it easy for companies to transact with each other. Supported by the latest technology, we are always ready to innovate and create new features on our site. 
 Our Vision is to be the Best Trade Site in Indonesia and the only reference for the world of commerce in finding products online. 
 At present thousands of companies have registered and used our site facilities and we are growing very rapidly.  
 Our team consists of young talents who are always ready to innovate, learn endlessly, and work hard to build a world-class site. 
 For more information, please visit our website at www.indotrading.com 
 Together We Can, come and join with our best Team!","bpjs tenaga kerja insurance and health, career growth, sales commission financial benefits, perform bonus financial benefits, thr financial benefits",True,https://glints.com/id/opportunities/jobs/frontend-developer/d36db710-0678-4eac-9a22-17b86cab267a,html reactjs frontend development jquery javascript typescript vuejs css frontend architecture
Fullstack Developer (Laravel-Vue-MSSQL),Information Technology and Services,FULL_TIME,Full Stack Developer,2026-03-31T04:00:57.292Z,2026-05-01,PT ESKALINK,http://eskalink.com,https://images.glints.com/unsafe/glints-dashboard.oss-ap-southeast-1.aliyuncs.com/company-logo/c69ddbdc3710f956ef0b1ec437008581.png,"Pusat Bisnis Thamrin City, 6th Floor Jl. Thamrin Boulevard Jakarta 10230 Indonesia",Jakarta Pusat,DKI Jakarta,ID,-6.20556,106.81111,6000000.0,8500000.0,IDR,MONTH,"Python, Vue.js, MongoDB, Microsoft SQL Server, Go / Golang, Node.js, REST API, Redis, Laravel",12.0,bachelor degree,"Job Description 
 
 Develop and maintain reliable and scalable software solutions to support ERP system requirements, including new feature development, debugging, and application performance optimization. 
 Develop new ERP features based on operational requirements analysis and current industry trends to improve overall business process efficiency. 
 Write and maintain clean, modular, and scalable code for responsive web applications that perform optimally across both web and mobile platforms. 
 Implement application security best practices and data protection standards, particularly in handling sensitive information within ERP systems. 
 Design and implement efficient, well-structured data storage architectures that support seamless integration across ERP modules. 
 Collaborate closely with UI/UX designers, product managers, and system administrators throughout the requirements analysis, system design, and cross-module ERP feature implementation processes. 
 Maintain clear, professional, and effective communication with cross-functional teams to ensure shared understanding of requirements, priorities, and technical solutions. 
 
 
 Job Requirements 
 
 Bachelor’s degree (S1 or equivalent) in Computer Science, Information Systems, Information Technology, or a related field. 
 Minimum of 1 year of experience as a software engineer, backend developer, or frontend developer; prior experience in ERP system development is a strong advantage. 
 Proficiency in server-side development using technologies such as Node.js, Python, Go Lang, or PHP. 
 Experience managing relational databases such as MySQL and SQL Server, with a solid understanding of data schemas commonly used in ERP systems. 
 Familiarity with cloud services and hosting platforms such as AWS, including deployment, monitoring, and scaling practices. 
 Strong verbal and written communication skills, with the ability to clearly convey technical concepts and business requirements to both technical and non-technical stakeholders. 
 Excellent analytical and problem-solving skills, with the ability to work effectively in cross-functional teams using an agile approach. 
 
 
 Tahapan recruitment 
 
 Psikotest online 
 Technical test & interview (jika lolos tahap 1) 
 HR interview online (jika lolos tahap 2) 
 Job Offering (jika lolos tahap 3) 
 
 
 Batas aplikasi 17 April 2026","PT. ESKA LINK, also known as Eskalink or ESKA, has been founded in 2011. 
PT. ESKA LINK operates as a System Integrator and IT Consultant company.","near public transport work environment and facilities, bpjs tenaga kerja insurance and health, meal allowance financial benefits, travel, medical coverage, thr financial benefits",True,https://glints.com/id/opportunities/jobs/fullstack-developer-(laravel-vue-mssql)/ad906937-85be-4cf2-b833-d03a66efe2ba,python vuejs mongodb microsoft sql server go golang nodejs rest api redis laravel
Web Developer,Design,FULL_TIME,Full Stack Developer,2026-03-30T04:01:28.769Z,2026-04-30,PT Delightly Digital Solusi,http://delightly.id,https://images.glints.com/unsafe/glints-dashboard.oss-ap-southeast-1.aliyuncs.com/company-logo/6ed90a284ba1d19e4ce84edbdcfee656.png,"Komplek Cimindi Raya Blok C-11, RT 04 RW 04, Kelurahan Pasir Kaliki, Kecamatan Cimahi Utara, Kota Cimahi, Provinsi Jawa Barat",Cimahi,Jawa Barat,ID,-6.8625,107.55083,2500000.0,4000000.0,IDR,MONTH,"CSS, JavaScript, HTML, MySQL, WordPress Development",12.0,high school,"Web Developer 
 
 Kami sedang mencari Web Developer yang mampu mengerjakan website dengan rapi, cepat, dan sesuai kebutuhan perusahaan maupun klien. Posisi ini cocok untuk kandidat yang memahami alur development dari awal hingga revisi, terbiasa bekerja berdasarkan brief, mampu mengejar target, dan siap mengikuti sistem kerja perusahaan. 
 
 Job Description 
 • Membangun dan mengembangkan website sesuai brief dan kebutuhan project 
 • Melakukan update, perbaikan, dan maintenance website 
 • Memastikan website berjalan dengan baik, responsif, dan user-friendly 
 • Bekerja sama dengan tim desain, content, dan admin untuk kebutuhan project 
 • Menyelesaikan pekerjaan sesuai deadline, target, dan SOP perusahaan 
 
 Kualifikasi 
 • Berpengalaman minimal 1 tahun sebagai Web Developer 
 • Menguasai HTML, CSS, JavaScript, dan teknologi pendukung lainnya 
 • Terbiasa menggunakan WordPress dan Elementor, termasuk tema, plugin, page builder, dan basic editing PHP 
 • Memiliki pemahaman yang baik tentang technical SEO dan optimasi website 
 • Memiliki pengalaman mengelola lingkungan web hosting seperti cPanel, Plesk, VPS, atau cloud hosting 
 • Memiliki basic skill copywriting 
 • Paham membuat website yang responsif, rapi, dan fungsional 
 • Terbiasa bekerja berdasarkan brief, revisi, dan deadline 
 • Memiliki problem solving dan troubleshooting yang baik 
 • Teliti, disiplin, komunikatif, dan bertanggung jawab 
 • Siap mengikuti alur kerja perusahaan 
 
 Nilai Plus 
 • Memahami atau pernah mengerjakan AI Agent 
 • Memiliki pengalaman integrasi AI ke website atau sistem kerja 
 • Kemampuan coding yang kuat sangat disukai 
 • Terbiasa mengerjakan project end-to-end dari frontend sampai backend menjadi nilai tambah 
 
 Persyaratan Wajib 
 • Lampirkan portfolio website atau project yang pernah dikerjakan",agensi yang membantu ukm untuk bertumbuh bersama.,"thr financial benefits, professional development, travel, meal allowance financial benefits, perform bonus financial benefits",True,https://glints.com/id/opportunities/jobs/web-developer/bc9861bb-d7f7-4e51-bafc-cdce7579e5c8,css javascript html mysql wordpress development
Java Springboot Developer,Information Technology and Services,CONTRACTOR,Backend Developer,2026-03-13T09:30:55.673Z,2026-04-13,PT Sigma Global Teknologi,https://www.sigma-tech.co.id,https://images.glints.com/unsafe/glints-dashboard.oss-ap-southeast-1.aliyuncs.com/company-logo/3aba5816b8ecfbb79a395592af581035.png,"Sona Topas Tower Lt. 12, Jl. Jend. Sudirman, RT.4/RW.2, Kuningan, Kota Jakarta Selatan, Daerah Khusus Ibukota Jakarta 12920",Jakarta Utara,DKI Jakarta,ID,-6.16111,106.90417,10000000.0,10500000.0,IDR,MONTH,"Backend Development, Spring Framework, Spring Boot, Java",36.0,bachelor degree,"Qualification: 
 
1. Bachelor degree in IT major with min. GPA 3.00/4.00 
 
 2. Skills: 
 a.Familiar using Eclipse, Intellij or VSCode 
 b.Strong Computer Science fundamentals, algorithm and logical skill 
 c.Experience with Java programming language 
 d.Experience with Spring Boot Framework 
 e.Experience with Spring MVC is a plus 
 
 3.Interpersonal and Communication skill 
 a.Extremely personable and collaborative, a real team player 
 b.Eager to learn 
 c.Not giving up easily 
 d.Strong commitment in completing assignment 
 e.Active & Creative 
 f.Thorough and conscientious – maintaining a good attention to detail 
 g.Capable of prioritizing your own workload to ensure deadlines are met – highly organized 
 h.Natural capacity for analytical thinking and problem solving 
 
 4. Analytical Skill 
 a. Good OOP software design & pattern 
 5. Experience: Minimum 2 Years","SIGMATECH is the enterprise technology partner of choice for software development, delivering a broad range of web, mobile, and desktop controls coupled with a service-oriented approach throughout the entire application life cycle. 
 SIGMATECH consists of highly skilled developers specializing in agile development methodology, focusing on Mobile & Web Solution, IT Services and business enterprise, utilizing modern programming languages as our platform. SIGMATECH has established itself as the trusted partner for use in mission-critical applications and service clientele from global insurance companies, government agencies and large consumer product manufacturers. 
 Our Vision : 
 To be the most reputable and dependable growth solution partner both for IT Professional Talents and Client's Businesses worldwide 
 Our Mission : 
 To be the most reputable and dependable growth solution partner both for IT Professional Talents and Client's Businesses worldwide 
 To be the most reputable and dependable growth solution partner both for IT Professional Talents and Client's Businesses worldwide","medical coverage, bpjs tenaga kerja insurance and health, meal allowance financial benefits, work station, travel, near public transport work environment and facilities, thr financial benefits",True,https://glints.com/id/opportunities/jobs/java-springboot-developer/9192f635-c056-4fa1-8262-9d7db58b80b3,backend development spring framework spring boot java
Flutter Developer,Education Management,FULL_TIME,Flutter Developer,2026-03-05T07:43:28.059Z,2026-05-09,College of Contract Management United Kingdom,https://www.theccm.co.uk,https://images.glints.com/unsafe/glints-dashboard.oss-ap-southeast-1.aliyuncs.com/company-logo/d9390a39809bbea06e282dd4c45c0c9c.jpg,"International Financial Centre 2, Lantai 19,  Jl. Jenderal Sudirman No.Kav. 22-23, RT.10/RW.1, Kuningan, Karet, Kecamatan Setiabudi, Kota Jakarta Selatan, Daerah Khusus Ibukota Jakarta 12920",Jakarta Selatan,DKI Jakarta,ID,-6.21944,106.82917,6000000.0,8000000.0,IDR,MONTH,"Restful API, Mobile UI Design, Flutter, Mobile Development, Dart",12.0,high school,"Flutter Developer (Onsite – Jakarta) 
 
 Full-Time | Software Engineer – Mobile App 
 
 We are expanding our technology team and seeking a skilled Flutter Developer to join us in our Jakarta office. This role is ideal for someone with strong experience in mobile development using Flutter and Dart, and who enjoys building high-quality, user-focused mobile applications. 
 
 Job Description 
 
 As a Flutter Developer, you will be responsible for designing, developing, and maintaining mobile applications (cross-platform for Android & iOS). You will work closely with product, design, and backend teams to deliver reliable, scalable, and responsive apps that meet business objectives. 
 
 Key Responsibilities 
 
 
 Develop and maintain mobile applications using Flutter & Dart 
 Write clean, efficient, and maintainable code 
 Collaborate with designers and backend developers to implement features 
 Perform testing, debugging, and performance optimization 
 Ensure application security and data protection 
 Participate in code reviews and technical discussions 
 Maintain documentation and follow development best practices 
 
 
 Requirements 
 
 
 Proven experience as a Mobile App Developer or Flutter Developer 
 Strong proficiency in Flutter & Dart 
 Familiarity with API integration and backend communication 
 Solid understanding of software development principles and best practices 
 Ability to work collaboratively in an office-based team environment 
 Good problem-solving skills and attention to detail 
 Good English communication skills 
 Full-time availability (not currently studying) 
 
 
 Why Join Us? 
 
 
 Professional and collaborative office environment 
 Opportunity to work on real-world, production-level mobile applications 
 Supportive team culture and knowledge sharing 
 Clear career growth opportunities based on performance 
 
 
 How to Apply 
 
 Please submit your CV and portfolio/GitHub link via Glints. Only shortlisted candidates will be contacted.","College of Contract Management in the United Kingdom is a leading college This is a leading college for Engineering, Construction, Business, Management, IT, Marketing and Short courses for learners worldwide. 
 
As a global organisation, it provides live online and face to face courses to students all over the world. It offers diploma level courses in Quantity Surveying, Structural Engineering, Cost Engineering, Human Resources, Web Design and Web Development, Human Resources and Construction Management and to provide a wealth of young talent and skills to the industry. In addition, it offers a postgraduate level professional diploma course in Contract Management, Forensic Schedule Analysis, Digital Marketing, and Cyber Security; and provides the professionals of the future who will go on to achieve bright careers and may become energetic global leaders.",thr financial benefits,True,https://glints.com/id/opportunities/jobs/flutter-developer/e57aae15-619a-4856-b462-b170c639bf56,restful api mobile ui design flutter mobile development dart
Java Springboot Developer,Information Technology and Services,CONTRACTOR,Backend Developer,2026-03-31T08:12:20.757Z,2026-05-01,PT Sigma Global Teknologi,https://www.sigma-tech.co.id,https://images.glints.com/unsafe/glints-dashboard.oss-ap-southeast-1.aliyuncs.com/company-logo/3aba5816b8ecfbb79a395592af581035.png,"Sona Topas Tower Lt. 12, Jl. Jend. Sudirman, RT.4/RW.2, Kuningan, Kota Jakarta Selatan, Daerah Khusus Ibukota Jakarta 12920",Jakarta Selatan,DKI Jakarta,ID,-6.24861,106.77778,10000000.0,11000000.0,IDR,MONTH,"Java, Spring Boot, Spring Framework",36.0,bachelor degree,"Jobdesc: 
 - Mengembangkan sistem back-end yang andal dan efisien menggunakan Java dan framework Spring Boot. 
 - Menerapkan prinsip-prinsip pengembangan agile untuk memastikan proyek selesai tepat waktu dan sesuai spesifikasi. 
 - Kerja sama dengan tim frontend dan UX/UI untuk memastikan integrasi antar layanan yang mulus. 
 - Mengelola database dan infrastruktur back-end untuk memastikan skalabilitas dan performa aplikasi. 
 - Menganalisis masalah teknis dan merancang solusi yang efektif untuk memastikan aplikasi berjalan dengan lancar. 
 - Mendokumentasikan proses pengembangan dan memastikan dokumentasi kode tetap up-to-date. 
 
 Kualifikasi: 
 - Pendidikan minimal S1 dalam bidang teknologi informasi atau terkait. 
 - Pengalaman kerja antara 1 hingga 3 tahun dalam pengembangan sistem back-end. 
 - Keahlian dalam menggunakan Spring Framework, Java, dan Spring Boot. 
 - Kemampuan untuk bekerja dalam tim dan komunikasi yang baik dengan klien serta rekan kerja. 
 - Minimalkan pengalaman dalam pengembangan sistem berbasis web dan pengelolaan database. 
 - Minimalkan pengalaman dalam penggunaan alat pengembangan seperti IDE dan CI/CD.","SIGMATECH is the enterprise technology partner of choice for software development, delivering a broad range of web, mobile, and desktop controls coupled with a service-oriented approach throughout the entire application life cycle. 
 SIGMATECH consists of highly skilled developers specializing in agile development methodology, focusing on Mobile & Web Solution, IT Services and business enterprise, utilizing modern programming languages as our platform. SIGMATECH has established itself as the trusted partner for use in mission-critical applications and service clientele from global insurance companies, government agencies and large consumer product manufacturers. 
 Our Vision : 
 To be the most reputable and dependable growth solution partner both for IT Professional Talents and Client's Businesses worldwide 
 Our Mission : 
 To be the most reputable and dependable growth solution partner both for IT Professional Talents and Client's Businesses worldwide 
 To be the most reputable and dependable growth solution partner both for IT Professional Talents and Client's Businesses worldwide","thr financial benefits, travel, medical coverage, bpjs tenaga kerja insurance and health, work station",True,https://glints.com/id/opportunities/jobs/java-springboot-developer/edeb40b7-264b-4fc4-bd21-4725f80ec035,java spring boot spring framework
Backend Software Engineer (Growth Path to Ruby on Rails),Marketing and Advertising,FULL_TIME,Backend Developer,2026-03-13T23:31:09.617Z,2026-04-13,"Appservation Co., Ltd",https://web.hungryhub.com,https://images.glints.com/unsafe/glints-dashboard.oss-ap-southeast-1.aliyuncs.com/company-logo/907de502edbd8af98304c0574c3bcd59.jpg,"No.38, Floor 4, Chavanich Building, Sukhumvit 69, Phra Khanong Nuea, Watthana, Bangkok 10110",Jakarta Pusat,DKI Jakarta,ID,-6.19444,106.83333,6800000.0,10200000.0,IDR,MONTH,"PHP, Python, MySQL, Laravel, Ruby on Rails",12.0,bachelor degree,"Role Overview 
 
 We're looking for a Backend Software Engineer with strong fundamentals in any backend language (Go, Python, PHP/Laravel, Node.js, Java, or similar) who wants to grow into Ruby on Rails. You don't need prior Rails experience — we provide a structured 4-week onboarding program with pair programming and mentoring from senior engineers. 
 
 You will join the team that owns our consumer-facing application: product discovery, booking flow, payment flow, reviews, and user account management. You will take ownership of features from design through deployment and maintenance, working closely with Product, QA, and DevOps. 
 
 What You'll Do 
 
 - Develop and maintain backend features in our Rails monolith and contribute to Go/TypeScript microservices 
 - Design scalable, high-performance data models and APIs 
 - Improve codebase quality by implementing best practices and reducing technical debt 
 - Drive improvements to key parts of the application (e.g., booking and payment flows) to enhance performance 
 - Participate in breaking down our monolith into well-designed services where it makes sense 
 - Own rollout strategies for new features: staging, testing, deployment, monitoring, and rollback plans 
 - Drive and participate in code reviews; uphold and improve coding standards 
 - Collaborate closely with Product Managers, QA, DevOps, and Data teams 
 
 Our Tech Stack 
 
 - Ruby on Rails (primary — you will learn this) 
 - MySQL Aurora, Memcached, Redis 
 - Sidekiq for background jobs 
 - Elasticsearch for search 
 - AWS: EC2, RDS, S3, EKS 
 - Go and TypeScript for microservices 
 
 What We're Looking For 
 
 - 2+ years of backend development experience in any language (Go, Python, PHP, Node.js, Java, etc.) 
 - Strong understanding of MVC architecture, REST APIs, and relational databases (MySQL or similar) 
 - Experience building and optimizing consumer-facing web applications 
 - Comfort owning features end-to-end: design, implementation, rollout, and monitoring 
 - Experience improving existing codebases, not just greenfield work 
 - Excellent communication skills; able to push back constructively on unclear requirements 
 - Growth mindset — enthusiastic about learning new technologies 
 
 Nice to Have 
 
 - Experience with Ruby on Rails 
 - Experience with cloud infrastructure (AWS) 
 - Experience with message queues (Kafka/Redis) 
 - Experience with Docker/Kubernetes 
 
 What We Offer 
 
 - Structured Rails onboarding program (4 weeks dedicated learning) 
 - Pair programming with senior engineers 
 - AI-assisted development tools (GitHub Copilot, Claude Code) 
 - Career growth at a profitable restaurant marketplace (Bangkok & Singapore) 
 - Remote-first work setup 
 - Core hours overlap: 10:00-18:00 GMT+7 
 - Working language: English 
 
 How You Work (Culture Fit) 
 
 - Low-ego and collaborative: you care about the best solution, not being right 
 - Proactive: you take initiative with the team's support and context 
 - Candid: you give and receive constructive feedback openly 
 - Data-driven: you lean on metrics and evidence 
 - User-focused: you care about the experience for real users 
 - Continuous learner and team player","HungryHub is a dynamic and fast-growing startup based in Thailand, dedicated to reshaping the restaurant industry. As a premier restaurant reservation platform, we specialize in providing diners with unique fixed-price menus and hassle-free booking experiences. Our mission is to empower restaurants and food enthusiasts by bridging the gap between technology and exceptional dining. 
 At HungryHub, we thrive on innovation, collaboration, and a customer-centric approach. Our talented team of engineers, designers, and strategists work together to create impactful solutions that elevate the dining experience for both restaurants and customers. Whether you’re a tech enthusiast or a foodie at heart, HungryHub offers an exciting opportunity to make a meaningful impact in the restaurant industry while growing your career in a supportive and forward-thinking environment.","professional development, team building events, remote work, perform bonus financial benefits, career growth",True,https://glints.com/id/opportunities/jobs/backend-software-engineer-(growth-path-to-ruby-on-rails)/3bc338fa-773a-4363-a8b3-edfb6bc3f9be,php python mysql laravel ruby rails
Front-end Developer,Retail,FULL_TIME,Frontend Developer,2026-04-08T02:40:33.3Z,2026-05-09,PT Sumber Sinergi Makmur,http://www.foxlogger.com,https://images.glints.com/unsafe/glints-dashboard.oss-ap-southeast-1.aliyuncs.com/company-logo/9d2705b0ca6d577addd5742267b0da67.jpeg,"Jl. Cideng Barat No.31A, Cideng, Kecamatan Gambir, Kota Jakarta Pusat, Daerah Khusus Ibukota Jakarta 10150",Jakarta Pusat,DKI Jakarta,ID,-6.17083,106.81806,5000000.0,7000000.0,IDR,MONTH,"TypeScript, Responsive Web Design, JavaScript, Flutter, Teamwork, GIT, REST API",12.0,bachelor degree,"Kualifikasi :  
 
 Pendidikan S1 Teknik Informatika atau bidang terkait. 
 Minimal 1 tahun pengalaman sebagai frontend developer. 
 Berpengalaman menggunakan Flutter (State management BLOC). 
 Menguasai JavaScript / TypeScript from scratch tanpa framework. 
 Memahami REST API integration. 
 Memahami Git / version control. 
 Memahami responsive design dan mobile-first design. 
 Memiliki Portofolio menjadi nilai plus. 
 Bersedia untuk WFO, penempatan Cideng, Jakarta Pusat 
 
 
 Deskripsi Pekerjaan : 
 
 Mengembangkan frontend web menggunakan JavaScript 
 Mengembangkan aplikasi mobile menggunakan Flutter (Android & iOS). 
 Mengintegrasikan frontend dengan REST API dari backend. 
 Membuat UI yang responsif dan user-friendly. 
 Melakukan debugging dan optimasi performa aplikasi. 
 Berkolaborasi dengan tim backend, designer, dan product manager. 
 Menulis kode yang clean, modular, dan mudah di-maintain.",PT. Sumber Sinergi Makmur Tbk (Fox Logger GPS Tracker) merupakan sebuah perusahaan penyedia layanan GPS Tracker berbasis Internet of Things (IoT). Kami berkomitmen secara konsisten untuk terus menyediakan produk tercanggih dan terbarukan bagi kebutuhan pelanggan.,"bpjs tenaga kerja insurance and health, user defined, thr financial benefits, medical coverage, near public transport work environment and facilities, work station",True,https://glints.com/id/opportunities/jobs/front-end-developer/72b85822-ee13-4266-8c57-c36b0417acdd,typescript responsive web design javascript flutter teamwork git rest api
Android Developer (automotive industry),Information Technology and Services,CONTRACTOR,Backend Developer,2026-03-18T03:17:21.688Z,2026-04-18,PT Sigma Global Teknologi,https://www.sigma-tech.co.id,https://images.glints.com/unsafe/glints-dashboard.oss-ap-southeast-1.aliyuncs.com/company-logo/3aba5816b8ecfbb79a395592af581035.png,"Sona Topas Tower Lt. 12, Jl. Jend. Sudirman, RT.4/RW.2, Kuningan, Kota Jakarta Selatan, Daerah Khusus Ibukota Jakarta 12920",Jakarta Selatan,DKI Jakarta,ID,-6.21944,106.82917,7000000.0,10000000.0,IDR,MONTH,"Android Development, Kotlin, React Native, GraphQL, MySQL, Java, Object-Oriented Programming (OOP), Flutter",36.0,bachelor degree,"Sigma Tech is hiring for one of client for position Android Developer 
 this position will be placed onsite at Sigma tech client (PT Astra International Tbk Jl. Gaya Motor Raya No. 8 Sunter II, Jakarta Utara 14330) 
 
 Requirement: 
 1. Min S1 (Min GPA 3.00) 
 2. Technical Skill: 
 • MVVM, Clean Architecture, Clean Code, SOLID Principle 
 • Remote data using RESTful APIs, GraphQL, and Local data using room database 
 • Kotlin, Android Jetpack 
 • Reactive Programming, Dependency Injection 
 • Android Studio IDE, NDK, SDK 
 • Unit Testing is a plus 
 3. Other / Analytical Skill: 
 • Good OOP Concept, debugging analysis and understanding of Android Life Cycle 
 • Security Concept (obfuscate, proguard, top 10 OWAPS) 
 • Sonarqube 
 • Ability to work comfortably in a fast-paced, agile team development environment 
 • Experience in GITFLOW(GIT) 
 • Develop animation, transitions and interaction for UI and visual elements 
 • Problem solving 
 • Graduated from developer bootcamp associated to google authorized partner like decoding, bangkit is a plus 
 4. Softskill: 
 • Good communication 
 • Can work independently and coordinate with the team 
 • Eager to learn and up-to-date latest technology 
 • Not giving up easily 
 • Strong commitment in completing assignment 
 • Fast learner and have a good logic 
 5. Experience: min. 2 years 
 6. Max Age: 30 years old 
 
 Jobdesc: 
1. Develop application for project and change requests. 
 2. Bug Fixing 
 3. Create Documentation 
 4. Internal and support testing","SIGMATECH is the enterprise technology partner of choice for software development, delivering a broad range of web, mobile, and desktop controls coupled with a service-oriented approach throughout the entire application life cycle. 
 SIGMATECH consists of highly skilled developers specializing in agile development methodology, focusing on Mobile & Web Solution, IT Services and business enterprise, utilizing modern programming languages as our platform. SIGMATECH has established itself as the trusted partner for use in mission-critical applications and service clientele from global insurance companies, government agencies and large consumer product manufacturers. 
 Our Vision : 
 To be the most reputable and dependable growth solution partner both for IT Professional Talents and Client's Businesses worldwide 
 Our Mission : 
 To be the most reputable and dependable growth solution partner both for IT Professional Talents and Client's Businesses worldwide 
 To be the most reputable and dependable growth solution partner both for IT Professional Talents and Client's Businesses worldwide","thr financial benefits, medical coverage, bpjs tenaga kerja insurance and health, travel",True,https://glints.com/id/opportunities/jobs/android-developer-(automotive-industry)/95718fbf-c1df-4152-b436-db8b56c9be43,android development kotlin react native graphql mysql java objectoriented programming oop flutter
Fullstack Developer (Internship),Computer Software,INTERN,Full Stack Developer,2026-01-26T06:19:42.879Z,2026-04-26,DATA POLIS,https://datapolis.id,https://images.glints.com/unsafe/glints-dashboard.oss-ap-southeast-1.aliyuncs.com/company-logo/a9a830cd163eb9bccee665d0e06ee616.png,"MTH Square, GF A4/A Jl. Letjen M.T. Haryono No. Kav 10, Jakarta Timur 13330, Jakarta Timur, DKI Jakarta, 13330, Indonesia",Jakarta Timur,DKI Jakarta,ID,-6.22778,106.87778,1000000.0,1000001.0,IDR,MONTH,"PostgreSQL, Microsoft SQL Server, MongoDB, React.js, JavaScript, Node.js, jQuery, MySQL, Laravel, C++",12.0,bachelor degree,"Kualifikasi 
 
 Mahasiswa semester akhir atau fresh graduate (diutamakan) 
 Memiliki semangat belajar tinggi dan antusias mengeksplorasi teknologi baru  
Backend (Wajib): Node.js atau Laravel  
Frontend: Paham dasar React.js (mampu consume API) 
Database: Mengerti dasar SQL (MySQL/Post gresQL) 
Tools: Terbiasa menggunakan Git dan 
PostmanNilai Plus: Paham Golang 
 
 Scope Magang 
 • Membantu pengembangan fitur dan maintenance aplikasi internal/produk 
 • Membuat, mengetes, dan mendokumentasikan endpoint API 
 • Membantu integrasi API ke frontend dan pengolahan data dasar 
 • Ikut proses debugging, perbaikan bug, dan optimasi sederhana 
 • Berkolaborasi dengan tim terkait untuk kebutuhan teknis harian 
 
 Tanggung Jawab 
 • Mengembangkan dan mengelola REST API Integrasi API ke frontend berbasis React Troubleshooting dan perbaikan bug pada aplikasi",Data Teknologi Terintegrasi Indonesia is a Software Development Company based in Jakarta. We are focusing on finance-related industries. We build enterprise web-based solutions from banking to insurance companies. We love solving tough problems – from user experience to design and code.,"remote work, flexible work hours, team building events",True,https://glints.com/id/opportunities/jobs/fullstack-developer-(internship)/d380255f-3794-446c-82b5-12e97f69183a,postgresql microsoft sql server mongodb reactjs javascript nodejs jquery mysql laravel c
Full Stack Developer,Computer Software,FULL_TIME,Full Stack Developer,2026-03-12T02:57:51.528Z,2026-04-12,PT Arlita Persada Indonesia,http://arlitapersada.id,https://images.glints.com/unsafe/glints-dashboard.oss-ap-southeast-1.aliyuncs.com/company-logo/5b04c8fc1964d670c70df5f53dbbddd6.png,"Gedung Artha Graha, Jl. Jenderal Sudirman, RT.5/RW.3, Senayan, Kec. Kby. Baru, Kota Jakarta Selatan, Daerah Khusus Ibukota Jakarta 12190",Bekasi,Jawa Barat,ID,-6.30722,107.01611,4170000.0,6255000.0,IDR,MONTH,".NET, React.js, Python, PHP, PostgreSQL",12.0,high school,"PT Arlita Persada Indonesia adalah perusahaan yang berfokus pada Internet of Things (IoT), menyediakan solusi digital yang canggih dan terhubung untuk meningkatkan efisiensi, keamanan, dan kenyamanan. Dengan komitmen untuk inovasi terdepan, kami mencari individu yang berbakat dan bersemangat untuk bergabung dalam tim kami di Mustika Jaya, Bekasi, Jawa Barat. Kami percaya bahwa dengan bekerja sama, kita dapat menciptakan teknologi yang lebih baik untuk dunia. Keberhasilan Anda adalah keberhasilan kami, dan kami ingin Anda menjadi bagian dari perjalanan ini. 
 
 Sebagai Full Stack Developer, Anda akan bertanggung jawab atas pengembangan aplikasi web dan desktop yang memadukan front-end dan back-end. Tugas-tugas utama Anda akan mencakup merancang arsitektur sistem, mengimplementasikan fitur-fitur baru, memastikan kinerja optimal, serta memperbaiki bug dan masalah teknis. Anda juga akan bekerja sama dengan tim untuk memastikan bahwa semua aspek teknis dari proyek kami sesuai dengan standar tertinggi. Dengan posisi ini, Anda akan memiliki kesempatan untuk berkembang dan belajar dari para profesional terkemuka dalam bidang IoT. 
 
 Kualifikasi untuk posisi Full Stack Developer ini termasuk pendidikan minimal SMA/SMK, dengan pengalaman kerja antara satu hingga tiga tahun. Keterampilan yang dibutuhkan meliputi .NET, PostgreSQL, Python, React.js, dan PHP. Kami menghargai keterampilan Anda dan bakat Anda, dan bersedia memberikan peluang untuk pengembangan pribadi. Meskipun spesifikasi yang diperlukan sangat spesifik, kami juga menghargai keterbukaan terhadap belajar dan adaptasi. Bersama kami, Anda dapat membuat perbedaan dalam industri teknologi.","Persada Indonesia is a company dedicated to the Internet of Things (IoT). We deliver leading-edge innovation by providing smart, digitally connected solutions to improve efficiency, safety and comfort.","travel, professional development, perform bonus financial benefits, medical coverage, thr financial benefits",True,https://glints.com/id/opportunities/jobs/full-stack-developer/a6239043-4a94-465e-8404-ad5828094382,net reactjs python php postgresql
Full Stack Developer,Computer Software,FULL_TIME,Full Stack Developer,2026-03-27T00:41:27.301Z,2026-04-27,DATA POLIS,https://datapolis.id,https://images.glints.com/unsafe/glints-dashboard.oss-ap-southeast-1.aliyuncs.com/company-logo/a9a830cd163eb9bccee665d0e06ee616.png,"MTH Square, GF A4/A Jl. Letjen M.T. Haryono No. Kav 10, Jakarta Timur 13330, Jakarta Timur, DKI Jakarta, 13330, Indonesia",Jakarta Timur,DKI Jakarta,ID,-6.22778,106.87778,3500000.0,4500000.0,IDR,MONTH,"Laravel, React.js, JavaScript, Microsoft SQL Server, PostgreSQL, C++, MySQL, Node.js, jQuery",12.0,bachelor degree,"Kualifikasi 
 fresh graduate dan penagalaman 1-3 thn (diutamakan) 
 Memiliki semangat belajar tinggi dan antusias mengeksplorasi teknologi baru  
 Backend (Wajib): Node.js atau Laravel  
 Frontend: Paham dasar React.js (mampu consume API) 
 Database: Mengerti dasar SQL (MySQL/Post gresQL) 
 Tools: Terbiasa menggunakan Git dan 
 PostmanNilai Plus: Paham Golang 
 Scope Magang 
 • Membantu pengembangan fitur dan maintenance aplikasi internal/produk 
 • Membuat, mengetes, dan mendokumentasikan endpoint API 
 • Membantu integrasi API ke frontend dan pengolahan data dasar 
 • Ikut proses debugging, perbaikan bug, dan optimasi sederhana 
 • Berkolaborasi dengan tim terkait untuk kebutuhan teknis harian 
 
 Tanggung Jawab 
 • Mengembangkan dan mengelola REST API Integrasi API ke frontend berbasis React Troubleshooting dan perbaikan bug pada aplikasi",Data Teknologi Terintegrasi Indonesia is a Software Development Company based in Jakarta. We are focusing on finance-related industries. We build enterprise web-based solutions from banking to insurance companies. We love solving tough problems – from user experience to design and code.,"medical coverage, team building events, thr financial benefits, remote work, bpjs tenaga kerja insurance and health",True,https://glints.com/id/opportunities/jobs/full-stack-developer/7fd0441b-d7c0-4daf-84aa-852b3a414f23,laravel reactjs javascript microsoft sql server postgresql c mysql nodejs jquery
React Native Developer,Information Technology and Services,FULL_TIME,Mobile Developer,2026-04-01T02:39:03.319Z,2026-05-02,Pt Kreator Solusi Informasi,http://www.kreators.com,https://images.glints.com/unsafe/glints-dashboard.oss-ap-southeast-1.aliyuncs.com/company-logo/100e00d7d73862701aae99912207ca06.png,"Ruko Manyar Megah Indah Plaza H-7, Jl Ngagel Jaya Selatan, Kel. Baratajaya, Kec. Gubeng",Jakarta Timur,DKI Jakarta,ID,-6.18889,106.94167,5400000.0,6500000.0,IDR,MONTH,"Restful API, Android Testing, Mobile UI Design, React Native, SQL, Android Development, GIT, Java",12.0,professional certificate,"PENEMPATAN : JAKARTA TIMUR DAN SURABAYA 
 
 Tugas Utama: 
 
 Mengembangkan aplikasi mobile dengan fokus pada platform Android. 
 Menyediakan pengujian dan pemeliharaan aplikasi untuk memastikan kualitas terbaik. 
 Kerja sama dengan tim untuk mengidentifikasi dan memecahkan masalah teknis. 
 Memperbarui dokumentasi teknis untuk memastikan semua tim memiliki pemahaman yang jelas tentang aplikasi. 
 
 
 Kualifikasi: 
 
 Menguasai React Native. 
 Menguasai Java. 
 Menguasai Android Debug Bridge. 
 Menguasai Tabel dan Query SQL. 
 Menguasai GIT VERSION CONTROL. 
 Menguasai Android Development.","Kami   adalah sekumpulan professional di bidang teknologi informasi di   Surabaya.        Visi kami adalah menjadi   perusahaan software development yang dinamis dengan didukung tenaga   profesional di bidangnya untuk   memberikan solusi terbaik bagi channel kami dan masyarakat.          Misi kami menjadi perusahaan   yang tumbuh secara sehat melalui produk-produk solusi IT yang dapat diterima   oleh masyarakat dan memotivasi seluruh elemen di dalamnya untuk berkreasi   secara   berkesinambungan dalam   mendeliver solusi terbaik sesuai dengan perkembangan teknologi dan   kebutuhan masyarakat. 
 Kami juga merupakan Partner dari PT TERA DATA INDONUSA (AXIOO BRAND) sehingga tidak perlu diragukan lagi untuk Kemampuan dan Kinerja perusahaan kami.","medical coverage, bpjs tenaga kerja insurance and health",True,https://glints.com/id/opportunities/jobs/react-native-developer/775b6349-863f-4cfe-a235-23ba089f6da3,restful api android testing mobile ui design react native sql android development git java
Lead Developer,Real Estate,FULL_TIME,Full Stack Developer,2026-04-02T01:00:48.641Z,2026-05-03,PT GLOBAL INDO ASETS,https://asets.co.id/,https://images.glints.com/unsafe/glints-dashboard.oss-ap-southeast-1.aliyuncs.com/company-logo/d5c3c46f71b61d4efd2b5e112cb14b76.jpeg,"Gatot Subroto Branch:
 Gatot Subroto Residence , Jalan Tegal Parang V- South Jakarta",Jakarta Selatan,DKI Jakarta,ID,-6.29028,106.82639,1000000.0,5000000.0,IDR,MONTH,"Backend Development, Teamwork, JavaScript, Frontend Development, Public Speaking, Presentation Skills, Laravel, React.js, Node.js, MongoDB, Restful API, MySQL",12.0,bachelor degree,"PT Global Indo Asets, a dynamic company operating in the realms of property and technology, is expanding its team with a new position for a Full Stack Developer and Lead Developer. Our company is at the forefront of integrating cutting-edge technology into real estate solutions, aiming to revolutionize how properties are managed and marketed. By joining our team, you will be part of an innovative environment where your expertise can shape the future of technology-driven property management. We are looking for a candidate who is passionate about leveraging technology to enhance property solutions and who thrives in a fast-paced, collaborative setting. 
 
 As a Full Stack Developer and Lead Developer, you will be responsible for designing, developing, and maintaining scalable and efficient web applications. Your role will involve working closely with cross-functional teams to ensure smooth project delivery. Key and prioritize features. 
 - Writing clean, maintainable code using technologies such as Node.js, JavaScript, MySQL, React.js, and Frontend Development. 
 - Implementing backend development using technologies like Laravel and Restful API. 
 - Ensuring seamless integration of frontend and backend systems. 
 - Providing leadership and mentorship to junior developers. 
 - Participating in code reviews and contributing to technical documentation. 
 - Presenting project updates and technical insights to stakeholders through effective public speaking and presentation skills. 
 
 We are seeking candidates who meet the following qualifications: 
 
 Candidates must possess a Bachelor's degree and have between 1 and 3 years of relevant experience. Essential skills include proficiency in Node.js, JavaScript, MySQL, React.js, Backend Development, Laravel, MongoDB, Restful API, Frontend Development, and strong teamwork and presentation skills. If you are a motivated professional eager to contribute to a forward-thinking company, we encourage you to apply. PT Global Indo Asets offers a stimulating work environment where your contributions can make a significant impact.",PT Global Indo Asets adalah perusahan yang bergerak di bidang property dan teknologi.,"thr financial benefits, travel, professional development, career growth, sales commission financial benefits, near public transport work environment and facilities, meal allowance financial benefits, perform bonus financial benefits",True,https://glints.com/id/opportunities/jobs/lead-developer/13a7b7f4-b912-4543-8f6c-4685068e1dd4,backend development teamwork javascript frontend development public speaking presentation skills laravel reactjs nodejs mongodb restful api mysql
Full Stack Developer & SEO,Marketing and Advertising,FULL_TIME,Full Stack Developer,2026-04-07T10:15:21.126Z,2026-05-08,PT Berkat Berlimpah Bersatu,https://hugearns.com,https://images.glints.com/unsafe/glints-dashboard.oss-ap-southeast-1.aliyuncs.com/company-logo/8a3516129129062560f31f36056aee58.png,"JL. BATU TULIS IX NO. 19, KELURAHAN KEBON KELAPA, KECAMATAN GAMBIR",Jakarta Pusat,DKI Jakarta,ID,-6.17083,106.81806,100000.0,3000000.0,IDR,YEAR,"AI Systems, Laravel, Node.js, React.js, Search Engine Optimization (SEO), Microsoft SQL Server, MySQL, C++, jQuery, MongoDB, JavaScript, PostgreSQL",36.0,bachelor degree,"About the job of  Full-Stack Dev & SEO 
 
 Job Description 
 Drive revenue growth, market share, and profitability by leveraging deep category insights, including consumer trends, product innovation, seasonal demand, and competitive landscape across multiple online sales channels 
 Own and oversee brand profitability through disciplined P&L management, ensuring pricing, promotion mechanics, and product assortment align with business targets 
 Manage and optimize all online sales channels, including marketplace platforms and social commerce, to maximize visibility, conversion, and sales performance 
 Lead campaign and product launch excellence, ensuring strong planning, execution, and post-campaign evaluation across channels 
 Collaborate cross-functionally to ensure seamless execution and consistent brand presence online 
 Develop and maintain e-commerce websites and apps. 
 Payment gateway and ERP integration. 
 UI/UX optimization. 
 Database and server management. 
 API integration for system automation. 
 Ensure security and scalability. 
 Develop SEO, SEM, and other Google tools. 
 Design, develop, and maintain full-stack applications across front-end and back-end components. 
 Translate product or business requirements into practical and functional technical solutions. 
 Build responsive and maintainable front-end interfaces using modern frameworks. 
 Develop back-end services, APIs, and database integrations to support system functionality. 
 Use AI tools (e.g., code assistants, research tools, debugging tools) judiciously to increase development speed and code quality. 
 Conduct technical research to evaluate tools, frameworks, and approaches when solving new or unfamiliar problems. 
 Write clean, well-structured, and maintainable code that aligns with internal standards. 
 Collaborate with team members on system design, implementation, debugging, and optimization. 
 Participate in code reviews and contribute to improving development standards and workflows. 
 Troubleshoot issues across the stack and propose practical, scalable solutions. 
 Support continuous system improvement over short-term fixes. 
 
 Job Requirements 
 Bachelor’s degree from any major; preferably Business, Management, or Marketing 
 Minimum 2+ years of experience in a similar role in webdevelopment / Apps or within major e-commerce platforms in Indonesia 
 Strong and comprehensive understanding of website / apps & e-commerce operations, including social commerce (TikTok Shop, Instagram, etc.) 
 Excellent leadership and stakeholder management skills 
 Basic but solid understanding of P&L management and commercial decision-making 
 Comfortable with rapid experimentation, embracing new ideas, tools, and strategies to drive performance and growth 
 Proficient in Next.js, PHP, HTML, Laravel, Flutter. 
 MySQL, SQL/NoSQL/AWS/Azure. 
 Experience integrating ERP/CRM systems. 
 Experience working as a Full Stack Developer. 
 Proficient in using modern front-end frameworks (e.g., React, Vite, or similar). 
 Experience in back-end development (e.g., Node.js, Next JS, Python, or similar). 
 Familiarity with APIs, databases, and basic system integration. 
 Previous experience with PostgreSQL is a plus. 
 Ability to understand, navigate, and extend existing code databases. 
 Understanding the fundamentals of DevOps, deployment processes, or cloud environments. 
 Experience improving workflows or systems beyond assigned coding tasks 
 
 Mandatory : Share the same ethos for a more environmentally friendly lifestyle, and offline test with interview (Jakarta)","PT. Berkat Berlimpah Bersatu (HUGeARNS) is a limited liability company based in Jakarta Pusat, Indonesia, specializing in providing comprehensive marketing solutions. The company operates under the philosophy of being a one-stop solution for various marketing needs, including consulting, product provision, sales, promotion, branding advertising, and distribution. 
 
Services Offered 
 PT. Berkat Berlimpah Bersatu positions itself as a one-stop marketing solution provider. Their services encompass: 
 
 Consulting: Offering expert advice to businesses on marketing strategies. 
 Product Provision: Supplying various products tailored to client needs. 
 Sales and Promotion: Engaging in activities that drive sales through effective promotional strategies. 
 Branding Advertising: Helping businesses establish their brand identity through targeted advertising campaigns. 
 Distribution: Managing the logistics involved in delivering products to consumers. 
 
 The company’s commitment to sustainability is evident in its focus on using natural, renewable, eco-friendly, and non-toxic materials for its products and services.","career growth, travel, professional development, meal allowance financial benefits, team building events, vacation and leaves, mentorship career growth and workplace support, lifetime savings, gifts and vouchers, free uniform non financial benefits",True,https://glints.com/id/opportunities/jobs/full-stack-developer-&-seo/d03c6071-2e50-4d9d-8049-a824a9badc0d,ai systems laravel nodejs reactjs search engine optimization seo microsoft sql server mysql c jquery mongodb javascript postgresql
Backend Engineer (Onsite in Medan),Financial Services,FULL_TIME,Posisi Backend Lainnya,2026-03-31T03:19:02.609Z,2026-05-01,Topremit,http://www.topremit.com,https://images.glints.com/unsafe/glints-dashboard.oss-ap-southeast-1.aliyuncs.com/company-logo/e614e65e78bfefca817b6def79fa7602.png,"Jalan Asia Number 23/55, Medan",Medan,Sumatera Utara,ID,3.5625,98.69833,4100000.0,6000000.0,IDR,MONTH,"Communication Skills, Redis, Attention to Detail, Docker, SQL, Laravel",12.0,bachelor degree,"As Backend engineers, we collaborate with Product Managers, the Frontend Engineer team, Product Designers and also other teams to build the structure of Topremit's app and website. As Backend engineers, we talk a lot about logic and coding. We also learn about teamwork and collaborating with others in our team and cross departments. Our goal is to present the best version of Topremit that is easy to use for our respected users. For that reason, we are responsible for building, and maintaining the server side of Topremit as well as making sure Topremit products are highly secure to be used. 
 What you should have: 
 
 Bachelor’s degree in Computer Science or a related field. 
 Minimum 1 year of experience as a Backend Engineer. 
 Proficient in Docker and Laravel (PHP). 
 Experienced and skilled in using PostgreSQL and Redis for 1 to 2 years. 
 Solid understanding of design patterns for writing reusable code. 
 Strong attention to detail with the ability to write clean, maintainable code. 
 Proven ability to complete tasks efficiently and on time. 
 Collaborative, proactive, and eager to learn, with a strong sense of ownership and continuous improvement mindset. 
 
 What you'll contribute on: 
 
 Build systems for users and internal stakeholders (Finance, Compliance, Marketing). 
 Develop and deliver high-quality features on time. 
 Monitor deployments and resolve issues promptly. 
 Review team members’ code to ensure quality and maintainability. 
 Collaborate in cross-team discussions and contribute to decision-making. 
 Create reusable code and libraries for future use.","The First Online Remittance Service in Indonesia ✨ 
 
 We turn global payments into minutes with Topremit 🙌🏻 
 
 Here, you’ll collaborate with #Topteam — contributing, learning, and growing together in a culture that embraces innovation 🔎 
 
 Let's be part of #Topteam — together we'll make global payments more easier, faster, and affordable for everyone! 🚀","medical coverage, thr financial benefits, bpjs tenaga kerja insurance and health",True,https://glints.com/id/opportunities/jobs/backend-engineer-(onsite-in-medan)/171a3d7b-ce0d-4716-8a9b-6b0aeca48251,communication skills redis attention detail docker sql laravel
Developer,Information Technology and Services,FULL_TIME,Full Stack Developer,2026-03-30T08:27:00.475Z,2026-04-30,PT. Mindo Small Business Solutions,https://mindosolutions.com/en,https://images.glints.com/unsafe/glints-dashboard.oss-ap-southeast-1.aliyuncs.com/company-logo/e8c6dfdad8a08e1accd28313df8fe0df.jpg,"Jl. Kolonel Sugiyono No.77 C, Wirogunan, Kec. Mergangsan, Kota Yogyakarta, Daerah Istimewa Yogyakarta 55151",Yogyakarta,DI Yogyakarta,ID,-7.8125,110.37278,5500000.0,7000000.0,IDR,MONTH,"Google Sheets, JavaScript, MySQL, Jira, Python, Trello, SQL",12.0,bachelor degree,"Mindo Solutions is looking for a detail-oriented and proactive  Developer  to join our growing team! If you are passionate about building smart tools, enjoy solving real-world operational problems, and thrive in a collaborative, fast-paced environment, we’d love to hear from you. 
 
 Key Responsibilities: 
 
 Develop, maintain and optimize Google Sheets, including designing complex formulas to support operational workflows. 
 Write, manage and troubleshoot Google Apps Scripts (or JavaScript) used to process and automate data within Google Sheets. 
 Collaborate with the Business Optimization Officer to design and implement scripts, spreadsheets, and auto-generation tools that support workflows in new markets and with new clients. 
 Support the implementation of dual workflow systems that distinguish between compliant transactions and special request transactions, ensuring dashboards remain accurate and clean. 
 Assist in building reliable financial dashboards, reporting structures, and automation tools as part of the short-term tech stack. 
 Work closely with a Technical Supervisor to deliver scalable, practical technical solutions tailored to the team’s daily needs. 
 Support a Project Manager by ensuring all KPIs, dashboards, and spreadsheets are integrated into the Trello system. 
 Help with the design or maintenance of Trello Power-ups to enhance functionality and team productivity. 
 Contribute to launching operations in new markets by ensuring short-term tech and reporting tools are implemented correctly and efficiently. 
 Continuously refine tools and systems based on user feedback, operational changes, or business development needs. 
 
 
 Requirements: 
 
 Bachelor's or Master’s degree in Computer Science, Information Technology, or a related field or equivalent work experience in a technical development role. 
 Strong experience with Google Apps Script (or JavaScript). 
 Advanced skills in Google Sheets, including developing and maintaining complex formulas. 
 Proficient in SQL, able to manage, extract, and analyze data effectively. 
 Working knowledge of Python, useful for potential future contributions to our internal platform. 
 Experience working with or creating Trello Power-ups. 
 Strong problem solving abilities with a keen attention to detail. 
 Self motivated with strong time management skills and the ability to work independently. 
 Certifications in Google Apps Script, Python or SQL are a plus but not required. 
 Good command of English (written and verbal).","Mindo is a fast growing business consultancy company based in Yogyakarta, Indonesia. Mindo serves clients from all over the world with a wealth of experience in web development, IT consultancy, Server Maintenance, APP Development, API Development, CRM Systems, QA Services, Data Entry, Billing / Accounting and Customer Service.","work station, team building events, career growth, bpjs tenaga kerja insurance and health, vacation and leaves, medical coverage",True,https://glints.com/id/opportunities/jobs/developer/e8746158-56f5-4c06-aef4-0013ee8d884d,google sheets javascript mysql jira python trello sql
Front-end Developer,Information Technology and Services,CONTRACTOR,Frontend Developer,2026-03-31T07:13:03.025Z,2026-05-01,PT Sigma Global Teknologi,https://www.sigma-tech.co.id,https://images.glints.com/unsafe/glints-dashboard.oss-ap-southeast-1.aliyuncs.com/company-logo/3aba5816b8ecfbb79a395592af581035.png,"Sona Topas Tower Lt. 12, Jl. Jend. Sudirman, RT.4/RW.2, Kuningan, Kota Jakarta Selatan, Daerah Khusus Ibukota Jakarta 12920",Jakarta Selatan,DKI Jakarta,ID,-6.21944,106.82917,10000000.0,11000000.0,IDR,MONTH,"React.js, HTML, JavaScript, Frontend Development, Front-End Architecture",12.0,bachelor degree,"Key responsibilities for the Front-end Developer role include: 
 - Designing and implementing visually appealing and user-friendly interfaces. 
 - Ensuring cross-browser compatibility and responsive design for all platforms. 
 - Collaborating closely with backend developers to integrate front-end components seamlessly.- Utilizing modern front-end architecture, JavaScript, HTML, and React.js to build scalable and efficient applications. 
 - Conducting code reviews and contributing to the continuous improvement of our codebase. 
 - Experience using React Js","SIGMATECH is the enterprise technology partner of choice for software development, delivering a broad range of web, mobile, and desktop controls coupled with a service-oriented approach throughout the entire application life cycle. 
 SIGMATECH consists of highly skilled developers specializing in agile development methodology, focusing on Mobile & Web Solution, IT Services and business enterprise, utilizing modern programming languages as our platform. SIGMATECH has established itself as the trusted partner for use in mission-critical applications and service clientele from global insurance companies, government agencies and large consumer product manufacturers. 
 Our Vision : 
 To be the most reputable and dependable growth solution partner both for IT Professional Talents and Client's Businesses worldwide 
 Our Mission : 
 To be the most reputable and dependable growth solution partner both for IT Professional Talents and Client's Businesses worldwide 
 To be the most reputable and dependable growth solution partner both for IT Professional Talents and Client's Businesses worldwide","near public transport work environment and facilities, thr financial benefits, career growth, bpjs tenaga kerja insurance and health, medical coverage, work station",True,https://glints.com/id/opportunities/jobs/front-end-developer/0810057b-fbab-41c4-967e-5aabfb6ff6b6,reactjs html javascript frontend development frontend architecture
IT Full Stack Developer,Financial Services,CONTRACTOR,Full Stack Developer,2026-01-22T02:57:05.612Z,2026-05-07,PT Manjo Teknologi Indonesia,https://manjo.co.id,https://images.glints.com/unsafe/glints-dashboard.oss-ap-southeast-1.aliyuncs.com/company-logo/c9112385d12e2999a21a22bca17d8ce0.png,"Springhill Office Tower Fl. 3 Unit G, Jalan Benyamin Suaeb Block D6 Section D7, Pademangan, North Jakarta",Jakarta Selatan,DKI Jakarta,ID,-6.21944,106.82917,6000000.0,7000000.0,IDR,MONTH,"Go / Golang, Ruby, Rust, PostgreSQL, React.js, Frontend Development, Vue.js, Caching, Backend Development, Amazon Web Services (AWS), JavaScript, MySQL",36.0,bachelor degree,"Job Description:  
 • Mengembangkan backend services (Java / Golang / PHP) untuk sistem payment gateway. 
 • Mengembangkan frontend dashboard merchant berbasis web (React / Vue). 
 • Mengembangkan mobile application (Flutter / React Native / Kotlin / Swift) untuk merchant dan 
 konsumen. 
 • Mendesain dan mengimplementasikan arsitektur sistem berbasis microservices dengan prinsip clean 
 coding. 
 • Membangun dan mengoptimalkan REST API untuk integrasi pembayaran digital. 
 • Mengelola database relasional (MySQL, PostgreSQL) serta caching (Redis). 
 • Menerapkan CI/CD pipeline, version control (Git), serta deployment di AWS / Google Cloud. 
 • Mengoptimalkan security & compliance sesuai standar Bank Indonesia & industri keuangan. 
 • Kolaborasi dengan tim produk, QA, dan infrastruktur dalam siklus agile development. 
 • Menerapkan prinsip UI/UX dasar untuk memastikan dashboard dan aplikasi mobile mudah 
 digunakan. 
 • Bekerja sama dengan tim desain atau membuat layout dasar jika diperlukan. 
 
 Qualification: 
 • Minimal S1 di bidang Ilmu Komputer / Teknik Informatika / Sistem Informasi. 
 • Pengalaman minimal 3 tahun di Full Stack Development. 
 • Pengalaman membangun aplikasi mobile (Android/iOS) menggunakan Flutter, React Native, Kotlin, 
 atau Swift. 
 • Pemahaman mendalam tentang system design, microservices, clean coding. 
 • Pengalaman dengan framework backend (Java, Go, PHP, Ruby, dll). 
 • Pengalaman dengan frontend framework (React, Vue). 
 • Pengalaman dengan database (MySQL, PostgreSQL) & caching (Redis). 
 • Familiar dengan cloud platforms (AWS, AliCloud). 
 • Pemahaman dasar tentang UI/UX (user journey, responsive design, usability testing). 
 • Pengalaman menggunakan design tools (Figma, Adobe XD, Sketch) menjadi nilai tambah. 
 • Pengalaman dalam API development, performance optimization, dan security best practices. 
 • Komunikatif, detail-oriented, dan passion membangun solusi berkualitas tinggi di backend, frontend, 
 dan mobile.","Build a better payment experience for your customers and partners. No matter who you are, there is always a way for you to integrate easily.","medical coverage, bpjs tenaga kerja insurance and health",True,https://glints.com/id/opportunities/jobs/it-full-stack-developer/442d8acd-95e7-43ab-b3cd-02c6e890cf7e,go golang ruby rust postgresql reactjs frontend development vuejs caching backend development amazon web services aws javascript mysql
Frontend Developer - Banking,Information Technology and Services,CONTRACTOR,Frontend Developer,2026-03-31T07:00:29.543Z,2026-05-01,PT Sigma Global Teknologi,https://www.sigma-tech.co.id,https://images.glints.com/unsafe/glints-dashboard.oss-ap-southeast-1.aliyuncs.com/company-logo/3aba5816b8ecfbb79a395592af581035.png,"Sona Topas Tower Lt. 12, Jl. Jend. Sudirman, RT.4/RW.2, Kuningan, Kota Jakarta Selatan, Daerah Khusus Ibukota Jakarta 12920",Jakarta Selatan,DKI Jakarta,ID,-6.21944,106.82917,9000000.0,10500000.0,IDR,MONTH,"React.js, TypeScript, HTML, JavaScript, CSS",36.0,bachelor degree,"Kualfikasi : 
 
 Lulusan S1 dari jurusan T. Informatika/sejenisnya 
 Memiliki pengalaman 3 tahun sebagai Frontend Developer 
 Diutamakan yang berasal dari industri perbankan 
 Memiliki pengalaman mengembangkan aplikasi web production-grade (bukan hanya landing page) 
 Menguasai JavaScript (ES6+) dan TypeScript 
 Menguasai React.js dan Next.js 
 Memahami arsitektur Next.js (App Router / Page Router) 
 Berpengalaman membangun aplikasi frontend yang modular, scalable, dan maintainable 
 Menguasai HTML5, CSS3, dan responsive web design 
 Terbiasa menggunakan Git untuk version control 
 Terbiasa menggunakan package manager seperti pnpm / npm / yarn 
 Terbiasa bekerja dalam metodologi Agile / Scrum","SIGMATECH is the enterprise technology partner of choice for software development, delivering a broad range of web, mobile, and desktop controls coupled with a service-oriented approach throughout the entire application life cycle. 
 SIGMATECH consists of highly skilled developers specializing in agile development methodology, focusing on Mobile & Web Solution, IT Services and business enterprise, utilizing modern programming languages as our platform. SIGMATECH has established itself as the trusted partner for use in mission-critical applications and service clientele from global insurance companies, government agencies and large consumer product manufacturers. 
 Our Vision : 
 To be the most reputable and dependable growth solution partner both for IT Professional Talents and Client's Businesses worldwide 
 Our Mission : 
 To be the most reputable and dependable growth solution partner both for IT Professional Talents and Client's Businesses worldwide 
 To be the most reputable and dependable growth solution partner both for IT Professional Talents and Client's Businesses worldwide","thr financial benefits, work station, travel, bpjs tenaga kerja insurance and health, medical coverage",True,https://glints.com/id/opportunities/jobs/frontend-developer---banking/46c15dff-e70b-4704-a742-36d2e40d5405,reactjs typescript html javascript css
RPA Developer - Telecommunication Industry,Information Technology and Services,CONTRACTOR,Backend Developer,2026-04-01T10:00:40.256Z,2026-05-02,PT Sigma Global Teknologi,https://www.sigma-tech.co.id,https://images.glints.com/unsafe/glints-dashboard.oss-ap-southeast-1.aliyuncs.com/company-logo/3aba5816b8ecfbb79a395592af581035.png,"Sona Topas Tower Lt. 12, Jl. Jend. Sudirman, RT.4/RW.2, Kuningan, Kota Jakarta Selatan, Daerah Khusus Ibukota Jakarta 12920",Jakarta Selatan,DKI Jakarta,ID,-6.21944,106.82917,6870000.0,10305000.0,IDR,MONTH,"UiPath, Orchestrator, Power Apps, Microsoft Power Automate, Power BI, Robotics",36.0,bachelor degree,"Requirements: 
 1. Minimal 3-4 tahun pengalaman sebagai RPA Developer 
 2. Pengalaman hands-on dengan: 
 • UiPath (Studio, Orchestrator) 
 • Microsoft Power Automate (Cloud & Desktop) 
 3. Memiliki pengalaman dalam migrasi RPA dari UiPath ke Power Platform (nilai plus besar) 
 4. Familiar dengan ekosistem Microsoft Power Platform (Power Apps, Power BI, dll.) 
 5. Pemahaman yang baik tentang workflow automation, API integration, dan data handling 
 6. Mampu melakukan debugging dan problem solving secara mandiri 
 7. Memiliki kemampuan komunikasi yang baik","SIGMATECH is the enterprise technology partner of choice for software development, delivering a broad range of web, mobile, and desktop controls coupled with a service-oriented approach throughout the entire application life cycle. 
 SIGMATECH consists of highly skilled developers specializing in agile development methodology, focusing on Mobile & Web Solution, IT Services and business enterprise, utilizing modern programming languages as our platform. SIGMATECH has established itself as the trusted partner for use in mission-critical applications and service clientele from global insurance companies, government agencies and large consumer product manufacturers. 
 Our Vision : 
 To be the most reputable and dependable growth solution partner both for IT Professional Talents and Client's Businesses worldwide 
 Our Mission : 
 To be the most reputable and dependable growth solution partner both for IT Professional Talents and Client's Businesses worldwide 
 To be the most reputable and dependable growth solution partner both for IT Professional Talents and Client's Businesses worldwide","work station, travel, thr financial benefits, bpjs tenaga kerja insurance and health, medical coverage, career growth, meal allowance financial benefits",True,https://glints.com/id/opportunities/jobs/rpa-developer---telecommunication-industry/632ba46c-3160-45a1-be34-af24078723b3,uipath orchestrator power apps microsoft power automate power bi robotics
Senior VB.NET Developer (Outsource),Information Technology and Services,CONTRACTOR,Backend Developer,2026-04-07T09:00:58.384Z,2026-05-08,PT Maha Data Solusi,http://www.mdsolusi.com,https://images.glints.com/unsafe/glints-dashboard.oss-ap-southeast-1.aliyuncs.com/company-logo/33a041cb81dd06d32d74e04a7d378ba6.png,"Jl. Wijaya I No.64, Graha Paramita Lt.2, Petogogan, Jakarta Selatan 12170",Jakarta Selatan,DKI Jakarta,ID,-6.24444,106.8,10000000.0,22000000.0,IDR,MONTH,"React.js, VB.NET, Microsoft SQL Server, PHP, .NET, Node.js",60.0,bachelor degree,"Role Overview   
 We are seeking a senior-level VB.NET developer to manage, maintain, and stabilize  
 existing legacy applications. This role will play a critical part in ensuring business continuity  
 by handling production issues, performing enhancements, and maintaining system  
 reliability.  
 The ideal candidate is highly experienced in working with legacy systems, capable of  
 navigating complex and minimally documented codebases, and able to implement  
 changes in a controlled and low-risk manner.  
 
 Key Responsibilities   
 
  Maintain and support applications developed in VB.NET (.NET Framework)   
 Investigate, troubleshoot, and resolve production issues with proper root cause analysis 
 Perform bug fixing, minor enhancements, and system patches   
 Ensure application stability, reliability, and performance   
 Analyze and understand legacy code with limited documentation   
 Document system behavior, fixes, and technical flows where necessary   
 Conduct impact analysis before implementing changes   
 Collaborate with internal stakeholders (DBA, infrastructure, business users)   
 Support deployment, release, and rollback activities   
 Ensure proper use of version control and change management practices   
 Provide input and recommendations for system improvements or gradual modernization   
 
 
 Required Technical Skills   
 
 Strong experience in VB.NET / .NET Framework (minimum 5–8 years)   
 Proven experience maintaining and supporting legacy / monolithic applications   
 Strong SQL knowledge, preferably Microsoft SQL Server: 
 
 
  Query writing and optimization  
 Stored procedures and database troubleshooting   
 
 
 Experience with Windows-based applications (WinForms / WebForms)   
 Familiarity with source control systems (Git, SVN, or similar)   
 Experience handling production support and incident resolution   
 Ability to understand and work with poorly structured or undocumented codebases  
 
   
 Preferred Skills (Nice to Have)  
 
 Exposure to system integration (APIs, web services)   
 Experience in healthcare or hospital systems (if relevant to your environment)   
 Familiarity with ERP or enterprise systems   
 Experience with logging, monitoring, and incident management tools   
 Working knowledge of modern web technologies, including:   
 
 
 Node.js   
 React   
 PHP   
 
 Soft Skills / Behavioral Requirements   
 
 Strong analytical and problem-solving skills   
 High level of ownership and accountability   
 Able to work independently with minimal supervision   
 Good communication skills, both technical and non-technical   
 Detail-oriented and careful when working in production environments   
 Comfortable working in complex and ambiguous legacy environments 
 
 
 Engagement Details   
 
 Employment Type: Outsource   
 Allocation: full-time / dedicated resource   
 Work Setup: Onsite   
 Contract Duration: 12 months  
 
 Deliverables / KPIs  
 
 Timely resolution of incidents based on agreed SLA   
 Stability and uptime of supported systems   
 Low regression rate from fixes and enhancements   
 Quality and completeness of technical documentation   
 Effective collaboration with internal stakeholders   
 
 Ideal Candidate Profile   
 
 Experienced in handling legacy systems in production environments   
 Able to quickly understand existing systems without heavy documentation   
 Takes a pragmatic approach to balancing quick fixes and long-term stability   
 Comfortable acting as a system owner / caretaker rather than purely feature developer   
 Has exposure to modern technologies, enabling future transition if required","MDS is founded by individual who has many years of experience in IT industry. It’s our mission to become you trusted partner in data related solution and create value for your business. Nowadays Data is important for every Business organization, data is simply another word for information. data refers to information that is machine-readable as opposed to human-readable to help Organization to Make Decision.",medical coverage,True,https://glints.com/id/opportunities/jobs/senior-vb.net-developer-(outsource)/abbb2aa2-4a59-4c23-a222-3eda7719a89d,reactjs vbnet microsoft sql server php net nodejs
Fullstack Developer,Information Technology and Services,FULL_TIME,Full Stack Developer,2026-03-31T09:25:49.906Z,2026-05-01,PT IOTA CIPTA INDONESIA,https://iotanesia.com,https://images.glints.com/unsafe/glints-dashboard.oss-ap-southeast-1.aliyuncs.com/company-logo/f52e77daec31bba7c8af42565e5dec1b.png,"Jl. Tebet Barat Dalam Raya No.40, RT.14/RW.3, Tebet Bar., Kec. Tebet, Kota Jakarta Selatan, Daerah Khusus Ibukota Jakarta 12810",Jakarta Selatan,DKI Jakarta,ID,-6.22917,106.85139,4000000.0,7000000.0,IDR,MONTH,"PHP, Java, MySQL, Node.js, JavaScript",12.0,bachelor degree,"Responsibilitas: 
 Mengembangkan perangkat lunak dengan menggabungkan pemprograman Frontend dan Backend. 
 Merancang, mengembangkan, dan memelihara sistem informasi yang kompleks. 
 Membuat tampilan antarmuka pengguna yang menarik dan responsif. 
 Memastikan kualitas dan keamanan perangkat lunak melalui pengujian dan debugging. 
 Berkoloborasi dengan tim pengembang, desainer, dan pengguna untuk memahami kebutuhan dan mengoptimalkan pengalaman pengguna. 
 
 Kualifikasi: 
 Menguasai di bidang ilmu Komputer, Teknik Perangkat Lunak, atau bidang terkait. 
 Diutamakan berpengalaman sebagai Software Engineer, memiliki pengalaman kerja minimal 1 tahun. 
 Penguasaan menggunakan bahasa pemprograman seperti Java, Laravel, Python, atau Node.js, serta kerangka kerja seperti Spring, Django, atau Express. 
 Kemampuan untuk bekerja dalam tim lintas disiplin, termasuk kolaborasi dengan pengembangan, analisis bisnis, dan pemangku kepentingan lainnya",Digital Transform Business & Consultant IT,thr financial benefits,True,https://glints.com/id/opportunities/jobs/fullstack-developer/afc7f037-0b98-4013-9aab-94cb7b4c6464,php java mysql nodejs javascript
Fullstack Developer,Medical Practice,FULL_TIME,Full Stack Developer,2026-02-23T05:51:02.034Z,2026-04-30,PT Insan Medika Persada,http://www.insanmedika.co.id/career,https://images.glints.com/unsafe/glints-dashboard.oss-ap-southeast-1.aliyuncs.com/company-logo/aa32afd3f9845f849d4b7649aba119b0.jpg,"JL. DEPLU RAYA NO.AR34 PONDOK PINANG, KEBAYORAN LAMA JAKARTA SELATAN",Bantul,DI Yogyakarta,ID,-7.83889,110.41667,4000000.0,5000000.0,IDR,MONTH,"MySQL, Node.js, Laravel, PostgreSQL",12.0,professional certificate,"PT Insan Medika Persada adalah perusahaan agency home care terkemuka di Indonesia, yang juga menjadi perintis dalam layanan home care berbasis digital. Dengan menghadirkan layanan Home Care Live-In 24 jam yang mencakup berbagai jenis perawatan seperti perawat disabilitas, perawat lansia, perawat orang sakit, dan perawat medis, perusahaan ini telah memperkuat posisi di industri kesehatan di Indonesia. Kami berkomitmen untuk memberikan solusi terbaik bagi keluarga yang membutuhkan perawatan rumah tangga berkualitas tinggi. Oleh karena itu, kami sedang mencari Full Stack Developer yang berbakat untuk bergabung dengan tim kami dan membantu memajukan layanan home care kami ke tingkat yang lebih tinggi. 
 
 Sebagai Full Stack Developer, Anda akan bertanggung jawab untuk mengembangkan aplikasi dan platform teknologi yang mendukung layanan home care kami. Tugas utama Anda termasuk merancang, mengembangkan, dan mengelola fitur-fitur teknologi yang diperlukan untuk menjaga kualitas layanan. Anda akan bekerja sama dengan tim untuk memastikan bahwa setiap elemen teknologi yang dibutuhkan untuk mendukung layanan home care dapat berjalan dengan baik dan efisien. Selain itu, Anda akan bertanggung jawab untuk memastikan bahwa semua sistem teknologi yang ada selalu up-to-date dan terjaga keamanannya. 
 
 Untuk menjadi bagian dari tim kami, Anda harus memiliki gelar diploma dan memiliki pengalaman kerja minimal satu hingga tiga tahun. Keterampilan yang dibutuhkan termasuk pemahaman mendalam tentang Node.js, MySQL, PostgreSQL, serta pengalaman dalam menggunakan framework Laravel. Kami menyambut aplikasi dari para profesional yang memiliki minat besar dalam bidang home care dan teknologi, dan yang siap untuk berkontribusi pada pengembangan layanan kami. PT Insan Medika Persada menawarkan kesempatan untuk berkembang dan berkolaborasi dengan tim yang dinamis dan profesional. Bergabunglah dengan kami dan jadilah bagian dari perjalanan menuju revolusi home care di Indonesia.","Insan Medika adalah satu Perusahaan Agency Home Care terbaik di Indonesia sekaligus perintis Home Care berbasis digital pertama di Indonesia.  
 Menghadirkan layanan Home Care Live-In 24 Jam yang melayani seluruh kota besar di Indonesia. Memiliki Layanan Live-In mulai dari Perawat Disabilitas, Perawat Lansia, Perawat Orang Sakit hingga Perawat Medis.","thr financial benefits, bpjs tenaga kerja insurance and health",True,https://glints.com/id/opportunities/jobs/fullstack-developer/1f180a47-fb95-442d-aeb0-bf97877bf51d,mysql nodejs laravel postgresql
Fullstack Developer,Computer Software,FULL_TIME,Full Stack Developer,2026-03-24T12:42:59.427Z,2026-04-24,Nextlivin,https://nextlivin.com,https://images.glints.com/unsafe/glints-dashboard.oss-ap-southeast-1.aliyuncs.com/company-logo/657d957b4d62408f3e4bb87cd0eaa583.png,"Bellezza Shopping Arcade Ground Floor - Prime Space ( Lantai GF and 1st Floor ) Jl. Arteri Permata Hijau No.34, RT.4/RW.2, Grogol Utara, Kec. Kby. Lama, Kota Jakarta Selatan, Daerah Khusus Ibukota Jakarta 12210",Jakarta Selatan,DKI Jakarta,ID,-6.24861,106.77778,4500000.0,10000000.0,IDR,MONTH,"Flutter, Dart, AI Systems",12.0,high school,"Nextlivin adalah aplikasi yang fokus pada penyediaan solusi dan layanan, khususnya di sektor manajemen properti. Dengan aplikasi ini, Anda dapat mengelola properti Anda dengan lebih efisien. Kami sedang mencari talenta terbaik untuk mengembangkan aplikasi kami dan memastikan pengalaman pengguna yang optimal. Bergabunglah dengan tim kami yang berdedikasi dan bergabunglah dalam misi untuk membawa inovasi teknologi ke industri properti. 
 Kami sangat mengutamakan kandidat yg memiliki pengalaman dalam mengelola sistem AI.","Nextlivin is an application that focused on providing solutions and services, especially for the property management sectors. With this one application, you can manage your own property more efficiently. 
 Contact us for get more information; 
 +62 81283987589",career growth,True,https://glints.com/id/opportunities/jobs/fullstack-developer/4238d2bb-8e1d-4677-aa1a-c98f90df0271,flutter dart ai systems
Junior developer,Information Technology and Services,FULL_TIME,Backend Developer,2026-01-28T04:24:25.903Z,2026-04-12,Paperless Hospital,http://paperlesshospital.id,https://images.glints.com/unsafe/glints-dashboard.oss-ap-southeast-1.aliyuncs.com/company-logo/5ab43570427765af09032ff7e01c7b73.jpeg,Semarang,Musi Banyuasin,Sumatera Selatan,ID,-2.03611,103.99333,2000000.0,3000000.0,IDR,MONTH,"JavaScript, jQuery, Frontend Development, PHP, CSS, REST API, MySQL, HTML, Backend Development",12.0,professional certificate,"We Are Hiring Junior Developer  
 Job Description : 
 * Membangun dan Mengembangkan aplikasi sesuai spesifikasi yang di butuhkan.  
 * Merancang dan membuat model relasional basis data untuk digunakan dalam pengembangan Aplikasi.  
 * Pengujian aplikasi sesuai dengan proses yang di inginkan.  
 * Mendesain dan mengembangkan back end dan front end.  
 * Mendesain dan mengembangkan REST API.  
 * Mampu melakukan Instalasi Aplikasi dan database pada server.  
 * Memastikan kestabilitas, dan kinerja aplikasi berjalan dengan baik. 
 
 Kualifikasi : 
 * D3/S1 Teknik  Informatika, Sistem Informasi, Bidang sejenis 
 * Memahami konsep RDBMS, serta menguasai MySQL, SQLite 
 * Menguasai bahasa pemrograman PHP dan Java Script 
 * Menguasai struktur HTML, CSS, Jquery 
 * Communication Skill & Problem Solving. 
 * Dapat bergabung secepatnya 
 * Siap ditempatkan di RSUD Bayung Lencir, Sumatera Selatan.","Memperkenalkan PaperlessHospital.id: Merevolusi Layanan Kesehatan dengan AI Medical Scribes 
 
 Di PaperlessHospital.id, kami bangga menjadi pelopor dalam implementasi teknologi AI medical scribe di rumah sakit seluruh Indonesia. Misi kami adalah meningkatkan efisiensi dan akurasi dokumentasi medis, sehingga tenaga kesehatan dapat lebih fokus pada perawatan pasien. 
 Proses Pelatihan AI Kami 
 
 Pengembangan AI medical scribe kami melibatkan proses pelatihan yang teliti untuk memastikan tingkat akurasi dan keandalan tertinggi. Seperti yang ditunjukkan dalam grafik di atas, kami melatih model AI kami secara menyeluruh melalui banyak epoch, di mana setiap epoch mewakili satu kali pemrosesan lengkap melalui seluruh dataset pelatihan di salah satu klien rumah sakit kami di Palembang. Pelatihan yang ketat ini memastikan bahwa AI kami belajar untuk mentranskripsi interaksi antara dokter dan pasien dengan akurat.","career growth, bpjs tenaga kerja insurance and health, travel, thr financial benefits, meal allowance financial benefits, medical coverage",True,https://glints.com/id/opportunities/jobs/junior-developer/30072d85-0a1b-4c67-b7e2-ebde5493fd5c,javascript jquery frontend development php css rest api mysql html backend development
Junior Salesforce Developer,Information Technology and Services,FULL_TIME,Backend Developer,2026-04-08T03:42:41.339Z,2026-05-09,PT Trees Solutions,https://www.treessolutions.com,https://images.glints.com/unsafe/glints-dashboard.oss-ap-southeast-1.aliyuncs.com/company-logo/73b5f0991d49a2a260783d7b56cb5ce3.jfif,L'Avenue Office - 20th Floor (Unit 20 A)  Jl. Raya Pasar Minggu Kav. 16  Pancoran - Jakarta Selatan,Jakarta Selatan,DKI Jakarta,ID,-6.25556,106.84306,6000000.0,8000000.0,IDR,MONTH,"PostgreSQL, Java, Python, Salesforce, MySQL",12.0,bachelor degree,"We are looking for Technical Consultant / Developer in our team who will be responsible for: 
 
 
 Design, develop, and implement custom solutions on the platform using Apex, Visualforce, and Lightning (LWC/Aura) 
 Translate business requirements into scalable technical designs and solutions 
 Develop integrations external systems using REST/SOAP APIs 
 Perform data migration, data cleansing, and data validation processes 
 Customize features including objects, workflows, process automation, and security settings 
 Conduct unit testing, integration testing, and support UAT processes 
 Troubleshoot, debug, and optimize existing applications 
 Collaborate with functional consultants, stakeholders, and other developers throughout the SDLC 
 Maintain proper documentation for technical design, development, and deployment processes 
 
 
 
 For this role, we will need someone who: 
 
 
 Minimum a Bachelor's Degree (S1) in Information Technology or related field 
 Minimum 1 years of experience as a Developer / Technical Consultant fresh graduates are welcome to apply (internship/project experience is a plus) 
 Strong experience in Apex, SOQL, SOSL, Lightning Web Components (LWC), and Visualforce 
 Experience with configuration: objects, page layouts, profiles, permissions, workflows, and approval processes 
 Hands-on experience with integrations (REST/SOAP APIs, middleware tools) 
 Familiar with data migration tools (Data Loader, ETL tools) 
 Good understanding of SDLC and testing methodologies 
 Experience with version control (e.g., Git) and deployment tools (CI/CD is a plus) 
 Salesforce certifications (e.g., Platform Developer I/II) is a plus 
 Strong problem-solving and analytical thinking skills 
 Good communication skills and ability to work in a team 
 English proficiency is a must","Trees Solutions found in 2011 and quickly established itself as an Oracle Platinum Partner Membership Certified in 2013. The company itself is an IT solution that providing a full range of consulting services in complete Enterprise Resource Planning (ERP) Solution for Financial Management, Supply Chain Management, Process / Discrete manufacturing, Customer Relationship Management and Human Capital Management area. We have strong knowledge and portfolios that include On-Premises and Cloud Implementation Services, Operation & Maintenance Services and also Business Process Services in accordance with our clients'​ needs","thr financial benefits, career growth, travel, work station, perform bonus financial benefits, internet allowance financial benefits, medical coverage, vacation and leaves, professional development",True,https://glints.com/id/opportunities/jobs/junior-salesforce-developer/e5878548-56ee-419a-8634-c2355ea064ce,postgresql java python salesforce mysql
Database Developer,Hospitality,FULL_TIME,Database Administrator,2026-02-09T11:24:30.395Z,2026-05-04,Pandu Hotel,https://panduhotel.com/,https://images.glints.com/unsafe/glints-dashboard.oss-ap-southeast-1.aliyuncs.com/company-logo/381cf3af0be4a32978018cd387a54d86.png,"Jl. Kol. TPR Sinaga No.12, Tiga Raja, Kec. Girsang Sipangan Bolon, Kabupaten Simalungun, Sumatera Utara 21174",Lombok Tengah,Nusa Tenggara Barat,ID,-8.85734,116.28376,1000000.0,3000000.0,IDR,MONTH,"Information Technology, Administration, Flutter, Office Administration, Teamwork, Data Analytics, Time Management, MySQL, Laravel, English Language, Hard Worker",12.0,bachelor degree,"Pandu Hotel, sebuah perusahaan hotel rantai di Indonesia yang berdiri sejak tahun 1998, telah berkembang pesat dan mencapai empat cabang. Kami membuka lowongan Database Administrator di Pandu Hotel Cabang Kuta, Kabupaten Lombok Tengah, Nusa Tenggara Barat.  
 
 Sebagai Database Developer di Pandu Hotel, Anda akan bertanggung jawab atas pengelolaan database hotel, harga, dan client  yang efisien: menambah data, dan memastikan data tetap akurat dan tersimpan dengan baik. 
 - Mengembangkan dan mengoptimalkan query untuk mempercepat proses penyimpanan, pencarian, membantu dalam pengambilan keputusan melalui analisis data untuk mendukung strategi bisnis. 
 - Menyediakan dukungan teknis kepada tim operasional untuk memastikan kebutuhan informasi mereka terpenuhi. 
 - Melakukan pemeliharaan dan peningkatan sistem informasi untuk memastikan keamanan dan stabilitas sistem. 
 
 Kualifikasi untuk posisi ini adalah sebagai berikut: 
 
 Penempatan di Kuta, Nusa Tenggara Barat, Indonesia dan berkelamin laki-laki. Pendidikan minimal S1 di bidang teknologi informasi atau terkait sangat diutamakan. Pengalaman kerja antara 1 hingga 3 tahun di bidang yang relevan juga diperlukan. Keterampilan yang dibutuhkan adalah kerjasama tim, bahasa Inggris, teknologi informasi, kerja keras, analitik data, administrasi kantor, manajemen waktu, dan administrasi. Pandu Hotel menawarkan lingkungan kerja yang positif dan profesional, dengan kesempatan untuk berkembang bersama.",Pandu Hotel adalah Perusahaan Hotel Chain di Indonesia yang berdiri pada tahun 1998 dan telah memiliki 4 cabang di tahun 2025.,team building events,True,https://glints.com/id/opportunities/jobs/database-developer/04a72489-cfd1-4ec8-aed0-763cf822d6c3,information technology administration flutter office administration teamwork data analytics time management mysql laravel english language hard worker
Java Springboot Developer,Information Technology and Services,CONTRACTOR,Backend Developer,2026-04-06T02:07:08.773Z,2026-05-07,PT Solusindo Digital Holistik,http://www.sidiktalent.com,https://images.glints.com/unsafe/glints-dashboard.oss-ap-southeast-1.aliyuncs.com/company-logo/0639d6ba43da0a009b005f5c9f8072d9.png,"Summarecon Bandung, Magna Terrace MC 118, Kota Bandung",Tangerang,Banten,ID,-6.18889,106.64028,8000000.0,10000000.0,IDR,MONTH,"Spring Boot, MySQL, Java",36.0,bachelor degree,"Full-time onsite  (contract project based) 
 Bachelor’s degree in Computer Science, Informatics, or related field 
 3 years of experience as a Java Developer 
 Strong proficiency in Java (8+) and Spring Boot 
 Skilled in building RESTful Services/APIs 
 Experience with PostgreSQL, SQL Server, or MySQL and query optimization 
 Familiar with message brokers and application log monitoring 
 Proficient with Git/GitHub/GitLab for version control 
 Understanding of CI/CD tools such as ArgoCD, GitHub Actions, or Jenkins 
 Able to write clear, concise technical documentation 
 Strong analytical skills and ability to work collaboratively in an Agile team","PT Solusindo Digital Holistik (SIDIK CYBER) adalah perusahaan Teknologi Informasi yang bergerak di bidang Cybersecurity, Software Development, IT Resource & Cyber Academy. Bersertifikat ISO 9001 dan ISO 27001 serta memenuhi standar TKDN sebesar 69,19%. Didukung oleh team ahli, kami berkomitmen memberikan layanan terbaik dengan dukungan purna jual yang optimal.  
 Sebagai mitra solusi Teknologi Informasi, kami menyediakan infrastruktur dan layanan proyek melalui kemitraan bisnis. Berpengalaman menjalin kerja sama dengan Pemerintah dan perusahaan Swasta","thr financial benefits, bpjs tenaga kerja insurance and health, medical coverage",True,https://glints.com/id/opportunities/jobs/java-springboot-developer/c6edf638-ea66-483a-a610-4772a4beba01,spring boot mysql java
Full Stack Developer,Information Technology and Services,FULL_TIME,Full Stack Developer,2026-03-13T08:38:30.221Z,2026-04-13,Pt Kreator Solusi Informasi,http://www.kreators.com,https://images.glints.com/unsafe/glints-dashboard.oss-ap-southeast-1.aliyuncs.com/company-logo/100e00d7d73862701aae99912207ca06.png,"Ruko Manyar Megah Indah Plaza H-7, Jl Ngagel Jaya Selatan, Kel. Baratajaya, Kec. Gubeng",Jakarta Timur,DKI Jakarta,ID,-6.18889,106.94167,5400000.0,6500000.0,IDR,MONTH,"jQuery, CSS, SQL, PHP, React Native, Power BI, Accounting, CodeIgniter",12.0,professional certificate,"PENEMPATAN : JAKARTA TIMUR 
 
 Tugas & Tanggung Jawab Utama 
 
 Mengembangkan website dan web application sesuai kebutuhan perusahaan atau klien (frontend, backend, atau fullstack). 
 Menerjemahkan desain UI/UX menjadi halaman web yang responsif dan user-friendly. 
 Membangun fitur dan fungsi web menggunakan HTML, CSS, JavaScript atau framework modern (Code Igniter). 
 Mengembangkan backend server menggunakan Node.js, PHP (CodeIgniter) 
 Mengelola database (SQL) termasuk membuat query, struktur tabel, dan optimasi performa. 
 Integrasi API dengan sistem internal atau aplikasi pihak ketiga. 
 Kolaborasi dengan tim lain seperti UI/UX design, sistem analis, DevOps, dan QA tester. 
 
 
 Skill yang dibutuhkan : 
 
 Framework CodeIgniter 
 PHP 
 Figma Designer 
 Tabel SQL dan Query SQL 
 JQuery 
 Docker, PowerBI, React Native (nilai tambahan)","Kami   adalah sekumpulan professional di bidang teknologi informasi di   Surabaya.        Visi kami adalah menjadi   perusahaan software development yang dinamis dengan didukung tenaga   profesional di bidangnya untuk   memberikan solusi terbaik bagi channel kami dan masyarakat.          Misi kami menjadi perusahaan   yang tumbuh secara sehat melalui produk-produk solusi IT yang dapat diterima   oleh masyarakat dan memotivasi seluruh elemen di dalamnya untuk berkreasi   secara   berkesinambungan dalam   mendeliver solusi terbaik sesuai dengan perkembangan teknologi dan   kebutuhan masyarakat. 
 Kami juga merupakan Partner dari PT TERA DATA INDONUSA (AXIOO BRAND) sehingga tidak perlu diragukan lagi untuk Kemampuan dan Kinerja perusahaan kami.","medical coverage, bpjs tenaga kerja insurance and health",True,https://glints.com/id/opportunities/jobs/full-stack-developer/455d7823-ba1e-4c0c-b88a-d7c9fab3d615,jquery css sql php react native power bi accounting codeigniter
Web Developer,Hospitality,FULL_TIME,Backend Developer,2026-02-02T04:20:54.164Z,2026-05-07,Jogja Tama,https://jttc.co.id,https://images.glints.com/unsafe/glints-dashboard.oss-ap-southeast-1.aliyuncs.com/company-logo/502c0b88219129320c293a1348bd2627.png,"Jl. Arimbi No.1, Kragilan, Sinduadi, Kec. Mlati, Kabupaten Sleman, Daerah Istimewa Yogyakarta 55284",Sleman,DI Yogyakarta,ID,-7.72917,110.34583,2624387.0,3000000.0,IDR,MONTH,"Laravel, PHP, MySQL",12.0,bachelor degree,"Job Descriptions 
 
 Membangun perangkat lunak yang kuat dan dapat ditingkatkan dengan membuat fitur baru, melakukan debugging, dan mengoptimalkan aplikasi 
 Mengembangkan dan mengusulkan produk atau fitur baru dengan memantau industri 
 Membuat kode untuk mengembangkan aplikasi web fungsional di perangkat mobile dan desktop 
 Implementasi keamanan dan perlindungan data 
 Desain dan implementasi solusi penyimpanan data 
 Bekerja sama dengan desainer, manajer produk, dan administrator sistem untuk mengidentifikasi dan membangun fitur baru 
 
 
 Job Requirements 
 
 Pendidikan minimal S1 Ilmu komputer/ Sistem Informasi/ Informasi teknologi 
 Pengalaman minimal 1 tahun di bidang yang sama 
 Menguasai PHP, javascript, MySQL, bootstrap 
 Mampu menggunakan framework Laravel 
 Menguasai wordpress dan elementor 
 Komunikatif dan mampu bekerja dalam tim 
 Memiliki laptop pribadi","Jogja Tama Tri Cita (JTTC) adalah lembaga pelatihan dan pengembangan SDM umum dan bidang pariwisata. JTTC didirikan dari kolaborasi antara UGM (Universitas Gadjah Mada), ASITA DIY dan PHRI DIY.","bpjs tenaga kerja insurance and health, medical coverage",True,https://glints.com/id/opportunities/jobs/web-developer/2e0ef5ab-4d8a-4e1f-ae21-f471b0478339,laravel php mysql
Senior Full Stack Developer,Education Management,FULL_TIME,Full Stack Developer,2026-03-10T09:05:02.305Z,2026-04-10,MindFlex Education Pte. Ltd,https://singaporetuitionteachers.com,https://images.glints.com/unsafe/glints-dashboard.oss-ap-southeast-1.aliyuncs.com/company-logo/cd6f190a0e966671ba9988adfd7f49bf.png,28 Sin Ming Lane,Jakarta Selatan,DKI Jakarta,ID,-6.33611,106.82083,18000000.0,24000000.0,IDR,MONTH,"WordPress Development, PHP, JavaScript, SQL, HTML, CSS, AI Systems",60.0,bachelor degree,"We are a Singapore-based company looking for a  Senior Full-Stack Developer  (min 5 years of full-stack experience) who enjoys building reliable, well-structured systems and takes pride in clean, efficient code. 
 
 You’ll work across the full stack - from database design to front-end and mobile components — and play a key role in improving performance, scalability, and long-term maintainability of our products. 
 
 This role is hands-on and ownership-driven, ideal for someone who likes solving real-world problems and improving systems, not just shipping features. 
 
 Technical Skills Required 
 - PHP (advanced / expert level) 
 - SQL (strong fundamentals and query optimisation) 
 - MariaDB 
 - HTML, CSS, JavaScript 
 - React Native 
 - Expo 
 - WordPress (customisation, plugins, performance tuning) 
 - API development (RESTful APIs, backend logic, integrations) 
 - AI integrations (APIs, automation, or AI-assisted features) 
 
 Nice To Have 
 - Experience implementing push notifications 
 - Familiarity with Jira for task and sprint management 
 - Comfortable using GitHub and Beanstalk for version control and deployments 
 - Experience working with Figma Dev Mode for design handoff 
 - Exposure to manual and/or automated testing 
 - Experience with performance tuning, debugging, and production issue resolution 
 - Prior experience working with remote or cross-border teams 
 
 Responsibilities 
 - Design, build, and maintain end-to-end web and mobile features, from database to UI 
 - Write clean, readable, and maintainable code following best practices 
 - Refactor and improve existing systems to enhance performance and reliability 
 - Ensure cross-browser and cross-device compatibility 
 - Develop and maintain reusable components and shared libraries 
 - Identify bottlenecks and implement performance optimisations across the stack 
 - Collaborate closely with designers, product managers, and other developers 
 - Take ownership of tasks and proactively suggest improvements to systems and processes 
 - Contribute to technical discussions and help raise overall code quality 
 - Lead other team members in Batam as we scale development team 
 
 Other Information 
 - You will be working with a Singaporean team, and also with other colleagues from Batam as we scale up our development team. 
 - Bi-weekly face-to-face meetings may be required, either at our office in Singapore or co-working space in Batam (cost covered by company) 
 - Candidates must be comfortable in communicating in English (spoken and written) & able to collaborate effectively with Singapore-based stakeholders and Batam-based teammates","MindFlex Education is Singapore's #1 provider for all private & home-related tuition services in Singapore.  As of 2026, we have arranged over 120,000+ tuition cases for 70,000+ happy clients. 
 Aside from excelling in our core business, we aim to provide meaningful job opportunities for our full-time staff and interns. If you are a dynamic team-player who is passionate for growth & fulfillment, join us today! You will enjoy your time with us!","free food and beverages, professional development, flexible work hours",True,https://glints.com/id/opportunities/jobs/senior-full-stack-developer/0002ebcb-042f-4d74-b40c-67fb7c6eaca7,wordpress development php javascript sql html css ai systems
"Web Developer (Java, Golang + Rust) - Banking Industry",Information Technology and Services,CONTRACTOR,Backend Developer,2026-03-02T09:51:31.103Z,2026-05-09,PT Sigma Global Teknologi,https://www.sigma-tech.co.id,https://images.glints.com/unsafe/glints-dashboard.oss-ap-southeast-1.aliyuncs.com/company-logo/3aba5816b8ecfbb79a395592af581035.png,"Sona Topas Tower Lt. 12, Jl. Jend. Sudirman, RT.4/RW.2, Kuningan, Kota Jakarta Selatan, Daerah Khusus Ibukota Jakarta 12920",Tangerang Selatan,Banten,ID,-6.26667,106.70972,14500000.0,15400000.0,IDR,MONTH,"Go / Golang, Microservices Architecture, Bitbucket, PostgreSQL, Java, CI/CD, Jenkins, Rust",60.0,bachelor degree,"Location: Bintaro Sektor 7 - Tangerang Selatan (Full WFO) 
 
Requirements: 
 1. Paham mengenai transaksi web or mobile banking 
 2. Menguasai pemrograman Java Springboot, Rust, Golang 
 3. Memiliki analytical thinking yang baik 
 4. Memahami micro services 
 5. Menguasai unit test dengan baik 
 6. Database Knowledge (PostGreSQL) 
 7. CI/CD Tools Knowledge (Bitbucket, Jenkins)","SIGMATECH is the enterprise technology partner of choice for software development, delivering a broad range of web, mobile, and desktop controls coupled with a service-oriented approach throughout the entire application life cycle. 
 SIGMATECH consists of highly skilled developers specializing in agile development methodology, focusing on Mobile & Web Solution, IT Services and business enterprise, utilizing modern programming languages as our platform. SIGMATECH has established itself as the trusted partner for use in mission-critical applications and service clientele from global insurance companies, government agencies and large consumer product manufacturers. 
 Our Vision : 
 To be the most reputable and dependable growth solution partner both for IT Professional Talents and Client's Businesses worldwide 
 Our Mission : 
 To be the most reputable and dependable growth solution partner both for IT Professional Talents and Client's Businesses worldwide 
 To be the most reputable and dependable growth solution partner both for IT Professional Talents and Client's Businesses worldwide","medical coverage, work station, bpjs tenaga kerja insurance and health, travel, thr financial benefits, career growth",True,"https://glints.com/id/opportunities/jobs/web-developer-(java,-golang-+-rust)---banking-industry/09d95471-e594-4311-893d-6c56eccb2eb2",go golang microservices architecture bitbucket postgresql java cicd jenkins rust
3D DESIGNER,Marketing and Advertising,FULL_TIME,Desainer 3D,2026-03-10T06:30:58.343Z,2026-04-10,Action+,https://actionplus.id,https://images.glints.com/unsafe/glints-dashboard.oss-ap-southeast-1.aliyuncs.com/company-logo/90ed55c5bc90549afc8e9c9054da51be.jpeg,"Jl. Keuangan I No.20c, RT9/RW5, Cilandak Baru, Kec. Cilandak, Kota Jakarta Selatan, Daerah Khusus Jakarta 12430",Jakarta Selatan,DKI Jakarta,ID,-6.29306,106.79583,7500000.0,9000000.0,IDR,MONTH,"3D Rendering, 3D Design, 3D Modeling, Event Management, Creative Design",60.0,bachelor degree,"Key Responsibilities: 
 
 Develop 3D design concepts for event layouts, exhibition booths, stages, backdrops, and other event-related structures 
 Translate client briefs and brand guidelines into accurate and compelling 3D visualizations 
 Produce professional 3D renderings and presentation materials for internal and client use 
 Ensure designs align with venue specifications, visitor flow, safety standards, and technical requirement 
 Coordinate closely with creative directors, clients, and other team members to ensure design consistency and meet project goals.  
 Manage design revisions based on client and internal feedback 
 
 
 Qualifications: 
 
 Minimum education: Diploma or Bachelor’s degree in Design, Architecture, Interior Design, or a related field 
 Min. 5 years experience as a 3D Designer preferably in event design 
 Proficiency in 3D design software such as SketchUp, 3ds Max, Blender, or Cinema 4D etcProficient in supporting tools including AutoCAD, Adobe Photoshop, and Adobe Illustrator 
 Strong knowledge of event layout planning, exhibition systems, and booth design standards 
 Excellent attention to detail, spatial awareness, and design accuracy 
 Ability to work effectively under pressure and meet project deadlines 
 Strong communication and teamwork skills","Action+ is a creative collective company that offers services to help brands to connect with their consumers thru experiential, activation, video production, and digital marketing. 
 
Consist of agile and experienced talents from multi disciplines with years of working experience from local and multi-national creative agencies. 
 
With deep knowledge of local markets and landscapes combines with our always sharpened skill set, we always push ourselves to answer brand's main pain point related to connecting with their consumers. 
 
We are here to help, we are here to Action.","medical coverage, career growth, work station, travel, insurance",True,https://glints.com/id/opportunities/jobs/3d-designer/11bcece2-6ca2-4359-8186-658849158fa1,rendering design modeling event management creative design
3D Designer,Events Services,CONTRACTOR,Desainer 3D,2026-03-30T08:01:51.981Z,2026-04-30,Coinfest Asia,https://coinfest.asia,https://images.glints.com/unsafe/glints-dashboard.oss-ap-southeast-1.aliyuncs.com/company-logo/9500f1a85400745478de822d8d1366ee.png,WORLD'S LARGEST CRYPTO FESTIVAL,Jakarta Selatan,DKI Jakarta,ID,-6.24444,106.8,5000000.0,5800000.0,IDR,MONTH,"3D Modeling, SketchUp, AutoCAD, 3D Rendering, Offline Event Operation, 3D Design",12.0,high school,"Hi Talents, thank you for showing your interest in our opening. Currently, we are looking for a 3D Designer and Production to work with our event! This is more of the position: 
 
 WORKING SCHEME  
 WFO | Blok M, South Jakarta 
 May - August 2026 
 
 RESPONSIBILITIES 
 
 Develop 3D designs for stage, booth, installation, and spatial event areas. 
 Translate creative concepts into realistic 3D renderings and technical drawings. 
 Ensure all designs are feasible for production and aligned with budget and venue regulations. 
 Coordinate closely with production, vendors, and contractors during fabrication and setup. 
 Supervise on-site execution to ensure the final build matches the approved design. 
 
 
 KEY RESPONSIBILITIES 
 
 1–3 years of experience in 3D design for events or spatial design 
 Strong portfolio showcasing stage, booth, or event structures 
 Proficient in SketchUp, Blender, 3Ds Max, or similar software 
 Understand production materials, construction, and technical details 
 Able to communicate and coordinate in English 
 
 
 RECRUITMENT PROCESS 
 Since this is the contract based, we won't cover BPJS, Tax, and Device/Laptop, ya.  
 
 Within applying to this position, we expect you to  understand and agree  about the working scheme and the salary.  
 Please, put your portfolio link to the DM or your BIO!  
 Then, we will contact you directly.  
 Design Test > Interview > Offering Stage.  
 
 
 PS: Please beware of the scam, we never ask any fee in any stage!","Coinfest immerses you directly into adoption, innovation, and emerging markets in Asia. Held in Bali - Indonesia, the event will be rather unique and not structured like a typical conference, giving all participants a platform to engage and network in a casual setting. Coinfest Asia is hosted by Coinvestasi, Indonesia’s #1 crypto media (part of Indonesia Crypto Network company).","near public transport work environment and facilities, travel, meal allowance financial benefits",True,https://glints.com/id/opportunities/jobs/3d-designer/e68798ef-37ac-4aa0-8718-14a78eef8e04,modeling sketchup autocad rendering offline event operation design
Fashion Designer,Apparel & Fashion,FULL_TIME,Fashion Designer,2026-04-01T16:14:30.825Z,2026-05-02,Tufine.id,https://www.tubita.id,https://images.glints.com/unsafe/glints-dashboard.oss-ap-southeast-1.aliyuncs.com/company-logo/e0961ab9299e151b190759003164a93a.png,"Caringin, Bandung",Bandung,Jawa Barat,ID,-6.93222,107.62694,3000000.0,4000000.0,IDR,MONTH,"Pattern Making, Product Development, New Product Development, Fashion Design",12.0,bachelor degree,"Key Responsibilities: 
 
 Develop seasonal concepts and design collections aligned with brand direction 
 Translate trends into commercial, marketable products 
 Create design sketches, tech packs, and material selection 
 Collaborate with production and merchandising for product execution 
 Monitor product development from concept to final sample 
 Analyze product performance and market trends 
 
 
 Requirements: 
 
 Degree in Fashion Design or related field 
 1 - 3 years experience in fashion design (ready-to-wear / retail preferred) 
 Strong sense of trend, color, and material 
 Proficient in design tools (Adobe Illustrator, etc.) 
 Detail-oriented with strong execution skills",PT. Afriwinsyah Cipta Sedaya (ACS) merupakan perusahaan yang bergerak dalam bidang fashion dan sejauh ini telah menghasilkan 2 brand. Yaitu Tufine.id dan Tubita.id. PT. ACS juga berkomitmen untuk berperan aktif dalam pemberdayaan wanita muslim Indonesia.,"perform bonus financial benefits, meal allowance financial benefits, travel, sales commission financial benefits, professional development, thr financial benefits, career growth",True,https://glints.com/id/opportunities/jobs/fashion-designer/81ec159b-e722-4a4f-8b06-d7d9c4587635,pattern making product development new product development fashion design
Packaging Designer,Consumer Goods,FULL_TIME,Packaging Designer,2026-03-27T01:25:11.117Z,2026-04-27,PT Brighty Global Sinergi,https://www.brightyofficial.com/,https://images.glints.com/unsafe/glints-dashboard.oss-ap-southeast-1.aliyuncs.com/company-logo/f7b314086b0ab1b8a717a0524be03ec1.jpg,"Ruko Topaz Jl Boulevar Barat Blok TCA No. 12, Marga Mulya, Kota Bks, Jawa Barat 17124",Bekasi,Jawa Barat,ID,-6.21028,107.005,5000000.0,6500000.0,IDR,MONTH,"Adobe Illustrator, Adobe Photoshop, Brand Design, Packaging Design",12.0,professional certificate,"PACKAGING DESIGNER 
 
 RESPONSIBILITIES 
 
 Mendesain kemasan produk sesuai identitas brand. 
 Menyiapkan file desain produksi (print-ready) sesuai standar teknis percetakan. 
 Berkolaborasi dengan tim marketing, brand, dan kreatif untuk mendukung kebutuhan visual. 
 Menjaga konsistensi visual, kualitas desain, dan deadline. 
 
 
 REQUIREMENTS 
 
 Minimal lulusan D3/S1 DKV/Multimedia/sejenisnya. 
 Mampu menggunakan software seperti Photoshop, Illustrator, After Effects, dan Premiere Pro. 
 Kreatif, mampu multi-tasking, dan memiliki inisiatif. 
 Memiliki pengalaman dalam desain grafis, ilustrasi, graphic motion, dan sejenisnya. 
 Mampu bekerja sama dengan tim. 
 Mengikuti tren desain visual marketing brand skincare dan makeup","Brighty adalah brand kecantikan yang berdiri sejak 2020. Kami berkomitmen untuk memberikan produk dengan bahan berkualitas tinggi yang membuat kulit kembali cantik, lebih sehat dan ternutrisi.",career growth,True,https://glints.com/id/opportunities/jobs/packaging-designer/5670607b-cbb4-4dca-b9cb-cdcca307d74d,adobe illustrator adobe photoshop brand design packaging design
Graphic Designer,Retail,CONTRACTOR,Desainer Grafis & Brand,2026-04-07T08:09:27.624Z,2026-05-08,Safwan Quran Store,http://www.safwanquran.com,https://images.glints.com/unsafe/glints-dashboard.oss-ap-southeast-1.aliyuncs.com/company-logo/108beda5a1eae618234969e33fd79cc6.jpeg,"alan Cisaranten Kulon.16 Rancakasumba, Cisaranten Kulon, Kec. Arcamanik, Jawa Barat, Kota Bandung, Jawa Barat 40293",Bandung,Jawa Barat,ID,-6.92028,107.67722,2500000.0,3000000.0,IDR,MONTH,"Adobe Premiere Pro, Video Editing, Image Editing",12.0,high school,"Deskripsi Pekerjaan 
 Kami mencari Graphic Designer yang kreatif, teliti, dan mampu bekerja cepat untuk mendukung kebutuhan konten digital perusahaan. 
 Posisi ini akan berperan penting dalam membuat konten visual menarik untuk media sosial, kampanye marketing, dan berbagai kebutuhan internal perusahaan. 
 
 Tanggung Jawab 
 
 Membuat desain grafis untuk kebutuhan promosi, iklan, dan branding perusahaan. 
 Mengelola arsip aset visual dan menjaga konsistensi identitas brand. 
 Bekerja sama dengan tim marketing dan multimedia untuk mengembangkan ide konten kreatif. 
 Melakukan riset tren visual dan menerapkannya ke dalam hasil karya. 
 
 Kualifikasi 
 
 Pendidikan minimal SMA/SMK sederajat (lebih disukai D3/S1 Desain Komunikasi Visual, Multimedia, atau sejenis). 
 Menguasai software desain dan editing seperti Adobe Photoshop, Illustrator, Premiere Pro, After Effects, atau CapCut. 
 Memiliki kreativitas tinggi dan perhatian pada detail. 
 Terbiasa bekerja dengan deadline dan mampu multitasking. 
 Diutamakan yang memiliki portofolio hasil desain editing. 
 
 Nilai Plus : 
 
 Pengalaman di industri digital marketing danGNO menjadi nilai tambah.","PT Safwan Berkah Indonesia merupakan perusahaan yang bergerak di bidang distribusi dan pemasaran Al-Qur’an serta produk Islami. Kami lahir dari komunitas “Baca Quran Yuk” sejak Februari 2023, dan secara resmi berdiri pada Maret 2024.","travel, career growth, professional development",True,https://glints.com/id/opportunities/jobs/graphic-designer/b1d42265-1c3b-4610-b0c0-528716c3721c,adobe premiere pro video editing image editing
Desainer Grafis,Apparel & Fashion,FULL_TIME,Desainer Grafis & Brand,2024-05-07T09:09:53.412Z,2026-05-09,ZipZap Corporation,https://www.zipzap.co.id,https://images.glints.com/unsafe/glints-dashboard.oss-ap-southeast-1.aliyuncs.com/company-logo/6fe13be7af4a78963df5efefb93927cf.png,"Jl. Menayu Lor Jl. Plurugan No.112, Menayu Lor, Tirtonirmolo, Kec. Kasihan, Kabupaten Bantul, Daerah Istimewa Yogyakarta 55181",Bantul,DI Yogyakarta,ID,-7.83333,110.32778,2200000.0,2500000.0,IDR,MONTH,"Adobe XD, Canva Design, CorelDRAW, Adobe Lightroom",12.0,professional certificate,"Job Descriptions 
 
 Membuat dan merancang materi branding atau iklan 
 Membuat materi iklan cetak dan digital 
 Mengembangkan Visual Utama dan Materi Pendukung untuk Kampanye Pemasaran 
 Membantu dalam pengelolaan situs web, buletin, dan lainny 
 Mendesain materi grafis, penjualan, dan pemasaran, misalnya EDM / Poster / Spanduk / Display Penjualan 
 Mengelola Desain dari Konsep hingga Produksi 
 Berinteraksi dengan percetakan eksternal atau kontraktor/pemasok untuk memastikan kualitas terbaik dan pemenuhan tenggat waktu 
 Mendokumentasikan dengan baik semua file desain 
 
 Job Requirements 
 
 Pendidikan minimal S1 Desain Komunikasi Visual 
 Pengalaman minimal 1 tahun di bidang yang sama 
 Terampil dalam fotografi dan videografi 
 Pengetahuan tentang produksi cetak, kode warna, format, dll. 
 Pengetahuan tentang pengeditan fotografi di Adobe Photoshop atau Lightroom",Zipzap Corporation bergerak dibidang konveksi yang berdiri sejak tahun 2008 yang berfokus pada ketepatan dan kecepatan produksi.,"free food and beverages, well ness, team building events, career growth, work station, medical coverage, vacation and leaves, gifts and vouchers",True,https://glints.com/id/opportunities/jobs/desainer-grafis/7e23bf2a-a64f-4869-9458-9565abec134d,adobe xd canva design coreldraw adobe lightroom
Multimedia Designer,Events Services,CONTRACTOR,Desainer Grafis & Brand,2026-03-15T14:44:20.533Z,2026-04-15,Collective Touring Indonesia,http://www.collectivetouring.com,https://images.glints.com/unsafe/glints-dashboard.oss-ap-southeast-1.aliyuncs.com/company-logo/5b46a1182fb912d260c122f04c428b5b.jpg,"Jl. Cimanuk no.6 Antapani Kidul, Kota Bandung 40291",Bandung,Jawa Barat,ID,-6.93222,107.62694,1000000.0,3000000.0,IDR,MONTH,"Canva Design, Graphic Design, Creative Design, Photo Editing, SketchUp, Motion Design, Social Media, Illustration, Adobe Photoshop, Adobe Illustrator, Brand Design, Photography, CorelDRAW, Adobe Premiere Pro, Logo Design, Web Design, Videography",12.0,professional certificate,"Multimedia Designer (Social Media & Brand Design) 
 
 Svbscape Networks – Bandung 
 
 Svbscape Networks is a creative media and marketing studio focused on storytelling, branding, and digital campaigns for brands, artists, and cultural projects. 
 
 Svbscape also serves as the media and marketing arm of PT Collective Touring Indonesia, a regional live entertainment promoter working with international artists and major events across Asia. 
 
 We are looking for a Multimedia Designer to create engaging visual content for client campaigns, social media, and brand marketing projects. 
 
 Responsibilities 
 
 • Design social media content for Instagram, TikTok, and digital campaigns 
 • Create visual assets for client marketing and promotional materials 
 • Edit and enhance photos for marketing content 
 • Design posters, digital ads, and event visuals 
 • Support development of brand identity and campaign visuals 
 
 Requirements 
 
 • Minimum 1 year experience in graphic or multimedia design 
 • Skilled in Adobe Photoshop and Illustrator 
 • Experience designing social media content 
 • Able to handle multiple projects and deadlines 
 • Portfolio of previous design work required 
 
 --- 
 
 Plus Points 
 
 • Motion graphics or video editing 
 • Experience in agency or client-based projects 
 • Interest in music, events, or creative industries 
 
 --- 
 
 📍 Location: Bandung 
 💼 Type: Contract (short-term) /  
 📩 Portfolio required 
 
 
 --- 
 
 If you're passionate about design, culture, and digital creativity, we'd love to see your work.",Music Promoter & Event Technology,"perform bonus financial benefits, sick leave leave and flexibility, communal space work environment and facilities, collective leave leave and flexibility, career growth, vacation and leaves",True,https://glints.com/id/opportunities/jobs/multimedia-designer/0ea99977-c08d-4e03-bec6-a61d033fa0c8,canva design graphic design creative design photo editing sketchup motion design social media illustration adobe photoshop adobe illustrator brand design photography coreldraw adobe premiere pro logo design web design videography
Graphic Designer,Information Technology and Services,FULL_TIME,Desainer Grafis & Brand,2026-04-09T10:41:41.63Z,2026-05-10,PT- CAHAYA BISNIS DIGITAL,http://cahayatech.com,https://images.glints.com/unsafe/glints-dashboard.oss-ap-southeast-1.aliyuncs.com/company-logo/15770a83dd1e596566331ab3bec5b14e.jpeg,"LIPPO TOWER HOLLAND VILLAGE, CEMPAKA PUTIH, Jl. Letjen Suprapto No.121 Holland Village Jakarta 10510 Jakarta",Jakarta Pusat,DKI Jakarta,ID,-6.17917,106.86806,6000000.0,7500000.0,IDR,MONTH,"Adobe Illustrator, Logo Design, Typography, Adobe Photoshop, Brand Design, Graphic Design, Teamwork",12.0,professional certificate,"Job Description 
 
 Mendesain konten visual untuk social media dan marketplace 
 Membuat materi promosi seperti banner, poster, dan thumbnail 
 Mengedit foto produk dan menyusun tampilan etalase online 
 Mengembangkan konsep desain sesuai branding perusahaan 
 Berkolaborasi dengan tim marketing dalam pembuatan konten 
 Terlibat dalam pembuatan ide dan konten video (jika diperlukan) 
 
 
 Requirements 
 
 Menguasai tools desain (Photoshop, Illustrator, CorelDRAW, atau Canva) 
 Mampu membuat dan mengedit konten visual untuk social media & marketplace 
 Memiliki sense desain yang baik (warna, tipografi, komposisi) 
 Kreatif dan mengikuti tren konten digital 
 Percaya diri tampil di depan kamera (nilai plus) 
 Komunikatif, ekspresif, dan mampu bekerja sama dengan tim 
 Mampu mengatur waktu dan bekerja dengan deadline","CAHAYA is a technology-driven company specializing in third-party payment aggregation and digital business solutions in Indonesia. We focus on enabling seamless, secure, and efficient payment systems while supporting business transformation through digital innovation and artificial intelligence (AI). 
 Our solutions are designed to meet the needs of B2B clients across various industries, providing integrated, end-to-end services that enhance operational efficiency and scalability. 
 With a strong local presence and understanding of the Indonesian market, CAHAYA continues to expand its capabilities to deliver reliable and future-ready digital solutions for businesses.","thr financial benefits, sales commission financial benefits, near public transport work environment and facilities, medical coverage, perform bonus financial benefits, bpjs tenaga kerja insurance and health, career growth",True,https://glints.com/id/opportunities/jobs/graphic-designer/a613df4d-a4eb-412c-9856-b11d96d7459a,adobe illustrator logo design typography adobe photoshop brand design graphic design teamwork
Graphic Designer,Education Management,FULL_TIME,Desainer Grafis & Brand,2026-04-04T01:06:57.615Z,2026-05-05,Yayasan Pendidikan Gen Wirausaha Kreasi Digital Indonesia,https://www.smartgenbandung.com,https://images.glints.com/unsafe/glints-dashboard.oss-ap-southeast-1.aliyuncs.com/company-logo/5ce0b496c79cc9b73e658b446fca7148.png,Jalan Ters.Pak Gatot Raya No 36 A Geger Kalong,Bandung,Jawa Barat,ID,-6.88806,107.59028,2400000.0,3600000.0,IDR,MONTH,"Graphic Design, Adobe Photoshop, Adobe Illustrator",12.0,high school,"Gelar sarjana di bidang Desain Grafis, Komunikasi Visual, atau bidang terkait. 
 Pengalaman 1-2 tahun dalam desain grafis untuk merek, diutamakan di industri kreatif, jasa & pendidikan. 
 Kemampuan menguasai Canva, Cupcut Premium, Adobe Creative Suite (Photoshop, Illustrator, InDesign, Figma). 
 Portofolio yang kuat yang menunjukkan kemampuan desain kreatif dan profesional. 
 Memiliki kemampuan mengedit video menjadi nilai tambah. 
 Kemampuan fotografi menjadi nilai tambah. 
 Kemampuan untuk beradaptasi dengan tren desain terbaru dan aplikasikan dalam karya. 
 Kemampuan berkomunikasi dengan baik, baik secara lisan maupun tulisan. 
 Memiliki pemahaman yang baik tentang prinsip desain visual dan pengaturan layout. 
 Memiliki perhatian terhadap detail dan mampu menyelesaikan pekerjaan dengan tepat waktu. 
 Bertanggung Jawab terhadap pekerjaan, dan dapat mengikuti target pekerjaan","Yayasan Pendidikan Gen Wirausaha Kreasi Digital Indonesia berdiri sejak 2019 dengan unit usaha Lembaga Pelatihan Kerja, Lembaga Kursus dan Lembaga Pendidikan Terapan. 
 Di Tahun 2025 merilis pendidikan formal pendidikan anak usia dini, dengan positioning sebagai Global Islamic Preschool","career growth, professional development, sales commission financial benefits, thr financial benefits, perform bonus financial benefits",True,https://glints.com/id/opportunities/jobs/graphic-designer/21000aca-a875-45de-8ac2-0aa7c2151e61,graphic design adobe photoshop adobe illustrator
Graphic Designer,Textiles,FULL_TIME,Desainer Grafis & Brand,2026-03-03T05:11:51.513Z,2026-05-05,PT Terus Jaya Bersama,http://tjbros.co.id,https://images.glints.com/unsafe/glints-dashboard.oss-ap-southeast-1.aliyuncs.com/company-logo/a2806009f2714d23edf98f3aee59ab56.png,Jl. Kebon Kacang 1 No. 25 FG ,Jakarta Pusat,DKI Jakarta,ID,-6.20556,106.81111,2800000.0,4200000.0,IDR,MONTH,"Creative Design, Editor, Creative Writing",12.0,professional certificate,"Job Descriptions 
 
 Membuat materi iklan cetak dan digital 
 Mengembangkan Visual Utama dan Materi Pendukung untuk Kampanye Pemasaran 
 Membantu dalam pengelolaan situs web, buletin, dan lainny 
 Mendesain materi grafis, penjualan, dan pemasaran, misalnya EDM / Poster / Spanduk / Display Penjualan 
 Mengelola Desain dari Konsep hingga Produksi 
 Berinteraksi dengan percetakan eksternal atau kontraktor/pemasok untuk memastikan kualitas terbaik dan pemenuhan tenggat waktu 
 Mendokumentasikan dengan baik semua file desain 
 Menciptakan design visual yang menarik diberbagau media 
 
 Job Requirements 
 
 Mahir dalam mengedit foto & video 
 Komunikatif & mampu kerja sama di tim 
 Kreatif, inovatif dan update dengan trend design 
 Memiliki konsep branding yang kuat 
 Pengetahuan tentang pengeditan fotografi di Adobe Photoshop atau Lightroom","Tj Bros adalah produsen garmen yang handal dan inovatif dalam negeri khususnya dalam bidang fashion. Produk utama kami adalah pakaian kemeja dan celana jeans yang telah dikenal di Indonesia dan Asia Tenggara dengan merk Annora, Blue Angel, Cotten Bay, dll. Produk-produk tersebut dikirim langsung ke para pelanggan.","career growth, perform bonus financial benefits, thr financial benefits",True,https://glints.com/id/opportunities/jobs/graphic-designer/8ce90243-b9aa-4991-b228-d9dcbb65e627,creative design editor creative writing
GRAPHIC DESIGNER,"Glass, Ceramics & Concrete",FULL_TIME,Desainer Grafis & Brand,2026-03-31T03:29:09.721Z,2026-05-01,PT Summit Indonesia,http://www.summitindonesia.com,https://images.glints.com/unsafe/glints-dashboard.oss-ap-southeast-1.aliyuncs.com/company-logo/0bc18aafbdc4cd6c34913846171264dd.png,Semarang,Jakarta Pusat,DKI Jakarta,ID,-6.17917,106.86806,5500000.0,7000000.0,IDR,MONTH,"Typography, Packaging Design, Brand Design, Graphic Design, Adobe Illustrator, Logo Design, Adobe Photoshop",12.0,bachelor degree,"Pendidikan min. S1 Desain Grafis, Desain Komunikasi Visual (DKV), atau bidang terkait 
 Memiliki pengalaman minimal 2 tahun sebagai Graphic Designer (diutamakan pengalaman di perusahaan material bangunan/konstruksi) 
 Menguasai software desain grafis seperti Adobe Photoshop, Illustrator, CorelDRAW, dan/atau software pendukung lainnya 
 Memahami konsep branding, layout, tipografi, dan color management yang sesuai dengan karakter industri material building 
 Mampu membuat desain untuk kebutuhan promosi offline dan online (brosur, katalog produk, spanduk, banner, media sosial, dll) 
 Memiliki pemahaman dasar mengenai produk material bangunan menjadi nilai tambah 
 Kreatif, detail-oriented, dan mampu menerjemahkan brief menjadi visual yang informatif dan menarik 
 Mampu bekerja secara mandiri maupun dalam tim 
 Disiplin, bertanggung jawab, dan mampu bekerja sesuai dengan deadline 
 Bersedia melakukan revisi desain sesuai arahan manajemen atau tim terkait",Distributor Granit,"career growth, insurance",True,https://glints.com/id/opportunities/jobs/graphic-designer/f5279e87-35b4-42d8-9ad9-484d7e202833,typography packaging design brand design graphic design adobe illustrator logo design adobe photoshop
pattern designer,Retail,FULL_TIME,Fashion Designer,2026-03-31T03:33:17.72Z,2026-05-01,Ratu Hijab,https://ratu-hijab.com/,https://images.glints.com/unsafe/glints-dashboard.oss-ap-southeast-1.aliyuncs.com/company-logo/dc065ff91e2e308d8eb1ce518f63ee9d.png,"Little Bangkok 105a, PGMTA",Jakarta Pusat,DKI Jakarta,ID,-6.1625,106.85556,2400000.0,5000000.0,IDR,MONTH,"Pattern Making, Dress Design, Fashion Design",12.0,professional certificate,"Tanggung Jawab: 
 
 Membuat dan mengembangkan motif desain sesuai dengan konsep brand dan kebutuhan produk (fashion, souvenir, tekstil, dll). 
 Menghasilkan desain motif yang original, kreatif, dan mengikuti tren pasar. 
 Melakukan riset tren desain, warna, dan pola yang sedang diminati. 
 Menyesuaikan desain dengan berbagai media (kain, printing, digital, dll). 
 Merevisi desain berdasarkan feedback dari tim creative / marketing. 
 Memastikan hasil desain siap produksi (repeat pattern, resolusi, warna akurat). 
 Berkolaborasi dengan tim produksi dan tim marketing untuk memastikan desain sesuai target market. 
 
 Kualifikasi: 
 
 Menguasai software desain seperti Adobe Illustrator, Photoshop, atau sejenisnya. 
 Memahami teknik pembuatan pattern/motif (seamless/repeat pattern). 
 Memiliki sense of design yang kuat (warna, komposisi, tren). 
 Kreatif, detail-oriented, dan mampu bekerja dengan deadline. 
 Berpengalaman di bidang desain motif menjadi nilai tambah. 
 Memiliki portofolio desain (wajib). 
 
 Output Pekerjaan: 
 
 File desain motif siap produksi (AI/PSD/PNG/JPG). 
 Pattern repeat yang rapi dan presisi. 
 Variasi warna dan versi desain. 
 Mockup aplikasi desain pada produk.",Ratu Hijab adalah merek fashion muslim yang berkomitmen untuk menyediakan produk berkualitas tinggi bagi muslimah Indonesia. Kami menghadirkan solusi fashion yang sesuai dengan nilai-nilai Islam dan menginspirasi muslimah untuk tampil modis dan percaya diri.,thr financial benefits,True,https://glints.com/id/opportunities/jobs/pattern-designer/586d6314-83d8-4ee7-978c-97221ded0f44,pattern making dress design fashion design
Senior Motion Designer,Animation,FULL_TIME,Desainer Grafis & Brand,2026-02-13T09:14:59.184Z,2026-05-01,Motion The Agency,http://www.motiontheagency.com,https://images.glints.com/unsafe/glints-dashboard.oss-ap-southeast-1.aliyuncs.com/company-logo/206adf5fb62b75eb22c3d014c2c81d95.png,"Jl. Raya Padonan No.88, Tibubeneng, Kec. Kuta Utara, Kabupaten Badung, Bali 80361",Badung,Bali,ID,-8.64484,115.163254,10000000.0,15000000.0,IDR,MONTH,"Adobe After Effects, Leadership, proactive, Teamwork, Typography, Motion Graphics, Figma, 3D Animation, 2D Animation",36.0,bachelor degree,"Motion The Agency is pushing the limits of motion design, and we need a talented  Senior Motion Designer  to help elevate our business and stay ahead of the competition. We’re looking for someone with fresh ideas, a proactive, a drive to lead, and the skills to take our work to the next level. 
 
  If you're passionate about pushing creative boundaries and you’re comfortable working in English (and Bali!), we want you. 
 
 Key Responsibilities 
 
 Lead and execute innovative motion design projects that exceed client expectations and elevate their brand. 
 Mentor and inspire junior designers, creating a collaborative, creative environment. 
 Stay ahead of design trends, bringing fresh ideas and new techniques to every project. 
 Drive the agency’s creative vision and contribute to business growth by delivering impactful work that sets us apart from competitors. 
 
 
 Why Motion The Agency 
 
 Competitive salary and benefits package. 
 Opportunities to work on a wide variety of exciting international projects with clients from different industries. 
 A dynamic and supportive work environment that encourages creativity and growth. 
 
 
 Ready to make an impact? Send us your CV, portfolio, and let's chat.","Motion The Agency is a motion graphics agency that specializes in creating high-quality animations, including UI, 2D, and 3D animations, primarily for Tech, B2B, SaaS marketing and business needs.","flexible work hours, sales commission financial benefits, thr financial benefits, career growth, insurance, medical coverage, bpjs tenaga kerja insurance and health",True,https://glints.com/id/opportunities/jobs/senior-motion-designer/5cbaec61-6600-4321-a6b9-af50204de3c1,adobe effects leadership proactive teamwork typography motion graphics figma animation animation
Architectural Designer & Interior Designer,Architecture & Planning,FULL_TIME,Arsitek,2026-04-01T05:25:48.043Z,2026-05-02,WIN ARSITEKTUR INTERIOR,https://www.instagram.com/winarchitecture.co,https://images.glints.com/unsafe/glints-dashboard.oss-ap-southeast-1.aliyuncs.com/company-logo/26e4824d8de0bfb169bcc2157652d98b.jpg,"The Belleza vOffice Jl. Arteri Permata Hijau No.34, RT.4/RW.2. Grogol Utara, Kebayoran Lama, Jakarta Selatan,  DKI Jakarta. 12210.",Jakarta Selatan,DKI Jakarta,ID,-6.24861,106.77778,5000000.0,7000000.0,IDR,MONTH,"Autodesk Revit, AutoCAD, Architectural Design, Revit",12.0,bachelor degree,"Responsibilities: 
 
      Develop architectural and interior design concepts based on project requirements and client needs 
      Prepare detailed architectural drawings and construction documentation 
      Create and develop 3D design models using Autodesk Revit 
      Compile material specifications for architectural and interior projects 
      Coordinate design plans and technical details to support project development and implementation 
 
 Qualifications : 
 
      Bachelor’s degree in Architecture, Interior Design, or a related field 
      Minimum 2 years of combined experience in architectural or interior design projects including internship and professional experience 
      Proficiency in Autodesk Revit for architectural modeling and design development 
      Understanding of construction drawings, material specifications, and design documentation 
      Ability to communicate project information and design concepts in Indonesian and English","WIN Architecture and Interior is a leading architecture and interior design studio based in Jakarta, Indonesia. We specialize in creating innovative and sustainable design solutions for a range of commercial and residential projects. Our talented team of architects, designers and support staff are driven by a shared passion for design excellence and delivering exceptional client experiences.",thr financial benefits,True,https://glints.com/id/opportunities/jobs/architectural-designer-&-interior-designer/b984e17f-6c2a-4b6f-a055-ebdf39068338,autodesk revit autocad architectural design revit
Graphic Designer,Hospital & Health Care,FULL_TIME,Desainer Grafis & Brand,2026-03-27T05:48:03.92Z,2026-04-27,Aesthetic Derma Centre,https://aestheticdermacentre.com/,https://images.glints.com/unsafe/glints-dashboard.oss-ap-southeast-1.aliyuncs.com/company-logo/5380d4cba4c8471228562f36b1c3f41a.jpeg,"Jl. Ir. H. Juanda No.88, Kota Bandung, Jawa Barat 40132",Bandung,Jawa Barat,ID,-6.88472,107.61528,4500000.0,5000000.0,IDR,MONTH,"Adobe Photoshop, Adobe Illustrator, Graphic Design",36.0,bachelor degree,"Kualifikasi 
 
 Menguasai tools desain (Adobe Photoshop, Illustrator, Canva, dll) 
 Memiliki sense of design & layout yang kuat 
 Kreatif, detail, dan mampu bekerja dengan deadline 
 Memiliki portfolio desain (WAJIB) 
 
 
 Tanggung Jawab Utama  
 
 Membuat desain visual untuk kebutuhan digital (social media, ads, dll) 
 Mengembangkan konsep visual sesuai dengan brand identity 
 Berkolaborasi dengan tim marketing & content untuk campaign 
 Menghasilkan desain yang menarik, konsisten, dan on-brand 
 Mengikuti tren desain untuk menjaga konten tetap fresh & relevan","Aesthetic Derma Centre is a health and beauty clinic that focuses on continuous quality, safety, and innovation while prioritizing exceptional service to customers and the community","meal allowance financial benefits, bpjs tenaga kerja insurance and health, medical coverage",True,https://glints.com/id/opportunities/jobs/graphic-designer/61d9c47b-b488-44c9-9d00-08c752bf1122,adobe photoshop adobe illustrator graphic design
Designer,Package/Freight Delivery,FULL_TIME,Desainer Grafis & Brand,2026-03-31T04:45:46.817Z,2026-05-01,MG Box,https://mg-box.com,https://images.glints.com/unsafe/glints-dashboard.oss-ap-southeast-1.aliyuncs.com/company-logo/ae5f8c35e71726fc080c61300b957727.png,"Panjang, RT 04, Panjangrejo, Kec. Pundong, Kabupaten Bantul, Daerah Istimewa Yogyakarta, Indonesia",Bantul,DI Yogyakarta,ID,-7.96944,110.34167,1600000.0,2400000.0,IDR,MONTH,"Logo Design, Brand Design, Graphic Design, Teamwork, Adobe Photoshop, Typography, Packaging Design, CorelDRAW",12.0,high school,"Deskripsi Pekerjaan :  
 
 Membuat dan mengembangkan design kardus/Packaging box sesuai kebutuhan produk permintaan klien  
 Menyusun gambar teknis kemasan yang siap digunakan untuk proses produksi  
 Berkoordinasi dengan tim marketing, sales, dan produksi untuk memastikan design sesuai spesifikasi  
 Melakukan revisi design berdasarkan feedback internal maupun klien  
 Memastikan design kemasan memperhatikan aspek fungsi, kekuatan, efisiensi bahan, dan estetika. 
 Membuat design pisau pon 
 
 
 Kualifikasi :  
 
 Pendidikan Minimal SMA/SMK  
 Memiliki pengalaman sebagai drafter/Packaging designer diutamakan  
 Menguasai softrware design (CorelDRAW, adobe illustrator, AutoCAD, atau software sejenis.  
 Teliti, kreatif, dan mampu bekerja sesuai deadline  
 Mampu berkomunikasi dengan baik dan bekerja secara tim.","Kami adalah perusahaan yang bergerak di bidang jasa pembuatan packaging box/ kardus kemasan. Kami melayani pembuatan berbagai kebutuhan dan keperluan untuk packing dan karton box industri dengan berbagai ukuran lengkap dengan sablon sesuai pesanan. Bahan dari single wall, double wall,, marga/duplex, ivory atau sesuai pesanan anda.","career growth, bpjs tenaga kerja insurance and health, thr financial benefits",True,https://glints.com/id/opportunities/jobs/designer/46429cf9-ba97-42b8-804f-1888661b11eb,logo design brand design graphic design teamwork adobe photoshop typography packaging design coreldraw
Experienced Fashion Designer,Apparel & Fashion,FULL_TIME,Fashion Designer,2025-05-02T07:38:32.403Z,2026-04-20,PT Top Intera Jaya,https://www.linkedin.com/company/top-intera-jaya/posts/?feedView=all,https://images.glints.com/unsafe/glints-dashboard.oss-ap-southeast-1.aliyuncs.com/company-logo/41aafe1eaca54fca79c698af78d46ef1.jpg,"Jalan Raya Jakarta - Bogor Km 38 No 1, Sukamaju - Sidamukti, Cilodong, Depok 16514 Jawa Barat - Indonesia",Depok,Jawa Barat,ID,-6.43361,106.83167,6000000.0,10000000.0,IDR,MONTH,"corel draw, Microsoft Office, Adobe Photoshop, Teamwork, Adobe Illustrator, Fashion Design",36.0,bachelor degree,"Key Responsibilities: 
 
 Design women's bags from initial concept to final prototype, including sketches, material selection, and specifications. 
 Conduct trend research and market analysis to ensure designs are aligned with current fashion trends and consumer demands. 
 Collaborate with the production team to ensure design feasibility and quality execution. 
 Develop mood boards, color palettes, and design presentations. 
 Create and maintain a strong portfolio of innovative bag designs. 
 Ensure all designs meet brand guidelines, cost targets, and functional requirements. 
 
 
 Qualifications: 
 
 Degree in Fashion Design, Product Design, or a related field. (Preferred Degree in Fashion Product Designer) 
 Minimum 1 year of experience in fashion or accessories design 
 Proficiency in design software such as Adobe Illustrator, Photoshop, or CorelDRAW. 
 Strong understanding of materials, textures, construction, and bag-making techniques. 
 Creative, detail-oriented, and up-to-date with fashion and accessory trends. 
 Excellent communication skills and ability to work collaboratively in a team environment. 
 A compelling portfolio showcasing original bag designs (Required).","PT Top Intera Jaya adalah perusahaan yang bergerak di bidang manufakturing memproduksi aksesoris wanita khususnya itu tas dan dompet wanita. Terletak di jalan raya Jakarta - Bogor KM 38 No 1, Kelurahan Sukamaju - Sidamukti, Kecamatan Cilodong, Kota Depok. Kami memiliki beberapa brand tas andalan seperti Les Catino, Gobelini serta OGGI Indonesia yang biasa di pasarkan secara langsung maupun online. Kami aktif di beberapa platform e - commerce seperti Shopee dan Tiktok Shop. Selain itu, profil produk kami dapat di lihat di akun instagram kami pada @topinterajaya dan @lescatino","medical coverage, bpjs tenaga kerja insurance and health, meal allowance financial benefits, thr financial benefits",True,https://glints.com/id/opportunities/jobs/experienced-fashion-designer/e2450f76-37ca-4954-84db-6e7625cff80d,corel draw microsoft office adobe photoshop teamwork adobe illustrator fashion design
Internship Graphic Designer,Consumer Goods,FULL_TIME,Desainer Grafis & Brand,2026-03-10T01:20:42.076Z,2026-04-10,PT Brighty Global Sinergi,https://www.brightyofficial.com/,https://images.glints.com/unsafe/glints-dashboard.oss-ap-southeast-1.aliyuncs.com/company-logo/f7b314086b0ab1b8a717a0524be03ec1.jpg,"Ruko Topaz Jl Boulevar Barat Blok TCA No. 12, Marga Mulya, Kota Bks, Jawa Barat 17124",Bekasi,Jawa Barat,ID,-6.21028,107.005,1500000.0,2000000.0,IDR,MONTH,"Graphic Design, Adobe Photoshop, Brand Design",12.0,professional certificate,"INTERNSHIP GRAPHIC DESIGNER 
 
 RESPONSIBILITIES 
 
 Freshgraduate dipersilahkan melamar, dan terbuka untuk mahasiswa akhir tanpa jadwal kuliah (jurusan DKV, Multimedia, atau jurusan terkait) 
 Up-to-date dengan tren visual marketing, khususnya brand skincare 
 Menguasai Adobe Photoshop, Illustrator, After Effects, dan Premiere Pro 
 Kreatif, inisiatif, mampu multi-tasking 
 Memiliki pengalaman desain grafis, ilustrasi, atau motion graphic (nilai tambah) 
 Pengalaman fotografi dan videografi menjadi nilai plus 
 
 
 REQUIREMENTS 
 
 Mendesain materi komunikasi dan promosi untuk berbagai platform 
 Membuat desain visual dan layout grafis yang menarik 
 Mengembangkan konsep desain, grafis, dan layouting sesuai kebutuhan brand 
 Berkolaborasi dengan tim kreatif dan social media untuk mendukung konten 
 Mengedit foto dan video untuk kebutuhan iklan dan media sosial","Brighty adalah brand kecantikan yang berdiri sejak 2020. Kami berkomitmen untuk memberikan produk dengan bahan berkualitas tinggi yang membuat kulit kembali cantik, lebih sehat dan ternutrisi.","career growth, thr financial benefits, medical coverage",True,https://glints.com/id/opportunities/jobs/internship-graphic-designer/785f31bf-7d30-4ce3-a8da-14dd147d6596,graphic design adobe photoshop brand design
Fashion Designer,Apparel & Fashion,FULL_TIME,Fashion Designer,2026-03-13T06:16:50.245Z,2026-04-13,PT. Thenblank Kreasi Indonesia,http://www.career.thenblank.com,https://images.glints.com/unsafe/glints-dashboard.oss-ap-southeast-1.aliyuncs.com/company-logo/1925bdb950b925a4d4fc544f3b8e8362.png,"Jl. Margonda No.263B, Kemiri Muka, Kecamatan Beji, Kota Depok, Jawa Barat 16423",Depok,Jawa Barat,ID,-6.37306,106.81889,5000000.0,7000000.0,IDR,MONTH,"Fashion Design, Pattern Making, Fashion Brand Sales",12.0,professional certificate,"Fashion Designer 
 
 Requirements : 
 - Bachelor's or Associate's degree in fashion design 
 - Minimum 2 years experience in the related field 
 - Excellent creativity with a good sense of fashion and style 
 - In-depth knowledge of garment technology, patterns and sewing 
 - Incredible attention to detail  
 
 Responsibilities : 
 - Researching current fashion trends and determining what consumers will like. 
 - Collaborating with the design team to develop ideas for new products based on research data. 
 - Designing sketches for new products 
 - Testing and deciding on fabrics, colors, patterns and textures for each design 
 - Overseeing the production of designs, including carrying out fittings  
 - Presenting story, mood, color boards, and samples to team  
 - Style looks for photoshoots, fashion shows, and campaign presentations to ensure cohesive visual storytelling aligned with the brand identity","THENBLANK is a local fashion brand that prioritizes quality, comfort, minimalist, and timeless style, established in 2012. 
 
 We’re committed to always give you a better daily-wear with timeless and minimalist design as our guide, either casual, semi-formal, or formal look, that you’ll love to wear anywhere and anytime. All of our collection were made with a great attention to material selection, cutting, and accessories, all made by Indonesian, in Indonesia.  
 Dress well, keep it simple!","professional development, career growth, loans, team building events, vacation and leaves, gifts and vouchers, work station",True,https://glints.com/id/opportunities/jobs/fashion-designer/ed4a105d-b9d0-4c77-809a-8023bca69143,fashion design pattern making fashion brand sales
graphic designer junior,Apparel & Fashion,FULL_TIME,Desainer Grafis & Brand,2026-03-10T04:53:03.216Z,2026-04-10,Tome Ame Official,http://www.tomeame.com,https://images.glints.com/unsafe/glints-dashboard.oss-ap-southeast-1.aliyuncs.com/company-logo/a0bafc15189104516dd25865852f7030.jpg,Jl. Sembarani No.2 Arcamanik,Bandung,Jawa Barat,ID,-6.92028,107.67722,3000000.0,4000000.0,IDR,MONTH,"Brand Design, Graphic Design, Adobe Illustrator, Typography, Adobe Photoshop, Motion Graphics",12.0,bachelor degree,"1. Membuat desain visual untuk kebutuhan media sosial, marketplace, dan campaign promosi. 
 2. Mengadaptasi desain ke berbagai format dan ukuran sesuai kebutuhan platform. 
 3. Melakukan revisi desain berdasarkan arahan tim Creative / Marketing. 
 4. Membantu pembuatan materi visual seperti banner promo, katalog, dan konten branding. 
 5. Berkoordinasi dengan tim Creative, Marketing, dan Social Media untuk kebutuhan desain. 
 6. Mengelola dan menyimpan file desain secara rapi sesuai brand guideline.","Tomeame Official adalah brand fashion & lifestyle yang berfokus pada pengembangan produk modern dengan desain yang simpel, stylish, dan relevan dengan tren saat ini. Kami hadir untuk memberikan pilihan fashion yang tidak hanya menarik secara visual, tetapi juga nyaman digunakan dalam berbagai aktivitas sehari-hari. 
 Kami percaya bahwa fashion merupakan bentuk ekspresi diri. Oleh karena itu, Tomeame Official berkomitmen untuk menghadirkan produk yang mampu merepresentasikan karakter, kepercayaan diri, dan gaya hidup generasi masa kini. 
 Dalam prosesnya, kami mengutamakan kualitas bahan, detail desain, serta pengalaman pelanggan secara menyeluruh. Tim kami terdiri dari individu kreatif dan adaptif yang terus berinovasi untuk menciptakan produk yang fresh dan kompetitif di industri fashion. 
 Sebagai brand yang sedang berkembang, Tomeame Official membuka peluang bagi talenta muda untuk bertumbuh bersama, berkontribusi, dan menjadi bagian dari perjalanan kami dalam membangun brand fashion yang kuat di pasar lokal maupun global.","thr financial benefits, travel, bpjs tenaga kerja insurance and health, career growth",True,https://glints.com/id/opportunities/jobs/graphic-designer-junior/1bf8785f-ffea-4ba7-bf43-357bf338e4df,brand design graphic design adobe illustrator typography adobe photoshop motion graphics
Curriculum Designer,Education Management,FULL_TIME,Posisi Pelatihan Khusus Lainnya,2026-03-18T06:15:35.106Z,2026-04-18,Luarsekolah,http://www.luarsekolah.com,https://images.glints.com/unsafe/glints-dashboard.oss-ap-southeast-1.aliyuncs.com/company-logo/7fb3963c1b8ce3802e0b5fc37f840652.jpg,"Centennial Tower Lt 29, Kav 24-25, Unit D-E, Jl. Gatot Subroto No.27, RT.2/RW.4, Karet Semanggi, Kecamatan Setiabudi, Kota Jakarta Selatan, Daerah Khusus Ibukota Jakarta 12950",Bandung,Jawa Barat,ID,-6.89361,107.63667,4000000.0,5000000.0,IDR,MONTH,"Training, Teamwork, Curriculum Development",12.0,bachelor degree,"Deskripsi Jabatan 
 Mengembangkan kurikulum pelatihan untuk produk pelatihan B2C maupun B2B, mulai dari proses Training Needs Analysis (TNA), penyusunan silabus, RPP, hingga penyusunan alat evaluasi pembelajaran. Bertanggung jawab menyiapkan brief/script untuk produksi media pelatihan serta melakukan kurasi terhadap hasil produksi materi pembelajaran agar sesuai dengan standar kualitas pembelajaran. 
 
 Kualifikasi 
 • Pria / Wanita, usia 23 – 30 tahun 
 • Pendidikan minimal D3/S1, diutamakan dari bidang Pendidikan, Psikologi, atau bidang terkait 
 • Memiliki pengalaman minimal 1 tahun dalam pengembangan kurikulum, penyusunan materi pelatihan, atau instructional design 
 • Memahami proses Training Needs Analysis (TNA) dan pengembangan kurikulum pembelajaran 
 • Mampu menyusun silabus, RPP, dan alat evaluasi pembelajaran secara sistematis 
 • Memiliki kemampuan analisis dan penyusunan materi pembelajaran yang terstruktur 
 • Mampu bekerja secara kolaboratif dalam tim 
 
 Kemampuan Lainnya 
 • Memiliki kemampuan bahasa Jepang menjadi nilai tambah 
 • Terbiasa menggunakan Google Workspace (Drive, Docs, Spreadsheet, Slides, Calendar)","Luarsekolah is a vocational learning and teaching marketplace startup, providing curated online and offline courses to help Indonesian millennials learning and mastering new skills that support the industry 4.0 needs. Currently, Luarsekolah have 800.000+ alumni spread throughout Indonesia.","thr financial benefits, flexible work hours, medical coverage",True,https://glints.com/id/opportunities/jobs/curriculum-designer/5a0116af-38f2-4638-9162-4a9eb0a4ed5a,training teamwork curriculum development
Graphic Designer,Design,FULL_TIME,Desainer Grafis & Brand,2026-03-30T01:50:22.427Z,2026-04-30,PT Delightly Digital Solusi,http://delightly.id,https://images.glints.com/unsafe/glints-dashboard.oss-ap-southeast-1.aliyuncs.com/company-logo/6ed90a284ba1d19e4ce84edbdcfee656.png,"Komplek Cimindi Raya Blok C-11, RT 04 RW 04, Kelurahan Pasir Kaliki, Kecamatan Cimahi Utara, Kota Cimahi, Provinsi Jawa Barat",Cimahi,Jawa Barat,ID,-6.8625,107.55083,2000000.0,4000000.0,IDR,MONTH,"Typography, Graphic Design, Adobe Photoshop, Logo Design, Packaging Design, Brand Design, Adobe Illustrator",12.0,high school,"Logo Designer Perusahaan (Corporate & Branding) 
 
 Kami sedang mencari Logo Designer yang fokus pada pembuatan logo perusahaan dan branding, bukan sekadar desain logo dekoratif. Posisi ini cocok untuk kandidat yang terbiasa bekerja berdasarkan brief, cepat dalam pengerjaan, siap revisi, dan mampu mengikuti target serta alur kerja perusahaan. 
 
 Job Description 
 • Membuat logo perusahaan sesuai brief klien 
 • Mengembangkan konsep visual branding yang relevan dengan bisnis klien 
 • Mengerjakan revisi dengan cepat, rapi, dan sesuai arahan 
 • Menyesuaikan hasil desain dengan deadline dan ekspektasi klien yang realistis 
 • Mengikuti SOP, alur revisi, dan sistem kerja perusahaan 
 
 Kualifikasi 
 • Berpengalaman sebagai Logo Designer atau Brand Designer 
 • Wajib memiliki portofolio logo perusahaan atau branding 
 • Paham perbedaan antara logo yang hanya estetik dan logo yang tepat untuk brand 
 • Mampu bekerja cepat tanpa menurunkan kualitas desain 
 • Terbiasa bekerja dengan brief, revisi, dan deadline 
 • Bisa mengikuti gaya kerja perusahaan, bukan hanya gaya pribadi 
 • Menguasai Adobe Illustrator 
 • Teliti, komunikatif, disiplin, dan bertanggung jawab",agensi yang membantu ukm untuk bertumbuh bersama.,"professional development, thr financial benefits, travel, perform bonus financial benefits, meal allowance financial benefits",True,https://glints.com/id/opportunities/jobs/graphic-designer/1dec3a68-b134-40b9-8831-0953d40fd169,typography graphic design adobe photoshop logo design packaging design brand design adobe illustrator
Graphic Designer,Food & Beverages,CONTRACTOR,Desainer Grafis & Brand,2026-04-06T06:27:34.12Z,2026-05-07,Adhya Group,https://www.adhya.id/,https://images.glints.com/unsafe/glints-dashboard.oss-ap-southeast-1.aliyuncs.com/company-logo/0a368a759acda7faee5b5b17c1d0e878.jpeg,"Tengah, People & Place - Adhya Business Center, Palmerah
Jl. Bang Pitung No.396, RT.1/RW.11, Utara, Kec. Kb. Jeruk, Kota Jakarta Barat, Daerah Khusus Ibukota Jakarta 11540",Jakarta Selatan,DKI Jakarta,ID,-6.24444,106.8,8000000.0,9000000.0,IDR,MONTH,"Logo Design, Packaging Design, Brand Design, Typography, Graphic Design, Adobe Photoshop, Adobe Illustrator",36.0,bachelor degree,"Pendidikan minimal D3//S1 Desain Grafis, DKV, atau bidang terkait 
 Memiliki pengalaman minimal 2–4 tahun sebagai Graphic Designer, diutamakan dari industri F&B, hospitality, atau luxury brand 
 Memiliki sense of design yang kuat, khususnya dalam branding premium / high-end aesthetic 
 Menguasai software desain seperti Adobe Photoshop, Illustrator, InDesign (After Effects / Premiere menjadi nilai tambah) 
 Berpengalaman dalam membuat materi visual untuk kebutuhan marketing (social media, menu, packaging, campaign, dll.) 
 Memahami prinsip visual branding, typography, layout, dan color theory dengan baik 
 Mampu menerjemahkan konsep brand menjadi visual yang elegan, konsisten, dan menarik 
 Memiliki kemampuan photo editing & basic photography (nilai tambah jika memahami food photography) 
 Detail-oriented dan memiliki standar kualitas visual yang tinggi 
 Mampu bekerja secara cepat dengan deadline tanpa mengurangi kualitas 
 Memiliki kemampuan komunikasi yang baik dan mampu bekerja sama dengan tim marketing maupun operasional 
 Up-to-date dengan tren desain, khususnya di industri F&B premium dan lifestyle","Adhya adalah group usaha yang bergerak melalui 4 pilar bisnis: Property & hospitality, Media & Entertainment, Creative, Food & beverage, Product & Services. Meski masing – masing dikelola secara independen, namun dipersatukan kesamaan nilai dan budaya","bpjs tenaga kerja insurance and health, medical coverage, career growth, thr financial benefits",True,https://glints.com/id/opportunities/jobs/graphic-designer/5b924fdb-b134-4f95-9d97-ce5b70c5839b,logo design packaging design brand design typography graphic design adobe photoshop adobe illustrator
Graphic Designer,Retail,FULL_TIME,Desainer Grafis & Brand,2026-03-27T16:32:26.784Z,2026-04-27,Toko Tiga,http://www.tokotiga.com,https://images.glints.com/unsafe/glints-dashboard.oss-ap-southeast-1.aliyuncs.com/company-logo/3e46865c8753e5d5afeab3bcc03a85f7.jpg,"jl. Perniagaan raya no.70, tambora, roa malaka",Jakarta Barat,DKI Jakarta,ID,-6.14861,106.80278,4500000.0,5500000.0,IDR,MONTH,"Typography, Brand Design, Logo Design, Adobe Photoshop, Adobe Illustrator, Graphic Design, Packaging Design",36.0,professional certificate,"Tentang Perusahaan 
 
 TOKO TIGA adalah perusahaan retail online & offline yang bergerak di bidang mesin jahit dan perlengkapan jahit terbesar di Indonesia sejak tahun 1980. 
 Kami mencari individu yang kreatif, kritis, dan memiliki dedikasi tinggi untuk berkembang bersama dan memberikan dampak nyata bagi industri jahit di Indonesia. 
 
 Deskripsi Pekerjaan 
 Membuat design untuk kebutuhan digital (Instagram, TikTok, Website, Marketplace, dll.) 
 Membuat materi promosi seperti banner, brosur, katalog, dan campaign visual 
 Mengembangkan visual branding yang konsisten dan menarik 
 Bekerja sama dengan tim konten & marketing untuk kebutuhan campaign 
 Mengikuti tren design terbaru di social media & digital platform 
 
 Kriteria 
 Can do better than our current visual & branding projects 
 Memiliki sense design yang kuat (layout, warna, typography) 
 Memahami prinsip design & visual storytelling 
 Deep passion for design and willingness to learn new creative trends 
 Candidate must possess at least Bachelor’s Degree in Design/Creative/Multimedia atau setara 
 Required language(s): Bahasa Indonesia & English 
 Fresh Graduate sangat dipersilakan melamar 
 Memiliki attitude yang baik: profesional, disiplin, dan terbuka terhadap feedback 
 Memiliki jiwa kepemimpinan & teamwork yang baik 
 
 Required Skills 
 Adobe Illustrator 
 Adobe Photoshop 
 Adobe InDesign (nilai plus) 
 Basic motion (After Effects jadi nilai tambah) 
 Familiar dengan design untuk social media & digital ads 
 
 Nilai Tambahan 
 Motion graphic & animation 
 Mengikuti tren design (Instagram, TikTok, YouTube) 
 Pengalaman di e-commerce / retail / digital company 
 Photography & photo editing 
 Basic video editing menjadi nilai plus 
 Memiliki kemampuan menjahit atau memahami dunia jahit menjadi nilai plus besar 
 
 Job Type 
 Full Time, Contract 
 Hybrid (WFO 3x seminggu) 
 
 Benefit 
 Gaji Pokok 
 Tunjangan Harian 
 Bonus Tahunan 
 THR 
 PPh 21 
 Makan harian 
 BPJS Kesehatan 
 Cuti Tahunan 12 hari 
 Jam Kerja 
 
 Senin - Jumat : 11.00 – 18.00 
 Sabtu, Minggu & Tanggal Merah Libur 
 
 Note 
 
 Please kindly check our brand direction: 
 Youtube: TOKO TIGA Mesin Jahit 
Instagram: tokotiga_mesinjahit 
Tiktok : TOKOTIGA 
 
 ⚠️ WAJIB MELAMPIRKAN PORTFOLIO & CV 
 Tanpa portfolio → otomatis tidak diproses","TOKO TIGA adalah Perusahaan online dan offline retail yang bergerak dibidang mesin jahit dan perlengkapan jahit terbesar di Indonesia yang berdiri sejak 1980.  
 Kami sedang membangun sebuah Platform (wadah) baru untuk para penjahit di seluruh Indonesia. Kami membutuhkan orang-orang yang memiliki dedikasi tinggi, kritis, dan ingin membangun dan memberikan manfaat bagi semua penjahit di Indonesia.","perform bonus financial benefits, thr financial benefits, vacation and leaves, work station, loans, medical coverage, yearly bonus financial benefits, career growth, travel, meal allowance financial benefits",True,https://glints.com/id/opportunities/jobs/graphic-designer/5f05d06c-fee3-41e5-87f8-7e5f2d9dff9e,typography brand design logo design adobe photoshop adobe illustrator graphic design packaging design
Graphic Designer 3D,Retail,FULL_TIME,Desainer 3D,2026-03-28T10:58:33.847Z,2026-04-28,PT Juragan Kucek Indonesia,http://www.juragankucek.com,https://images.glints.com/unsafe/glints-dashboard.oss-ap-southeast-1.aliyuncs.com/company-logo/971c2dfcf147b26b24551216a6daecbf.jpg,"International Financial Centre, 23rd Floor, Jl. Jenderal Sudirman No.Kav. 22-23, Karet, Setiabudi, Jakarta Selatan, DKI Jakarta, 12920",Depok,Jawa Barat,ID,-6.36861,106.78083,3000000.0,4000000.0,IDR,MONTH,"Product Design, AutoCAD, SketchUp",12.0,bachelor degree,"Kualifikasi yang diperlukan untuk posisi ini mencakup: pendidikan minimal S1; pengalaman kerja antara satu hingga tiga tahun di bidang 3D design dan grafis; kemampuan menggunakan perangkat lunak seperti AutoCAD, SketchUp, dan Product Design. Kami mencari individu yang memiliki keterampilan desain visual yang cemerlang dan semangat untuk berkembang di dunia teknologi dan bisnis laundry. PT Neat Republic memberikan lingkungan kerja yang mendukung pertumbuhan karier dan kolaborasi yang produktif. Bergabunglah dengan tim kami dan jadilah bagian dari perjalanan sukses kami!",Juragan Kucek adalah jaringan kemitraan outlet binatu dengan konsep Laundry Anti Hilang yang terintegrasi dengan teknologi digital sehingga bisnis laundry dapat berjalan optimal meski Mitra tidak terjun secara langsung (autopilot),"career growth, near public transport work environment and facilities",True,https://glints.com/id/opportunities/jobs/graphic-designer-3d/ed118e94-52bc-4a83-808a-77f9179f4ed6,product design autocad sketchup
Graphic Designer,Food & Beverages,FULL_TIME,Desainer Grafis & Brand,2026-02-26T15:01:25.031Z,2026-04-25,Resto Gurih 7,https://restogurih7.com,https://images.glints.com/unsafe/glints-dashboard.oss-ap-southeast-1.aliyuncs.com/company-logo/daabc58bf2b2e089dfcb5d1b95991388.png,"Jl. Raya Pajajaran No.102, Bantarjati, Kec. Bogor Utara, Kota Bogor, Jawa Barat 16153",Bogor,Jawa Barat,ID,-6.57083,106.81944,5300000.0,6300000.0,IDR,MONTH,"Graphic Design, Adobe Photoshop, Content Editing, Video Editing, Photo Editing, Typography, Brand Design, Adobe Illustrator, Packaging Design, Logo Design",12.0,bachelor degree,"Graphic Designer — Gurih 7 & Rumah Talas | Bogor 
 
 Role Summary 
 Own end-to-end visual production for both brands: graphic design, content capture (photo/video), and basic motion. Deliver fast, consistent, on-brand assets for campaigns, social media, and outlet needs. 
 
 Key Responsibilities 
 
 Brand-Consistent Visual Output:  maintain consistent look & feel across all materials (layout, typography, color, tone). 
 Campaign & Promo Assets:  key visuals for promos, events, launches, seasonal campaigns (digital + print). 
 Content Production (On-site):  take photo/video for products, ambience, and events; deliver ready-to-post content. 
 Motion & Short-form Support:  simple motion graphics/animations for Reels/Stories/TikTok-style assets. 
 Social Media Design Support:  daily social assets, templates, and fast turnarounds for trending needs. 
 Print & Outlet Collaterals:  menus, table tents, posters, signage, vouchers, packaging labels, and other store materials. 
 P roduction-Ready Files & Workflow:  version control, clean file management, export specs for print/digital, revision handling. 
 
 Requirements 
 
 S1 in Visual Communication Design, Graphic Design, Multimedia, Film/TV, or related field. 
 2+ years in a similar role (F&B/retail/hospitality preferred). 
 Strong graphic fundamentals: layout, typography, visual hierarchy, and consistency. 
 Able to  design + shoot photo/video + do basic editing + create light motion independently. 
 Proficient in Adobe (AI/PS/ID) and/or equivalent; plus tools like After Effects/CapCut/Premiere for basic motion/editing. 
 Fast, organized, detail-accurate; comfortable with tight deadlines and frequent revisions.",Restoran Gurih 7 adalah restoran yang menyajikan hidangan Khas Sunda terbaik dengan rasa yang autentik.,"medical coverage, meal allowance financial benefits, career growth",True,https://glints.com/id/opportunities/jobs/graphic-designer/002051eb-6268-4434-b7b5-883f34be3091,graphic design adobe photoshop content editing video editing photo editing typography brand design adobe illustrator packaging design logo design
GRAPHIC DESIGNER,Retail,FULL_TIME,Desainer Grafis & Brand,2025-05-14T07:49:13.124Z,2026-04-17,PT Mulia Cipta Indonesia (Lofty White),http://www.loftywhite.com,https://images.glints.com/unsafe/glints-dashboard.oss-ap-southeast-1.aliyuncs.com/company-logo/5a84d4f3f9dddfa2755b1f674cc7fbf0.png,"Jakarta Barat, DKI Jakarta",Jakarta Barat,DKI Jakarta,ID,-6.19861,106.74167,4000000.0,5500000.0,IDR,MONTH,"Creative Design, Graphic Illustrations, Adobe Photoshop, Graphic Design, Adobe Illustrator",12.0,bachelor degree,"Degree in Graphic Design or similar 
 At least 1 year of experience in graphic design 
 Can use Photoshop, Illustrator, and InDesign 
 Able to design for social media, packaging, marketing, marketplace, and website 
 Understands layout, color, and brand style 
 Detail-oriented with a strong design sense 
 Portfolio required","Welcome to Lofty White, where luxury meets everyday comfort. We offer premium bedding and plush bath towels made from the finest materials. From cozy nights in bed to refreshing moments after a bath, our products bring softness and style to your home. Experience the perfect blend of elegance and comfort with Lofty White.",career growth,True,https://glints.com/id/opportunities/jobs/graphic-designer/c5f79422-ea4e-4ff2-aaa0-1692ec8eb848,creative design graphic illustrations adobe photoshop graphic design adobe illustrator
Graphic Designer,Food & Beverages,FULL_TIME,Desainer Grafis & Brand,2026-03-04T02:44:50.301Z,2026-05-04,Chronicle Coffee,http://chronicle.co.id,https://images.glints.com/unsafe/glints-dashboard.oss-ap-southeast-1.aliyuncs.com/company-logo/eccb0a61fc702780732633e82d352bdf.png,"Podomoro Golf View, Ruko Granada B3-39. Jl. Mochamad Thohir, Desa Bojong Nangka, Kec. Gunung Putri.",Bogor,Jawa Barat,ID,-6.40972,106.93583,3000000.0,3800000.0,IDR,MONTH,"Leadership, Graphics And Text Layout, Packaging Design, Graphic Design, Typography, Adobe Photoshop, Product Design, Canva Design, Logo Design, Adobe Illustrator, Social Media, Creative Thinking, E-Commerce Graphic Designer, Teamwork, Design Thinking, Graphic Illustrations, Figma, Motion Graphics, Creative Design, Brand Design",12.0,high school,"JOB DESCRIPTION: 
 Graphic Designer yang sangat kreatif dan detail oriented. Peran ini bukan sekadar tentang estetika ""cantik"", melainkan tentang menciptakan sistem branding yang kohesif dan desain kemasan inovatif yang mampu bercerita. Dari kemasan kopi specialty Chronicle hingga katalog produk, dan kebutuhan branding lainnya. 
 
 JOBDESK: 
 1. Memimpin pengembangan konsep kemasan dari tahap ide hingga menjadi file siap cetak. 
 2. Menguasai pembuatan dieline (pola potong), proses cetak, dan pemilihan material. 
 3. Menjaga konsistensi identitas visual brand di seluruh titik sentuh (touchpoints), baik digital (media sosial), cetak (brosur/label), maupun produk fisik. 
 4. Bekerja sama dengan tim R&D untuk merancang inovasi produk baru dan komponen bernilai tambah lainnya. 
 5. Memeriksa file akhir sebelum dikirim ke percetakan dengan toleransi kesalahan nol (zero error). 
 6. Melakukan pengecekan ketat pada tipografi, bleed, profil warna (CMYK vs. Pantone), penempatan barcode/SKU, dan teks kepatuhan hukum/regulasi. 
 7.Mengelola sistem pengarsipan digital yang sangat rapi untuk semua aset desain, kontrol versi (version control), dan file siap 
 8. Memastikan semua aset (font, foto, logo) tersimpan dengan struktur yang memudahkan tim lain untuk mengakses jika diperlukan. 
 
 KUALIFIKASI & SKILL WAJIB: 
 1. Ahli dalam Adobe Creative Suite (Illustrator, Photoshop, InDesign) dan Figma, serta Canva/Affinity Designer. 
 2. Update terhadap trend desain saat ini dan dapat bekerja t 
 3. Detail oriented terhadap hal-hal kecil, rapih dan terorganisir. 
 4. Portfolio dalam cetak kemasan memiliki nilai plus","Chronicle is a coffee company born from a deep appreciation for flavor, culture, and the rich biodiversity of the Indonesian archipelago. With our motto: Taste of Archipelago, we are dedicated to delivering high quality local Indonesian coffee that tells a story in every sip. 
 We believe coffee is more than just a drink it’s a journey of heritage, hard work, and the unique character of the land it comes from. That’s why Chronicle Coffee works directly with local farmers across Indonesia, ensuring every bean is grown, harvested, and processed with care, sustainability, and authenticity.","career growth, free food and beverages, thr financial benefits, perform bonus financial benefits, overtime pay financial benefits, bpjs tenaga kerja insurance and health",True,https://glints.com/id/opportunities/jobs/graphic-designer/ab34c65f-6d65-40bb-a08b-6e8dca559703,leadership graphics text layout packaging design graphic design typography adobe photoshop product design canva design logo design adobe illustrator social media creative thinking ecommerce graphic designer teamwork design thinking graphic illustrations figma motion graphics creative design brand design
Graphic Designer Offline Activation,Marketing and Advertising,CONTRACTOR,Desainer Grafis & Brand,2026-03-25T06:04:06.339Z,2026-04-25,F4elements,https://www.f4elements.com,https://images.glints.com/unsafe/glints-dashboard.oss-ap-southeast-1.aliyuncs.com/company-logo/e967d794a135c6c6d1f8d4ce3de7bddf.jpeg,"Jl. Jaha No. 88, Pasar Minggu, Jakarta Selatan",Bandung,Jawa Barat,ID,-6.90472,107.61722,2000000.0,3500000.0,IDR,MONTH,"Adobe Photoshop, Adobe Illustrator, key visual, Graphic Design",12.0,bachelor degree,"Deskripsi :  
 
 Membuat desain untuk kebutuhan event & activation (booth, backdrop, signage, merchandise, dll) 
 Mengembangkan visual konsep dari ide campaign menjadi implementasi fisik 
 Berkolaborasi dengan tim kreatif, produksi, dan vendor untuk memastikan hasil sesuai desain 
 Menyiapkan final artwork yang siap cetak (print-ready) 
 Mengawasi hasil produksi agar sesuai dengan guideline dan kualitas desain 
 Menyesuaikan desain dengan identitas brand client 
 
 
 Kualifikasi: 
 
 Menguasai Adobe Illustrator, Photoshop (3D tools jadi nilai tambah) 
 Paham material produksi & teknik cetak (offset, digital print, dll) 
 Memiliki sense spatial & layout untuk media fisik 
 Teliti, detail-oriented, dan terbiasa dengan deadline ketat 
 Pengalaman di agency activation/event jadi nilai plus","F4elements atau PT. Kreasi Antar Rupa adalah Agensi Marketing dan Periklanan yang telah berdiri dari tahun 2011. Perusahaan ini memiliki 3 fokus utama yaitu Events & Activations, Digital Performance Marketing, dan Branding.  
 
 Kami berpengalaman bekerjasama dengan Brand ternama seperti Uniqlo, Danone, Grab, Nutricia, OLX Autos, Aqua, Decathlone, Mizone, GoodDay, Lenovo, Ray White, Sony, G-Shock, Ikea, XL, Kalbe dan lain-lain.  
 
 F4elements memiliki beberapa unit bisnis diantaranya : 
 
INTERFACE BR4ND COMMUNICATION (Brand Activation & KOL Management), STUDIO VIRTU4LEVENT (Virtual Event Management), SUNRISE DIGIT4L MARKETING (Digital Marketing Optimization), REFLAX INDONESIA (Grassroots & Rural Organizer), GIZ4 CONSTRUCTION (Stage, Booth, Backdrop, Interior & Other Construction), PRINTWORKS DIGIT4L PRINTING (B2B and B2C Printing), ELEMENT4BRANIDNG (POSM and Display Branding).","near public transport work environment and facilities, medical coverage, bpjs tenaga kerja insurance and health",True,https://glints.com/id/opportunities/jobs/graphic-designer-offline-activation/e7e1cbdb-dbb0-4306-b4fa-0a2662508c98,adobe photoshop adobe illustrator key visual graphic design
Graphic Designer,Media Production,FULL_TIME,Desainer Grafis & Brand,2026-04-09T03:25:34.368Z,2026-05-10,Yousee Academy,https://www.instagram.com/yousee.academy,https://images.glints.com/unsafe/glints-dashboard.oss-ap-southeast-1.aliyuncs.com/company-logo/84aba69c29167dcea96f54d91dfb9e5a.png,Bogor,Bogor,Jawa Barat,ID,-6.54639,106.78306,4000000.0,4500000.0,IDR,MONTH,"Graphic Design, Adobe Illustrator, Canva Design, Adobe Photoshop, Brand Design",12.0,bachelor degree,"Job Description 
 
 Create visually appealing designs for digital and print needs (social media, marketing materials, branding, etc.) 
 Collaborate with the content and marketing team to develop engaging visual concepts 
 Ensure all designs are aligned with company and client needs/guidelines 
 Create design concepts with a feminine/girly style when required by the brand or campaign 
 Stay updated with current design trends and implement fresh, creative ideas 
 Handle multiple projects and meet tight deadlines in a fast-paced environment 
 
 Requirements 
 
 Minimum 2 years of experience as a Graphic Designer, preferably in a startup environment 
 Proficient in design tools: Adobe Creative Suite (Photoshop, Illustrator, etc.) and Canva 
 Strong sense of visual design, layout, and typography 
 Up-to-date with the latest design trends and digital content styles 
 Creative, detail-oriented, and able to work independently or in a team 
 Able to join ASAP & WFO in Cimanggu Bogor","YouSee Academy adalah agency yang bergerak di bidang jasa penguatan personal branding untuk perusahaan dan business owner. Kami membantu klien membangun citra diri dan identitas profesional yang kuat, relevan, dan berdampak, sehingga mampu meningkatkan kepercayaan audiens serta nilai bisnis secara berkelanjutan. 
 
 Visi 
 Menjadi agency dan lembaga pengembangan kompetensi terpercaya yang berperan aktif dalam menciptakan brand dan sumber daya manusia yang kreatif, profesional, dan berdaya saing di tingkat nasional 
 
 Misi 
 
 Menyediakan layanan branding sosial media yang strategis, kreatif, dan sesuai dengan karakter klien. 
 Mengembangkan program private class yang fokus pada keterampilan praktis dan kebutuhan nyata industri. 
 Menyelenggarakan seminar yang inspiratif, edukatif, dan relevan dengan perkembangan zaman.  
 Membangun kemitraan jangka panjang yang saling menguntungkan dengan klien dan mitra.  
 Mengedepankan kualitas layanan, inovasi, dan integritas dalam setiap kegiatan.",thr financial benefits,True,https://glints.com/id/opportunities/jobs/graphic-designer/4be574e9-add8-440e-b8c6-444e6773113e,graphic design adobe illustrator canva design adobe photoshop brand design
Graphic Designer Supervisor,Retail,FULL_TIME,Desainer Grafis & Brand,2026-02-18T10:58:09.375Z,2026-04-23,PMI Haircare,https://www.pmi-haircare.com/,https://images.glints.com/unsafe/glints-dashboard.oss-ap-southeast-1.aliyuncs.com/company-logo/ebe767abfe596334f114f257cb2b6b84.jpg,"Menara Kuningan Suite #F1-1  (annex building)
Jl HR Rasuna Said Kav 5, RT 6/RW7 Setiabudi, Jakarta Selatan12940",Jakarta Selatan,DKI Jakarta,ID,-6.21944,106.82917,8000000.0,10000000.0,IDR,MONTH,"Adobe After Effects, Canva Design, Adobe Illustrator, Graphic Design, Adobe Photoshop",36.0,bachelor degree,"We are currently looking for an experienced  Graphic Designer  to work with us. If you possess an insatiable hunger for design excellence and a penchant for pushing creative boundaries, we want you on our team! 
 
Key Responsibilities: 
 
 Develop creative design concepts based on briefs from superiors or internal stakeholders in alignment with the company’s business and branding needs. 
 Create and execute visual design materials for company purposes, including but not limited to branding, marketing, promotional, visual merchandising, e-commerce, and event-related materials (both digital and non-digital). 
 Manage e-commerce visual content, such as product images, promotional banners, and other supporting design materials to strengthen the company’s online presence. 
 Ensure all design outputs consistently follow the company’s branding guidelines and maintain a strong and cohesive brand identity. 
 Ensure design projects are delivered on time, meet quality standards, and coordinate with relevant teams when required. 
 
 
 Requirements: 
 
 Bachelor’s degree in Graphic Design, Visual Communication Design, or a related field. 
 Minimum 3–5 years of experience as a Graphic Designer. 
 Proficient in graphic design and creative software, including but not limited to Adobe Photoshop, Illustrator, After Effects, InDesign, and relevant 3D design tools. 
 Strong understanding of design fundamentals such as color theory, typography, layout, balance, and proportion. 
 Strong visual communication skills with the ability to translate concepts and messages into effective visual outputs. 
 Good command of written and verbal English. 
 
 
Join our dynamic team of creative minds! Send us your updated CV and portfolio today and let your creativity take flight with us!","PMI imports, distributes & develop professional salon-centric brands in Indonesia. Value adding the professional hairdressing industry. 
The 90's Indonesian salon industry boom now a generation later; with social media as the most preferred platform of information exchange. The older together with the current generation of hairdressers demands something more. Both them and their clients are a swipe away to latest hair trends and products from around the world. It's not just a haircut, color or style anymore; everyone wants a story; a story that explains how they are and who they’d be. These habitual syndrome spurs new framework throughout the world on how a hairdresser or salon now looks at their clients and themselves. And even here in Indonesia, they’d want to be a part of something more, something global.","team building events, travel, bpjs tenaga kerja insurance and health, thr financial benefits, vacation and leaves, career growth, meal allowance financial benefits, medical coverage",True,https://glints.com/id/opportunities/jobs/graphic-designer-supervisor/e54276a7-9061-4b2a-bdfb-b652e54c9ae3,adobe effects canva design adobe illustrator graphic design adobe photoshop
Architectute Designer,Architecture & Planning,FULL_TIME,Arsitek,2026-04-09T09:44:10.944Z,2026-05-10,PT IM Design,https://imd-indonesia.com,https://images.glints.com/unsafe/glints-dashboard.oss-ap-southeast-1.aliyuncs.com/company-logo/2b766bd05d1e7e077df0ecda290fe8ed.png,"Jl. Panglima Polim No.33, RT.1/RW.7, Pulo, Kec. Kby. Baru, Kota Jakarta Selatan, Daerah Khusus Ibukota Jakarta 12160",Jakarta Selatan,DKI Jakarta,ID,-6.24444,106.8,5500000.0,7000000.0,IDR,MONTH,"Enscape, Customer Service, Revit, AutoCAD, Microsoft Word, Teamwork, Microsoft Office, Software Architecture, Administration, Microsoft Excel, Architectural Design, SketchUp",60.0,bachelor degree,"Kualifikasi 
 
Pendidikan minimal S1 Arsitektur 
 Memiliki pengalaman minimal 5 tahun di bidang arsitektur / konstruksi bangunan 
 Memahami struktur bangunan secara menyeluruh, baik konsep maupun implementasi (pondasi, kolom, balok, slab, dll) 
 Menguasai gambar kerja arsitektur 2D & 3D secara detail 
 Mahir menggunakan AutoCAD, SketchUp, 3D Max, rendering, serta software pendukung arsitektur lainnya 
 Memahami detail teknis, material bangunan, dan metode konstruksi 
 Memiliki kemampuan analisis desain dan problem solving yang baik 
 Mampu berkomunikasi dengan baik kepada tim internal, kontraktor, dan klien 
 Mampu bekerja di bawah tekanan dan deadline 
 
 
 Deskripsi Pekerjaan 
 
Bertanggung jawab atas perencanaan dan pengembangan desain arsitektur sesuai standar perusahaan 
 Membuat dan mengembangkan gambar kerja 2D & 3D secara detail dan akurat 
 Memastikan desain sesuai dengan struktur bangunan, aspek teknis, dan regulasi yang berlaku 
 Mengintegrasikan konsep desain dengan kebutuhan struktur, fungsi, dan estetika 
 Berkoordinasi dengan tim internal (interior, engineering, project) dan pihak eksternal 
 Menyampaikan informasi desain dan teknis secara jelas kepada klien dan tim proyek 
 Melakukan revisi desain sesuai kebutuhan proyek dan hasil koordinasi lapangan","IMDesign (IMD) As a trusted name in the design and construction industry, we strive to create innovative solutions that enhance lives and inspire fresh dreams. 
 
 At IMD, we combine creativity with practicality, providing pleasant and memorable experiences through cutting-edge design and meticulous execution. Our mission is to set new standards and deliver superior value in construction and design, ensuring every project reflects our passion and commitment to excellence. 
 
 By partnering with us, you choose a brand dedicated to pushing boundaries and redefining the future of design. We appreciate your consideration and look forward to contributing to your design and construction endeavors.","thr financial benefits, near public transport work environment and facilities",True,https://glints.com/id/opportunities/jobs/architectute-designer/778a1aa4-52c0-4341-bf29-78a97f95ac6a,enscape customer service revit autocad microsoft word teamwork microsoft office software architecture administration microsoft excel architectural design sketchup
Senior Graphic Designer,Online Media,FULL_TIME,Desainer Grafis & Brand,2026-04-02T06:33:56.056Z,2026-05-03,PT DIGI KREASI BERSAMA,https://www.diginomad.id,https://images.glints.com/unsafe/glints-dashboard.oss-ap-southeast-1.aliyuncs.com/company-logo/2059e18661594155532e33332b9416b9.png,"Jl. Sumanta 18, Pasirkaliki, Kec. Cicendo, Kota Bandung, Jawa Barat 40162",Bandung,Jawa Barat,ID,-6.89944,107.64917,3500000.0,4000000.0,IDR,MONTH,"Packaging Design, Adobe Photoshop, Logo Design, Typography, Graphic Design, Brand Design, Adobe Illustrator",12.0,high school,"PT DIGI KREASI BERSAMA, the dynamic and innovative independence media agency known as Diginomad, is seeking a talented Senior Graphic Designer to join our vibrant team in Cibeunying Kidul, Bandung, Jawa Barat, Indonesia. At Diginomad, we specialize in delivering strategic campaigns through creative solutions that amplify brand impact across various platforms. Our 360° approach encompasses social media, programmatic ads, influencer marketing (KOL), online media buying, out-of-home (OOH) advertising, and on-ground activations to create memorable experiences for our clients. 
 
 We are excited about this opportunity because we believe you can help us drive even greater success for our clients. As a Senior Graphic Designer at Diginomad, you will play a crucial role in shaping our visual identity and creating compelling designs that resonate with our audience. Your contributions will be instrumental in crafting memorable and impactful campaigns that stand out in today's competitive market. 
 
 Key Responsibilities: 
 
 - Develop and execute comprehensive branding strategies, ensuring consistency across all touchpoints.- Create logos, brand identities, and promotional materials that reflect our clients' unique personalities and values. 
 - Design visually striking graphics and illustrations that engage and inspire our target audiences. 
 - Utilize Adobe Illustrator and Photoshop to bring creative concepts to life, maintaining high standards of quality and precision. 
 - Collaborate closely with the marketing and creative teams to ensure designs align with overall brand messaging and objectives. 
 - Stay updated with the latest design trends and tools to continuously enhance your skill set and contribute to our innovative projects. 
 - Manage multiple projects simultaneously while meeting tight deadlines, demonstrating strong organizational and time management skills. 
 
 Qualifications: 
 
 We are looking for candidates who are passionate about graphic design and possess a Senior/Vocational High School education level. While we value formal education, practical experience and a keen eye for detail are equally important. We seek individuals with 1 to 3 years of experience in the field, who can bring a fresh perspective and a proven track record of delivering high-quality designs. 
 
 Desired Skills: 
 
 - Proficiency in Brand Design and Logo Design. 
 - Strong knowledge of Graphic Design principles and best practices. 
 - Expertise in Adobe Illustrator and Adobe Photoshop. 
 - Experience with Typography and Packaging Design. 
 - Ability to work independently and collaboratively within a fast-paced environment. 
 - Excellent communication and interpersonal skills, with a focus on teamwork and client satisfaction. 
 
 Join us at Diginomad, where creativity meets strategy, and together we can shape the future of media and branding in Indonesia. If you are ready to take your career to the next level and contribute to a dynamic, results-driven team, we encourage you to apply. Let’s create something extraordinary together!","Diginomad is an independence media agency that deliver strategy through creativity to drive bigger impact for brand. 
 
 We Help our client grow by doing 360° campaign with great creativity through social media, programmatic ads, KOL, online media buying, OOH and on ground activation for human experience.","team building events, user defined, flexible work hours, thr financial benefits, professional development, sales commission financial benefits, education subsidy financial benefits, housing, work station, perform bonus financial benefits",True,https://glints.com/id/opportunities/jobs/senior-graphic-designer/6616a368-773a-4d9f-979b-8e7801087698,packaging design adobe photoshop logo design typography graphic design brand design adobe illustrator
Graphic Designer Staff,Marketing and Advertising,CONTRACTOR,Desainer Grafis & Brand,2026-03-06T03:14:08.366Z,2026-05-01,PT Arte Kreasi Indonesia,https://peternco.com,https://images.glints.com/unsafe/glints-dashboard.oss-ap-southeast-1.aliyuncs.com/company-logo/c12b5cc5c53d07de9efa63c281a01ae0.jpg,"Jl. Soekarno-Hatta No.151, Babakan Ciparay, Kec. Babakan Ciparay, Kota Bandung, Jawa Barat 40223",Bandung,Jawa Barat,ID,-6.94472,107.57639,4500000.0,6000000.0,IDR,MONTH,"Adobe Illustrator, Social Media, Adobe Photoshop",12.0,bachelor degree,"Job Descriptions 
 
 Membuat dan merancang materi branding atau iklan 
 Membuat materi iklan cetak dan digital 
 Mengembangkan Visual Utama dan Materi Pendukung untuk Kampanye Pemasaran 
 Membantu dalam pengelolaan situs web, buletin, dan lainnya 
 Mendesain materi grafis, penjualan, dan pemasaran, misalnya EDM / Poster / Spanduk / Display Penjualan 
 Mengelola Desain dari Konsep hingga Produksi 
 Berinteraksi dengan percetakan eksternal atau kontraktor/pemasok untuk memastikan kualitas terbaik dan pemenuhan tenggat waktu 
 Mendokumentasikan dengan baik semua file desain 
 
 Job Requirements 
 
 Pendidikan minimal S1 Desain Komunikasi Visual 
 Pengalaman minimal 1-2 tahun di bidang yang sama 
 Pengetahuan tentang produksi cetak, kode warna, format, dll. 
 Pengetahuan tentang pengeditan fotografi di Adobe Photoshop atau Lightroom","PT. ARTE KREASI INDONESIA (Peter&Co) merupakan perusahaan yang bergerak dibidang Digital Marketing Agency yang berada di Kota Bandung. 
 Why join us 
 At Peter & Co, we combine an endless range of imagination with the current innovation in order to make our clients' brands to have what it takes to be successful and to inspire people. We invite you to join our professional team to create more satisfying innovation for our domestic and international clients.",work station,True,https://glints.com/id/opportunities/jobs/graphic-designer-staff/59e8319c-8423-43e4-b09b-d39861ec5e0b,adobe illustrator social media adobe photoshop
Graphic Designer,Hospital & Health Care,FULL_TIME,Desainer Grafis & Brand,2026-04-01T10:09:55.039Z,2026-05-02,PT Senyum Karya Muda (PUTIH by Dentist),https://putihbydentist.com/,https://images.glints.com/unsafe/glints-dashboard.oss-ap-southeast-1.aliyuncs.com/company-logo/f296352dda355e2988b918ecb85079c5.png,"Rukan Greatwall C8, Green Lake City, Jl Greenlake City Boulevard, Kec. Cipondoh, Kota Tangerang, Banten 15147",Tangerang,Banten,ID,-6.1875,106.68222,5000000.0,5500000.0,IDR,MONTH,"Graphic Design, Adobe Photoshop, Brand Design, Packaging Design, Logo Design",12.0,high school,"PT Senyum Karya Muda merupakan perusahaan yang bergerak di bidang kesehatan gigi dan mulut. Dengan produk-produk yang diformulasi langsung oleh dokter gigi, kami mempunyai tujuan untuk menyediakan produk-produk oral care yang aman dipakai dan mudah terjangkau oleh seluruh masyarakat Indonesia. 
 
 Job Desc Graphic Designer: 
 
 Membuat dan mendesain tampilan dan asset digital untuk keperluan materi visual perusahaan (Contoh: digital ads, poster, banner, brosur, dll). 
 Melakukan produksi dan edit video untuk keperluan media sosial perusahaan (IG reels, Tiktok, Youtube, dan simple motion untuk keperluan ads). 
 Memahami brand guideline untuk mendesain sesuai dengan brand tone dan tipografi yang sudah ditentukan. 
 Menyelesaikan project sesuai dengan tenggat waktu yang singkat. 
 Mampu menggunakan software desain grafis dan video seperti Photoshop, Illustrator, Premier, Final Cut Pro dan media lainnya. 
 Bekerjasama dengan tim Digital Marketing untuk membuat konten kreatif. 
 Memberikan strategi desain kepada tim Digital Marketing dan tim Sales untuk menjangkau target konsumen. 
 Meninjau ulang desain agar tidak terjadi kesalahan sebelum di post di media sosial. 
 Melakukan riset dan trend baru dalam hal desain. 
 
 
 Persyaratan Pekerjaan: 
 
 Kandidat adalah lulusan S1 jurusan DKV / Graphic Design / lulusan lainnya yang setara 
 2 tahun pengalaman di bidang terkait (diutamakan pernah bekerja di bidang beauty atau kesehatan) 
 Mampu bekerja sendiri dengan tenggat waktu yang singkat dan mampu beradaptasi di lingkungan yang bergerak cepat 
 Memiliki kemampuan tata bahasa yang baik dan benar 
 Memiliki kemampuan berkomunikasi yang baik, disiplin, pekerja keras, teliti dan dedikasi tinggi kepada perusahaan 
 Bersedia lembur pada hari libur 
 Cekatan, jujur, dan memiliki integritas yang tinggi 
 Memiliki loyalitas tinggi 
 Diutamakan domisili Jakarta Barat / Tangerang / Cipondoh 
 Tempat kerja berada di Green Lake City 
 Jam kerja Senin s/d Jumat: 09.00 s/d 17.00, Sabtu: 09.00 s/d 14.00","Signature Whitening Kit 
 Sudah mencoba berbagai produk pemutih gigi namun hasilnya belum memberikan senyum terbaikmu? 
 Formulasi Dokter Gigi 
 Dengan alat dan uji klinis yang sudah dilakukan lebih dari 5 tahun, kami menemukan formula yang aman sekaligus efektif memutihkan gigi. 
 
 Aman untuk email gigi 
 Minim sensitivitas 
 Putih yang tahan lama","career growth, travel, thr financial benefits, meal allowance financial benefits, professional development",True,https://glints.com/id/opportunities/jobs/graphic-designer/79a4acd1-2da1-4fde-ba1f-706a2136488e,graphic design adobe photoshop brand design packaging design logo design
Graphic Designer,Graphic Design,FULL_TIME,Desainer Grafis & Brand,2026-03-16T08:03:39.701Z,2026-05-16,PT Vasco Eksplorasi Kreasi,http://www.vascojournal.com,https://images.glints.com/unsafe/glints-dashboard.oss-ap-southeast-1.aliyuncs.com/company-logo/80d9b24d0aa9fb51eb8c5e9515fd438d.jpg,"Jl. Jurang Mangu Barat, Kec. Pd. Aren, Kota Tangerang Selatan, Banten 15222",Tangerang Selatan,Banten,ID,-6.26667,106.70972,5500000.0,6500000.0,IDR,MONTH,"Adobe Illustrator, Brand Design, Typography, Adobe Photoshop, Packaging Design, Logo Design",12.0,professional certificate,"What You’ll Do: 
 • Develop visual concepts based on creative brief. Translate insights and ideas into clear, intentional, and brand driven visuals. 
 • Strong understanding of brand identity & design structure. You know how grids, hierarchy, spacing, typography, and color systems work and design with purpose. 
 • Collaborate across creative, strategy, and account teams. Work with clarity and professionalism. 
 • Stay updated with design trends, tools, and techniques. Bring fresh references and new approaches that elevate our visual craft. 
 • Ensure consistent quality control across all outputs. Clean layout, accurate color, precise type, balanced composition, and organized files, details are non negotiable. 
 • Strong timeline & deadline awareness. Manage priorities well and deliver precise, high-quality work on schedule. 
 
 What We’re Looking For: 
 • Bachelor’s Degree in Visual Communication Design, Graphic Design, Multimedia, or related field. 
 • 1–3 years of professional experience in graphic design or related creative roles. 
 • Proficiency in Photoshop & Illustrator, understanding 3D and motion is a plus. 
 • Strong conceptual thinking and visual storytelling abilities. 
 • Strong communication skills and problem solving mindset. 
 • Open to feedback, eager to learn and adapt. 
 • Able to work collaboratively with cross functional teams.","We are a visual and strategic branding consultancy based in Bintaro, Indonesia. Our clients include institutions from various industries, ranging from small businesses to big corporations. We embody the exact balance between a design boutique and a business consultancy. We’re here to help you unlock your brand’s true potential and leverage it to accomplish business objectives. We get there by integrating multidisciplinary teams of creative and strategic brand experts.","thr financial benefits, vacation and leaves, work station, medical coverage, bpjs tenaga kerja insurance and health",True,https://glints.com/id/opportunities/jobs/graphic-designer/2641151b-baf6-4c10-b2c7-b867967b407b,adobe illustrator brand design typography adobe photoshop packaging design logo design
Multimedia Designer,Computer Games,FULL_TIME,Staff Multimedia,2026-03-09T06:04:58.666Z,2026-05-09,Educa Studio,https://www.educastudio.com/,https://images.glints.com/unsafe/glints-dashboard.oss-ap-southeast-1.aliyuncs.com/company-logo/f4f351a9d2b245de0c12e654376668d4.jpg,"Jl. Gilingrejo No.10, Gendongan, Kec. Tingkir, Kota Salatiga, Jawa Tengah 50743",Salatiga,Jawa Tengah,ID,-7.33722,110.52139,2698273.0,3000000.0,IDR,MONTH,"Graphic Design, Graphic Illustrations, Multimedia Design",12.0,high school,"Tugas dan Tanggung Jawab 
 
 Membuat dan mengembangkan desain visual (poster, banner, katalog, konten media sosial, dll.) sesuai kebutuhan promosi. 
 Mengolah brief menjadi desain kreatif yang sesuai brand identity dan target audiens. 
 Menyesuaikan desain untuk berbagai platform digital maupun cetak dengan kualitas terbaik. 
 Berkolaborasi di dalam tim marketing & content untuk mendukung campaign dan strategi pemasaran. 
 Mengikuti tren desain terkini serta menjaga konsistensi brand dalam setiap materi promosi. 
 
 
 Kualifikasi Umum 
 
 Pendidikan minimal SMK atau D3/S1 DKV , Multimedia ( linear ) 
 Minimal 2 tahun pengalaman 2D Art dalam bidang Desain 
 Mampu  mengoperasikan CorelDraw dan Adobe creative 
 Memiliki portofolio desain yang kuat 
 Kreatif dan Komunikatif 
 Memiliki pengalaman 2D art, Design Graphis diutamakan 
 Keterampilan manajemen waktu yang sangat baik dan kemampuan untuk memenuhi tenggat waktu yang ketat 
 Pemahaman yang kuat tentang media digital dan tren pemasaran. 
 
 
 Informasi kerja 
 
 Hari kerja Senin s/d Jumat 
 Bekerja onsite di kantor Salatiga","PT Educa Sisfomedia Indonesia (Educa Studio) merupakan pengembang media pendidikan berbasis games, buku, dan animasi. Kami berkomitmen penuh untuk menghadirkan proses belajar yang CEMUMU (Cepat Tepat, Mudah-Murah, dan Muenyenangkan). 
 Visi 
 Memanfaatkan teknologi untuk menghasilkan produk pendidikan yang bermanfaat 
 Misi 
 Menampung talenta-talenta berbakat dan memiliki passion di bidang pendidikan sehingga Educa dapat terus berinovasi dalam menghasilkan produk yang bermanfaat di bidang pendidikan","bpjs tenaga kerja insurance and health, career growth, team building events, medical coverage, thr financial benefits",True,https://glints.com/id/opportunities/jobs/multimedia-designer/ec999e9d-8287-4bb1-a11d-062426344779,graphic design graphic illustrations multimedia design
Interior Designer,Design,FULL_TIME,Desainer Interior,2026-04-06T05:07:23.586Z,2026-05-07,RUMANTA,http://www.rumanta.id,https://images.glints.com/unsafe/glints-dashboard.oss-ap-southeast-1.aliyuncs.com/company-logo/a59793983a6e4fc09806b337cebee1d8.png,"Jl Pala 1 Lkmd, Pondok Cabe Udik, Pamulang, Tangerang Selatan, Banten",Tangerang Selatan,Banten,ID,-6.34167,106.72917,2000000.0,3000000.0,IDR,MONTH,"Interior Design, Interior and Exterior Design, Design Thinking, Leadership, Client Services, Problem Solving, Teamwork, SketchUp, Quality Control, Creative Design, Communication Skills, Project Coordination, Presentation Skills, Visual Design, AutoCAD, Architectural Design, Project Management, Attention to Detail, Visual Studio, Creative Thinking",12.0,bachelor degree,"INTERIOR DESIGNER (FULL-TIME) 
 
 Kami tidak mencari  “Tukang Gambar”. 
 Kami mencari creator, problem solver, dan designer yang punya rasa, visi, dan keberanian untuk menciptakan sesuatu yang beda. 
 
 Jika kamu hanya nyaman menunggu brief lalu menggambar, posisi ini bukan untukmu. 
 Tapi jika kamu suka eksplor ide, mengikuti tren, dan ingin berkembang jadi designer yang impactful, kamu akan cocok di sini. 
 
 Tanggung Jawab Utama: 
 
 Mengembangkan konsep desain interior yang kreatif, fungsional, dan up-to-date 
 Berkolaborasi dengan tim Konsultan, Klien, Tim Produksi untuk menggali kebutuhan secara mendalam 
 Membuat layout, 3D, Shop drawing, dan visual presentasi yang kuat secara konsep 
 Ikut serta dalam proses survey & memahami kondisi real di lapangan 
 Memberikan insight desain, bukan sekadar mengeksekusi permintaan 
 
 
 Kualifikasi: 
 
 Minimal pengalaman 2 tahun sebagai Interior Designer 
 Menguasai software desain (SketchUp, AutoCAD, Lumion/Enscape, dll) 
 Punya sense desain yang kuat & mengikuti tren interior terkini 
 Kreatif, proaktif, dan mampu berpikir konsep (bukan hanya teknis) 
 Komunikatif & mampu menjelaskan ide ke klien dengan percaya diri 
 Mau berkembang dan terbuka terhadap feedback 
 
 
 Nilai Tambah (Plus Point): 
 
 Pernah handle project end-to-end 
 Terbiasa presentasi ke klien 
 Memiliki portofolio desain yang menunjukkan thinking process, bukan hanya hasil akhir 
 
 
 Kenapa Bergabung Dengan Kami? 
 
 Lingkungan kerja yang mendorong kreativitas & growth 
 Kesempatan terlibat langsung dalam project real & berkembang cepat 
 Bukan sekadar kerja, tapi membangun karya yang berdampak 
 
 
 Kami tidak mencari yang paling “Rapi Gambarannya”. 
 Kami mencari yang paling kuat cara berpikirnya. 
 Kalau kamu merasa itu kamu - Apply Sekarang.","RUMANTA adalah perusahaan desain interior mewah yang menciptakan ruang-ruang yang menakjubkan dan mencerminkan gaya hidup eksklusif. Kami menggabungkan estetika yang sempurna dengan fungsionalitas yang praktis, menghasilkan desain yang tak lekang oleh waktu dan memanjakan indra.","sales commission financial benefits, professional development, career growth",True,https://glints.com/id/opportunities/jobs/interior-designer/12b72467-6f4e-45e9-bed5-49a89a6eefd8,interior design interior exterior design design thinking leadership client services problem solving teamwork sketchup quality control creative design communication skills project coordination presentation skills visual design autocad architectural design project management attention detail visual studio creative thinking
Graphic Designer,Retail,FULL_TIME,Desainer Grafis & Brand,2026-03-06T09:39:11.034Z,2026-05-08,Vicalta Gracias Indonesia,https://id.trapo.asia,https://images.glints.com/unsafe/glints-dashboard.oss-ap-southeast-1.aliyuncs.com/company-logo/43e43cbf270fae76fdee734f6c54bd9a.png,"Ruko Intercon Plaza, Jl. Meruya Utara No.12A, Srengseng, Kec. Kembangan, Kota Jakarta Barat, Daerah Khusus Ibukota Jakarta",Jakarta Barat,DKI Jakarta,ID,-6.19861,106.74167,5000000.0,5500000.0,IDR,MONTH,"Corel draw, Visual Design, Design Promo, Product Packaging, adobe in design, Design Guideline, Adobe Photoshop, Design Campaign, Adobe Illustrator",12.0,bachelor degree,"Qualifications : 
 
 Bachelor’s degree in  Visual Communication Design  or a related field 
 Minimum of 2 years  of relevant professional experience 
 Demonstrated experience in designing digital content and product packaging, including campaigns, promotions, and packaging materials 
 Strong understanding of design principles, color systems, file formats, and industry standards 
 Proficiency in  Adobe InDesign, Adobe Photoshop, Adobe Illustrator, CorelDRAW, or other relevant design software (additional tools will be considered an advantage) 
 
 
 Key Responsibilities : 
 
 Develop high-quality digital design assets for campaigns, websites, social media platforms, marketplaces, and advertisement 
 Design and produce product packaging materials such as boxes, labels, stickers, and sleeves 
 Structure clear and effective layouts for product information, key features, and regulatory or legal elements 
 Ensure visual consistency across all design outputs in alignment with the company’s brand guidelines 
 Adapt packaging designs for digital and online platforms 
 Manage design timelines, revisions, and deliverables to meet business objectives","Trapo adalah portal belanja karpet mobil online no. 1 di Indonesia yang berdiri sejak tahun 2017. Kami bekerja sama dengan perusahaan induk Trapo Asia di Malaysia dan Singapura. Semua produk kami juga dibuat in-house dengan bahan-bahan lokal dan import yang berkualitas premium. 
 
Saat ini kami menawarkan 800+ template untuk berbagai jenis model mobil yang meliputi merek-merek seperti Honda, Toyota, BMW, Mercedes, Mazda, Suzuki, Nissan, Daihatsu,  dan banyak merek terkenal lainnya di negara-negara ASEAN. 
 
Kami memudahkan pelanggan kami memesan dan menyesuaikan dengan karpet mobilnya secara online dan layanan tambahan seperti instalasi gratis dan vakum gratis di showroom kami. Pelanggan juga dapat melihat dan memegang langsung produk kami di showroom. 
 
Lokasi : Intercon Plaza, Jakarta Barat","career growth, team building events, user defined",True,https://glints.com/id/opportunities/jobs/graphic-designer/f4351c11-beb8-4b6d-8bd9-ae61c272c9c0,corel draw visual design design promo product packaging adobe design design guideline adobe photoshop design campaign adobe illustrator
Graphic Designer,Food & Beverages,CONTRACTOR,Desainer Grafis & Brand,2026-04-06T02:56:23.283Z,2026-05-07,Sonokembang Catering Malang,https://sonokembangmalang.com,https://images.glints.com/unsafe/glints-dashboard.oss-ap-southeast-1.aliyuncs.com/company-logo/4809459a23261be5c5c3142134feaf5f.jpeg,"Jl. Bendungan Sigura-gura V/32, Malang, 65145",Malang,Jawa Timur,ID,-7.93611,112.61806,3000000.0,4000000.0,IDR,MONTH,"Adobe Photoshop, Graphic Design, Adobe Illustrator",12.0,professional certificate,"1. Membuat desain untuk kebutuhan promosi (poster, banner, konten sosial media) 
 2. Mendesain materi branding perusahaan 
 3. Berkolaborasi dengan tim marketing untuk kebutuhan campaign 
 4. Mengembangkan konsep visual yang menarik dan sesuai target market 
 5. Melakukan revisi desain sesuai feedback 
 6. Menjaga konsistensi visual brand perusahaan 
 7. Mengikuti tren desain terbaru 
 8. Bersedia dengan jadwal yang fleksibel (events, shoots, etc.)",Jasa catering service terbaik di kota Malang dan sekitarnya,"bpjs tenaga kerja insurance and health, thr financial benefits, medical coverage",True,https://glints.com/id/opportunities/jobs/graphic-designer/b3191251-f262-4ccc-ab7d-e94386e6ea9d,adobe photoshop graphic design adobe illustrator
Graphic Designer,Information Technology and Services,FULL_TIME,Desainer Grafis & Brand,2026-04-07T08:08:20.348Z,2026-05-08,PT Bangun Abadi Teknologi Indonesia,https://www.mybaticloud.com,https://images.glints.com/unsafe/glints-dashboard.oss-ap-southeast-1.aliyuncs.com/company-logo/166bdac668ce2681ed9ed4011a7ba486.jpg,"Jl. Lkr. Luar Barat No.101 Level 12 Unit 06, Rw. Buaya, Kecamatan Cengkareng, Kota Jakarta Barat, Daerah Khusus Ibukota Jakarta 11740",Jakarta Barat,DKI Jakarta,ID,-6.18889,106.77083,5000000.0,6000000.0,IDR,MONTH,"Adobe Photoshop, Typography, Graphic Design, Adobe Illustrator, Brand Design",12.0,professional certificate,"Tanggung Jawab 
 
 Membuat desain untuk kebutuhan digital dan offline 
 Mendesain materi visual untuk social media, campaign, ads, presentasi, dan marketing collateral 
 Menerjemahkan brief menjadi visual yang jelas, menarik, dan siap digunakan 
 Menjaga konsistensi identitas visual brand di berbagai platform 
 Berkolaborasi dengan tim marketing, content, dan stakeholder internal 
 Mengembangkan dan menyesuaikan aset visual sesuai kebutuhan campaign dan brand direction 
 Melakukan revisi desain berdasarkan feedback dengan cepat dan presisi 
 
 
 Kualifikasi 
 
 Pengalaman kerja minimal 2 tahun sebagai Graphic Designer 
 Kuat dalam eksekusi desain dan mampu bekerja cepat tanpa mengorbankan kualitas 
 Memahami prinsip desain seperti layout, typography, hierarchy, composition, dan color 
 Memiliki pemahaman yang baik tentang branding dan visual consistency 
 Menguasai tools seperti Adobe Illustrator, Adobe Photoshop, dan/atau Figma 
 Memahami dasar UI Design 
 Pernah mengerjakan landing page, website interface, atau design system 
 Mampu membuat visual yang tidak hanya estetik, tetapi juga fungsional dan sesuai objective 
 Memiliki portfolio yang menunjukkan kualitas visual dan kemampuan problem solving","BATI adalah penyedia layanan cloud yang menghadirkan solusi terintegrasi dan holistik untuk mendukung kebutuhan teknologi bisnis. Kami menawarkan berbagai layanan mulai dari Multi-Data Center, Cloud Computing (Private, Hybrid, Public Cloud), Keamanan Cyber, Office Collaboration, Disaster Recovery, hingga Software on Cloud. 
 Dengan dukungan tenaga ahli bersertifikasi dan berpengalaman, BATI juga menyediakan layanan konsultasi untuk membantu perusahaan dalam mengoptimalkan infrastruktur IT mereka. Kami berkomitmen memberikan solusi yang aman, efisien, dan skalabel guna mendukung pertumbuhan bisnis di era digital. 
 
 Begin Your Cloud Journey Today #EmpoweringYourBusinessWithSecureCloud","bpjs tenaga kerja insurance and health, sales commission financial benefits, medical coverage, work station, near public transport work environment and facilities, travel, meal allowance financial benefits, thr financial benefits",True,https://glints.com/id/opportunities/jobs/graphic-designer/d59ba43d-1429-4b44-9bec-70d4ea323898,adobe photoshop typography graphic design adobe illustrator brand design
Fashion Designer,Construction,FULL_TIME,Fashion Designer,2026-04-06T07:16:45.008Z,2026-05-07,Inti Beton,https://ibet.co.id,https://images.glints.com/unsafe/glints-dashboard.oss-ap-southeast-1.aliyuncs.com/company-logo/8ebd505193dba7bd907564d8c9cbd115.png,"Jl. Kebon Agung No.184, Duwet, Trihanggo, Kec. Gamping, Kabupaten Sleman, Daerah Istimewa Yogyakarta 55291",Sleman,DI Yogyakarta,ID,-7.79167,110.32917,2500000.0,3300000.0,IDR,MONTH,"Fashion Design, Adobe Photoshop, Fashion Brand Sales, Adobe Illustrator, Pattern Making, CorelDRAW",12.0,professional certificate,"Gogolf Indonesia 
 Pendidikan minimal S1 jurusan Tekstil/Fashion Design atau setara. 
 Usia maks 30 tahun. 
 Pengalaman minimal 2 tahun di bidang pattern maker atau setara. 
 Mempunyai kemampuan hand drawing (membuat sketches, pattern, concepts) dan kemampuan menggunakan software design. 
 Memiliki pengetahuan dan citra gaya terhadap warna, tekstur, dan pola. 
 Mampu membuat moodboard, preline dan lookbook. 
 Menguasai jenis-jenis kain. 
 Memiliki fashion taste yang baik, taste design yang bagus serta passion yang kuat. 
 Mengikuti tren serta pemodelan fashion. 
 Berorientasi pada hasil, fokus pada detail dan deadline. 
 Kreatif, inovatif, berpikir secara ‘out of the box’ dalam pengembangan produk. 
 Mau belajar, mengembangkan diri dan merespon positif arahan dan saran. 
 Mampu bekerja secara tim. 
 Dapat berkomunikasi dengan baik. 
 Punya portfolio kerja sebagai desainer. 
 Domisili D.I. Yogyakarta 
 Deskripsi Pekerjaan 
 
 Membuat desain proses mulai dari persiapan, proses produksi hingga barang siap jual. 
 Memproduksi konsep (moodboard) sesuai tren atau sesuai dengan kebutuhan atau permintaan market (baik pemilihan colour, fabric/bahan, dan model). 
 Membuat preline dan lookbook untuk rencana produk sesuai dengan konsep dan materi yang tersedia. 
 Menganalisa tren kain, warna, bentuk pola, dan aksesoris. 
 Mengembangkan dan merekap sampel menjadi lembar kerja secara berkala. 
 Melakukan tindak lanjut desain dan produksi/sampel produk. 
 Melakukan seleksi dan evaluasi supplier pabrik. 
 Berkomunikasi baik dengan supplier pabrik. 
 Memantau proses pembuatan sampel atau pembuatan produk. 
 Melakukan quality control dengan memastikan pola dan sampel sesuai dengan desain. 
 Mengawasi timeline produksi agar sesuai dengan target dalam hal waktu, kualitas, dan harga. 
 Membantu kegiatan marketing yang menunjang peningkatan sales dan promosi.","PT Inti Beton berdiri tahun 2013 di Yogyakarta Indonesi di latar belakangi peluang pasar konstruksi yang bekembang pesat di masa itu. Inti Beton pada mulanya fokus memenuhi kebutuhan produk beton precast untuk pekerjaan infrastruktur yang meliputi: jalan tol, Pelabuhan, jalan raya, jembatan dan lain sebagainya. Inti Beton merupakan lanjutan dari perusahaan konstruksi yang didirikan jauh sebelumnya sehingga tim Inti Beton sangat memahami pasar beton precast yang merupakan bagian dari sektor industri konstruksi. Selain berfokus dalam pemenuhan kebutuhan precast, Inti Beton juga mengerjakan pekerjaan pembangunan sipil dan building struktural.","travel, work station, meal allowance financial benefits",True,https://glints.com/id/opportunities/jobs/fashion-designer/0ac2bfd1-2941-4cfa-a6c4-63f485c7a365,fashion design adobe photoshop fashion brand sales adobe illustrator pattern making coreldraw
Graphic Designer,Food & Beverages,FULL_TIME,Desainer Grafis & Brand,2026-04-02T03:38:16.724Z,2026-05-03,PT Aqiqah Dinar Indonesia,http://www.aqiqahdinar.com,https://images.glints.com/unsafe/glints-dashboard.oss-ap-southeast-1.aliyuncs.com/company-logo/47077e31574b375ddda77c32dd69769c.png,"Head Office : Jl. Lingkar Dramaga, Dramaga, Kabupaten Bogor",Bogor,Jawa Barat,ID,-6.59722,106.73139,3000000.0,4000000.0,IDR,MONTH,"Adobe Photoshop, Graphic Design, Adobe Illustrator",12.0,high school,"- Mengembangkan konsep kreatif sesuai brand identity perusahaan 
 - Mendesain materi promosi (poster, banner, brosur, media sosial, dll). 
 - Membuat motion graphic untuk konten sosial media dan iklan digital. 
 - Support desain untuk kebutuhan digital dan offline seperti: landing page, desain mitra, event, dan produk. 
 - Kolaborasi dengan tim marketing & konten untuk memahami kebutuhan proyek. 
 - Menyediakan ide desain inovatif & sesuai tren. 
 - Memastikan hasil desain berkualitas & tepat waktu. 
 - Melakukan revisi desain sesuai dengan masukan tim internal atau klien 
 - Mempersiapkan file desain siap cetak/unggah ke platform digital 
 - Mampu mengikuti tren desain 
 
 Kualifikasi: 
 - Berdomisili di Bogor  
 - Min. pendidikan: SMK (jurusan DKV, Multimedia atau jurusan lainnya yang relevan)  
 - Min. 2 tahun pengalaman di desain grafis (branding/digital/agency). 
 - Menguasai Adobe Creative Suite. 
 - Kemampuan membuat motion graphic/video menggunakan After Effects, Premiere, atau software serupa. 
 - Paham tentang branding, layout, & prinsip desain. 
 - Kreatif, mandiri & mampu bekerja dalam tim.","Aqiqah Dinar is a professional ready to eat aqiqah catering which has branches in 6 cities in Indonesia (Bintaro, Bogor, Bandung, Cikarang, Karawang & Purwakarta). 
 
 Aqiqah Dinar prioritizes syar'i principles, trustworthiness, excellent and professional service. 
 Established since December 2018, Aqiqah Dinar is here to meet the needs of the city community in carrying out aqiqah by serving aqiqah dishes that are delicious and liked by everyone. 
 With the slogan ""PERMUDAH IBADAH"", Aqiqah Dinar guarantees the convenience of consumers for the implementation of aqiqah that is easy, syar'i and excellent service. 
 Aqiqah Dinar continues to innovate and develop branches reaching all major cities in Indonesia to serve the best aqiqah dishes for the people of Indonesia.","medical coverage, travel, professional development, career growth, team building events",True,https://glints.com/id/opportunities/jobs/graphic-designer/4e6f194d-c131-4f4d-bd8f-821011af7ee2,adobe photoshop graphic design adobe illustrator
Interior Designer,Food Production,CONTRACTOR,Desainer Interior,2026-03-30T03:48:22.137Z,2026-04-30,PT Aneka Dasuib Jaya (Javasuperfood),http://www.javasuperfood.com,https://images.glints.com/unsafe/glints-dashboard.oss-ap-southeast-1.aliyuncs.com/company-logo/18212ad7e40765cb675e841647419834.png,"Ruko Cyber Park, Jl. Gajah Mada  Jl. Boulevard Jend. Sudirman No.2159/2161, RT.001/RW.009, Panunggangan Bar., Kec. Cibodas, Kota Tangerang, Banten 15139 Indonesia",Tangerang,Banten,ID,-6.14583,106.625,5000000.0,5200000.0,IDR,MONTH,"Interior Design, 3D Modeling, V-Ray, Enscape, 3D Design, Design Grafis, AutoCAD, Adobe Illustrator, SketchUp, Adobe Photoshop",12.0,professional certificate,"Tanggung Jawab : 
 
 Menganalisis kebutuhan ruang dan konsep desain sesuai standar dan kebutuhan perusahaan. 
 Menyusun konsep desain interior yang fungsional, estetis, dan sesuai anggaran. 
 Membuat layout ruang (space planning) dan desain interior. 
 Menyusun gambar kerja lengkap (denah, tampak, potongan, detail interior). 
 Membuat visualisasi desain (3D modeling dan rendering). 
 Menentukan spesifikasi material, finishing, furniture, dan aksesoris interior. 
 Berkoordinasi dengan tim internal dan pihak eksternal (kontraktor, vendor). 
 Melakukan review dan revisi desain sesuai arahan manajemen atau kebutuhan proyek. 
 Melakukan pengawasan desain saat pelaksanaan proyek (bila diperlukan). 
 
 
 Kualifikasi  
 
 Pendidikan minimal D3 / S1 Desain Interior atau bidang terkait. 
 Memiliki pengalaman minimal 1–3 tahun di bidang desain interior (fresh graduate dipertimbangkan dengan portfolio). 
 Memiliki portfolio proyek interior (wajib). 
 Menguasai software desain (AutoCAD,SketchUp / 3ds Max / Blender), software rendering (V-Ray, Enscape, Lumion), Adobe Photoshop / Illustrator 
 Memahami pembuatan gambar kerja dan detail interior. 
 Memahami material interior, finishing, dan metode konstruksi interior. 
 Teliti, kreatif, dan memiliki sense desain yang baik. 
 Bersedia melakukan kunjungan lapangan dan koordinasi proyek.","Java Super Food adalah perusahaan yang memproses dan mendistribusikan bahan herbal dari Aceh, Sumatra Utara dan Irian Jaya, Papua ke seluruh Indonesia. Produk diproses secara higienis untuk menjaga kepuasan konsumen. Pabrik pemrosesan berlokasi di Sukabumi, Jawa Barat yang difasilitasi dengan mesin-mesin terbaik. Kami juga memiliki perke-bunan tanaman herbal seluas 25000 meter kuadrat di provinsi Maluku. Dimulai dari Graviola dan Moringa, jumlah perdagangan ke luar negri kami sekarang mencapai diatas 1 juta dollar dan kami menargetkan untuk menjadi perusahaan makanan sehat terbaik dengan memproduksi makanan sehat kepada masyarakat Indonesia.","bpjs tenaga kerja insurance and health, thr financial benefits, medical coverage",True,https://glints.com/id/opportunities/jobs/interior-designer/ad84d5cf-e723-454f-9175-1d77f33f13a7,interior design modeling vray enscape design design grafis autocad adobe illustrator sketchup adobe photoshop
Graphic Designer,Information Technology and Services,FULL_TIME,Desainer Grafis & Brand,2026-04-08T12:55:56.605Z,2026-05-09,Total IT,https://www.totalit.co.id,https://images.glints.com/unsafe/glints-dashboard.oss-ap-southeast-1.aliyuncs.com/company-logo/a529fd6c35be03f5e3251b9318135e32.png,"Komplek Duta Mas Fatmawati, Blok D2 No.5, Jakarta, Indonesia, 12150",Jakarta Selatan,DKI Jakarta,ID,-6.24444,106.8,3400000.0,5100000.0,IDR,MONTH,"UX Design, UI Design, Graphic Design, Figma, Adobe Illustrator, Adobe Photoshop",12.0,professional certificate,"Looking for an experienced Graphic Designer, especially in marketing, branding, and social media. Candidate must possess:  
 
 Skilled in today's Graphic Design apps  — experienced in Figma, Adobe Illustrator, and Adobe Photoshop. 
 Strong visual logic  — turns complex tech ideas into clean, intuitive visuals. 
 Modern design sense  — up to date with digital/UI trends, not just print. 
 Fast and precise  — masters design tools, delivers clean assets for dev teams. 
 Analytical creativity  — designs with purpose, not just aesthetics. 
 Collaborative mindset  — communicates well with developers and PMs. 
 Self-driven  — proactive in improving visuals, branding, and UX consistency.","Total IT was founded in 2009 and specializes in the design and development of web and mobile applications. Total IT has developed a significant partner network in Indonesia and a large customer base by investing in long-term relationships of trust and reliability. 
 
Our company has successfully implemented a significant number of complex software projects in a wide range of sectors. Total IT have gained exceptional experience in designing and developing websites, portals, web applications and mobile applications. 
 
Motto: Make IT brilliant. Delivering the best IT solutions that are fully customer oriented with efficient, reliable, easy-to-understand and easy-to-use systems.","travel, remote work",True,https://glints.com/id/opportunities/jobs/graphic-designer/659324c9-cf94-4922-af7d-2696a2bb1394,ux design ui design graphic design figma adobe illustrator adobe photoshop
Event Spatial Designer,Events Services,FULL_TIME,3D Modeler,2026-03-31T08:13:50.861Z,2026-05-01,PT Alam Mimpi ( Bali Event Group),https://balieventgroup.com,https://images.glints.com/unsafe/glints-dashboard.oss-ap-southeast-1.aliyuncs.com/company-logo/5d546fbcd4fa484983464159d0d3018d.jpg,"Jl. Buluh Indah No.7, Pemecutan Kaja, Kec. Denpasar Utara, Kota Denpasar, Bali 80361",Jakarta Selatan,DKI Jakarta,ID,-6.21944,106.82917,6000000.0,9000000.0,IDR,MONTH,"Adobe Illustrator, SketchUp, 3D Rendering, 3D Modeling, Adobe Photoshop",12.0,professional certificate,"Job Description: Event Spatial Designer (Event Industry) 
 
 We're looking for a highly creative and detail-oriented Event Spatial Designer to join our fast-paced event organizing team. This role is a perfect fit for a design professional who can not only produce stunning 2D graphics but also conceptualize and bring to life immersive event experiences using 3D design and visual storytelling through mood boards. 
 
 Responsibilities 
 
 Conceptualization and Mood Boards: Collaborate with the event and creative teams to understand client visions and event themes. Translate these ideas into compelling visual concepts, creating detailed mood boards to set the aesthetic direction and tone of each project. 
 3D Event Visualization: Utilize 3D design software to create realistic renderings, virtual walkthroughs, and spatial layouts of event venues and installations. Help clients and stakeholders visualize the final event space, including stage design, decor, and overall atmosphere. 
 2D Graphic Production: Design a wide range of marketing and event collateral, including but not limited to: 
 Event logos and branding 
 Digital and print invitations, flyers, and brochures 
 Large-format graphics such as backdrops, banners, and signage 
 Social media graphics, web visuals, and digital assets 
 Project Management: Manage multiple design projects simultaneously, ensuring all deliverables are on-brand, meet quality standards, and are completed on time for production and event deadlines. 
 Collaboration: Work closely with vendors, suppliers, and our internal teams (including event planners, marketing, and production) to ensure seamless execution of all design elements. 
 Qualifications & Skills 
 
 Experience: Proven experience as a Graphic Designer, Interior Designer, with a strong portfolio that demonstrates proficiency in both 2D and 3D design. Experience in the event or a related creative industry is a significant plus. 
 Technical Proficiency: Expertise in the Adobe Creative Suite (Photoshop, Illustrator, InDesign). Proficiency in 3D design software such as Blender, SketchUp, 3ds Max, or Cinema 4D is required. 
 Creative Mindset: Exceptional creativity and a strong sense of aesthetic, with the ability to develop innovative ideas and translate them into a cohesive visual identity for an event. 
 Communication: Excellent verbal and visual communication skills, capable of presenting and defending creative concepts to both internal teams and clients. 
 Problem-Solving: The ability to troubleshoot design challenges on-site and adapt to unexpected changes with a calm, resourceful, and flexible attitude. 
 Detail-Oriented: Meticulous attention to detail in all aspects of design, from typography and color theory to final print production and file preparation 
 Job Type: Full-time","We create a seamless journey from initial concept to the final experience, from first brief, to final encore managing all moving parts in between. 
 Our singular mission is achieving your goals by collaborating with you and your trusted teams to organize unforgettable events together. We will assimilate with your vision, helping you exceed expectations of every detail.","thr financial benefits, team building events, vacation and leaves, career growth, medical coverage",True,https://glints.com/id/opportunities/jobs/event-spatial-designer/6f91a6c2-5197-4752-9c08-12efb4773a3d,adobe illustrator sketchup rendering modeling adobe photoshop
GRAPHIC DESIGNER,Manufacturing,FULL_TIME,Desainer Grafis & Brand,2026-03-13T06:20:35.278Z,2026-04-13,PT Griff Prima Abadi,https://griff.co.id/id/home,https://images.glints.com/unsafe/glints-dashboard.oss-ap-southeast-1.aliyuncs.com/company-logo/b3fda0fc9e5c7b59bbd32ec49aacbbe8.png,"Gandaria City, Jl. Sultan Iskandar Muda No.8 Lt. 21D, RT.10/RW.6, Gandaria, Kec. Kby. Lama, Kota Jakarta Selatan, Daerah Khusus Ibukota Jakarta 12240",Jakarta Selatan,DKI Jakarta,ID,-6.24861,106.77778,6000000.0,7000000.0,IDR,MONTH,"Graphic Design, Adobe Photoshop, Graphic Illustrations, Adobe Illustrator, Creative Design",36.0,bachelor degree,"Job Descriptions 
 
 Mengembangkan konsep visual untuk media sosial, website, campaign, atau materi promosi 
 Berkolaborasi dengan tim untuk mengkreasikan konten menarik. 
 Menyelesaikan pekerjaan tepat waktu sesuai jadwal yang ditentukan. 
 Mengelola beberapa proyek secara bersamaan, memenuhi tenggat waktu dengan menjaga kualitas tinggi. 
 Memberikan kontribusi ide-ide kreatif dan inovatif untuk meningkatkan brand awareness dan keterlibatan pelanggan. 
 
 
 Job Requirement 
 
 Memiliki gelar S1 Desain Grafis, Komunikasi Visual, atau bidang terkait. 
 Minimal 1 tahun pengalaman kerja sebagai Graphic Designer di perusahaan atau agensi. 
 Memahami dasar tipografi, teori warna, dan tata letak/lay out 
 Mahir dalam menggunakan perangkat lunak desain seperti Adobe Suite (Adobe Photoshop, Adobe Ilustrator, Indesign, dan Adobe Premier) 
 Memiliki kemampuan dasar video editing/motion grafis 
 Memiliki kemampuan dasar Design 3D/Software 3D 
 Memahami tren desain, yang populer dan menarik, serta memiliki kemampuan untuk menciptakan desain yang inovatif. 
 Berpikir kreatif, story telling yang baik serta detail-oriented. 
 Mampu bekerja dalam tim maupun secara mandiri. 
 Rapi dan efisien dalam mengelola file footage, editing dan arsip. 
 Memiliki manajemen waktu yang baik dalam memenuhi deadline. 
 Memiliki portofolio yang kuat, menampilkan berbagai proyek desain grafis yang berkualitas. 
 Memiliki ketertarikan dalam menggunakan Artificial Intelligence (AI) tools untuk kebutuhan Desain Grafis","Griff Kosmetik didirikan kembali pada tahun 1993 bergerak di bidang kosmetika dengan jenis sediaan berupa parfum, body mist, dan roll on. Dimulai dari skala kecil berupa home industri dengan memproduksi parfum salah satunya dengan merek Musk by Lilian Ashley kemudiaan berkembang menjadi perusahaan yang menuju skala nasional hingga internasional.","medical coverage, thr financial benefits, bpjs tenaga kerja insurance and health, career growth, meal allowance financial benefits",True,https://glints.com/id/opportunities/jobs/graphic-designer/d8820028-ddac-430f-8797-ddf72ca2ddca,graphic design adobe photoshop graphic illustrations adobe illustrator creative design
Intern-Visual Designer,Retail,INTERN,Visual Designer,2026-04-06T02:32:29.804Z,2026-05-07,AHA Commerce,http://www.ahacommerce.net,https://images.glints.com/unsafe/glints-dashboard.oss-ap-southeast-1.aliyuncs.com/company-logo/b4c6f17585d667b8095abf5f4f891bfe.png,"Central Park Mall, Letjen S. Parman St Level LG, Unit L109-114, South Tanjung Duren, Grogol petamburan, West Jakarta City, Jakarta 11470",Jakarta Barat,DKI Jakarta,ID,-6.1625,106.7875,2000000.0,2500000.0,IDR,MONTH,"Illustration, Image Editing, Adobe Premiere Pro, UI Design, Brand Design, Photo Editing, Visual Design, Color Theory, Typography, Graphic Design",12.0,high school,"Persyaratan: 
 - Memahami bidang Desain Grafis, Komunikasi Visual, atau jurusan terkait. 
 - Mahir mengolah grafis detail menggunakan Canva, Adobe Illustrator & Photoshop. 
 - Terampil memanfaatkan tools AI untuk prototyping cepat, automasi, dan iterasi desain. 
 - Kreatif, detail-oriented, dan memiliki kemampuan estetika yang baik. 
 - Mampu bekerja dengan deadline ketat dan menghasilkan output berkualitas tinggi. 
 - Terorganisir, dengan kemampuan manajemen project yang baik, termasuk dalam penggunaan alat kolaborasi seperti Dropbox dan Trello. 
 - Memiliki kemampuan komunikasi yang baik untuk menjelaskan ide atau memberikan arahan kepada tim. 
 - Terbiasa mengikuti tren desain terbaru dan mampu mengintegrasikannya ke dalam pekerjaan. 
 - Proaktif, disiplin, dan berkomitmen terhadap target pekerjaan. 
 
 Job Desc: 
 ""- Mendesain konten dan upload ke folder Dropbox 
 - Mendesain feed, story, dan reels cover untuk Instagram & TikTok. 
 - Menyesuaikan visual dengan tren dan kalender konten bulanan.  Marketplace - Membuat banner, thumbnail, dan infografis produk di Shopee, Lazada, Tokopedia, dsb. 
 - Membuat SKU dan upload produk baru ke sistem AHA maupun Marketplace. 
 - Optimasi gambar agar load cepat & tetap tajam. 
 - Produksi materi HR (poster event, internal newsletter). 
 - Desain presentasi, sertifikat, dan kebutuhan branding perusahaan. 
 - Patuhi brand guidelines AHA & klien. 
 - Jaga tone warna, tipografi, dan penggunaan logo. 
 - Diskusi konsep dengan Leader. 
 - Revisi desain sesuai feedback dengan tempo gesit."" 
 
 Ketentuan kerja:  
 •⁠  ⁠Jadwal kerja 8 jam kerja / hari (5 hari / minggu), pilihan jam & hari fleksibel  
 •⁠  ⁠Upah Lembur 1.5x dari harian / jam (akumulatif per menit)  
 •⁠  ⁠Upah Lembur tanggal Merah 2x dari harian  
 
 keuntungan menjadi staff FULL TIME AHA:  
 ✅ Jaminan kenaikan gaji setiap tahun 
 ✅ Waktu kerja 8 jam sehari dan waktu absensi fleksibel 
 ✅ Jenjang karir jelas 
 ✅ Jatah cuti 12-24 hari (tergantung posisi, setelah bekerja 1 tahun) 
 ✅ Tunjangan Hari Raya (THR) 
 ✅ Kegiatan kebersamaan tim 
 ✅ Vitamin / Suplemen setiap minggu 
 ✅ BONUS & Insentif",AHA Commerce adalah perusahaan yang bergerak di bidang perdagangan elektronik (e-commerce) dan solusi e-commerce.,"career growth, team building events, flexible work hours",True,https://glints.com/id/opportunities/jobs/intern-visual-designer/ba893c35-55e1-4c0d-89d7-4a8eebae143c,illustration image editing adobe premiere pro ui design brand design photo editing visual design color theory typography graphic design
Fashion Designer,Construction,FULL_TIME,Fashion Designer,2026-03-13T07:55:59.853Z,2026-04-13,Inti Beton,https://ibet.co.id,https://images.glints.com/unsafe/glints-dashboard.oss-ap-southeast-1.aliyuncs.com/company-logo/8ebd505193dba7bd907564d8c9cbd115.png,"Jl. Kebon Agung No.184, Duwet, Trihanggo, Kec. Gamping, Kabupaten Sleman, Daerah Istimewa Yogyakarta 55291",Sleman,DI Yogyakarta,ID,-7.79167,110.32917,2500000.0,3300000.0,IDR,MONTH,"Pattern Making, Fashion Design, Fashion Brand Sales",12.0,professional certificate,"Gogolf Indonesia 
 Pendidikan minimal S1 jurusan Tekstil/Fashion Design atau setara. 
 Usia maks 30 tahun. 
 Pengalaman minimal 2 tahun di bidang pattern maker atau setara. 
 Mempunyai kemampuan hand drawing (membuat sketches, pattern, concepts) dan kemampuan menggunakan software design. 
 Memiliki pengetahuan dan citra gaya terhadap warna, tekstur, dan pola. 
 Mampu membuat moodboard, preline dan lookbook. 
 Menguasai jenis-jenis kain. 
 Memiliki fashion taste yang baik, taste design yang bagus serta passion yang kuat. 
 Mengikuti tren serta pemodelan fashion. 
 Berorientasi pada hasil, fokus pada detail dan deadline. 
 Kreatif, inovatif, berpikir secara ‘out of the box’ dalam pengembangan produk. 
 Mau belajar, mengembangkan diri dan merespon positif arahan dan saran. 
 Mampu bekerja secara tim. 
 Dapat berkomunikasi dengan baik. 
 Punya portfolio kerja sebagai desainer. 
 Domisili D.I. Yogyakarta 
 Deskripsi Pekerjaan 
 
 Membuat desain proses mulai dari persiapan, proses produksi hingga barang siap jual. 
 Memproduksi konsep (moodboard) sesuai tren atau sesuai dengan kebutuhan atau permintaan market (baik pemilihan colour, fabric/bahan, dan model). 
 Membuat preline dan lookbook untuk rencana produk sesuai dengan konsep dan materi yang tersedia. 
 Menganalisa tren kain, warna, bentuk pola, dan aksesoris. 
 Mengembangkan dan merekap sampel menjadi lembar kerja secara berkala. 
 Melakukan tindak lanjut desain dan produksi/sampel produk. 
 Melakukan seleksi dan evaluasi supplier pabrik. 
 Berkomunikasi baik dengan supplier pabrik. 
 Memantau proses pembuatan sampel atau pembuatan produk. 
 Melakukan quality control dengan memastikan pola dan sampel sesuai dengan desain. 
 Mengawasi timeline produksi agar sesuai dengan target dalam hal waktu, kualitas, dan harga. 
 Membantu kegiatan marketing yang menunjang peningkatan sales dan promosi.","PT Inti Beton berdiri tahun 2013 di Yogyakarta Indonesi di latar belakangi peluang pasar konstruksi yang bekembang pesat di masa itu. Inti Beton pada mulanya fokus memenuhi kebutuhan produk beton precast untuk pekerjaan infrastruktur yang meliputi: jalan tol, Pelabuhan, jalan raya, jembatan dan lain sebagainya. Inti Beton merupakan lanjutan dari perusahaan konstruksi yang didirikan jauh sebelumnya sehingga tim Inti Beton sangat memahami pasar beton precast yang merupakan bagian dari sektor industri konstruksi. Selain berfokus dalam pemenuhan kebutuhan precast, Inti Beton juga mengerjakan pekerjaan pembangunan sipil dan building struktural.","meal allowance financial benefits, work station, travel",True,https://glints.com/id/opportunities/jobs/fashion-designer/e34bea12-016c-4433-8c74-e5fbb82d079a,pattern making fashion design fashion brand sales
Editor,Online Media,FULL_TIME,Editor,2026-04-01T09:08:37.153Z,2026-05-02,PT Mega Byte Indonesia,http://www.megabyte.id,https://images.glints.com/unsafe/glints-dashboard.oss-ap-southeast-1.aliyuncs.com/company-logo/6b3d9df10ae9c86a20361830684ed5f4.jpg,"Mega Glodok Kemayoran Office Tower B Lantai 11, Gunung Sahari Selatan, Kemayoran, Kota Adm. Jakarta Pusat, DKI Jakarta",Jakarta Pusat,DKI Jakarta,ID,-6.1625,106.85556,5000000.0,5500000.0,IDR,MONTH,"Image Editing, Editor, Teamwork",12.0,bachelor degree,"Jobdesc 
 
- Transform raw footage into high-quality content while maintaining a cohesive visual style and message.  
 - Work closely with the creative team to brainstorm and develop engaging video concepts.  
 - Utilize editing software like Adobe Premiere Pro or CapCut to produce polished video content.  
 - Provide creative insights to enhance the overall quality and effectiveness of videos.  
 - Ensure all video projects are completed on time and meet professional standards.  
 - Keep up with the latest trends and advancements in video editing techniques.   
 
 Required Skills & Qualifications  
 
 Proficiency in video editing software such as Adobe Premiere Pro or CapCut.  
 Demonstrated ability to edit videos efficiently while maintaining high-quality output.  
 Strong knowledge of composition, transitions, sound design, and visual effects.  
 Creativity and a strategic mindset for developing compelling video content.  
 Strong teamwork and collaboration skills within a creative environment.  
 Portfolio submission required.","Megabyte berfokus pada inkubasi kreator dan host online di platform TikTok, produksi video pendek, live streaming entertain, dan syuting iklan. Megabyte memiliki sistem manajemen pelatihan dan inkubasi profesional yang akan mengubah orang biasa menjadi kreator dan host online yang mempesona. Kami menyambut setiap anak muda yang memiliki cita-cita untuk bergabung dengan tim kami dan kami akan memberikan nilai bisnis yang lebih besar kepada para kreator dan host.","travel, career growth",True,https://glints.com/id/opportunities/jobs/editor/e5ba8bb8-6abf-453d-94e9-216a1de5eeee,image editing editor teamwork
Editor,Entertainment,FULL_TIME,Editor,2026-03-24T08:47:28.018Z,2026-04-24,PT Ayo kita coba,https://vt.tiktok.com/ZSN2Ga1Vc/,https://images.glints.com/unsafe/glints-dashboard.oss-ap-southeast-1.aliyuncs.com/company-logo/9c3190f5188a3e35dca23df819a4b6a9.jpeg,Kemang Pratama Bekasi,Bekasi,Jawa Barat,ID,-6.28111,106.99417,4000000.0,5500000.0,IDR,MONTH,"Capcut, Inshoot, Adobe Illustrator, Adobe Premiere Pro",12.0,high school,"- memiliki keahlian di bidang editing video dan desain grafis 
 -bertanggung jawab atas pengeditan video untuk berbagai platform media sosial, termasuk TikTok dan YouTube 
 -dapat menggunakan perangkat lunak seperti Inshoot, Capcut, Adobe Illustrator, dan Adobe Premiere Pro.  
 -dapat bekerja sama dengan tim dari awal hingga akhir, serta memastikan bahwa setiap video yang diproduksi memenuhi standar kualitas tertinggi. 
 -pengalaman kerja antara 1 hingga 3 tahun dalam bidang editing video dan desain grafis.","PT Ayo Kita Coba focused in the social media, Tiktok, Youtube","work station, team building events, career growth, free food and beverages, stock option",True,https://glints.com/id/opportunities/jobs/editor/c03b5177-8d99-4ae0-aab0-5ae57b15ea8f,capcut inshoot adobe illustrator adobe premiere pro
Video Editor,Financial Services,FULL_TIME,Editor Video & Film,2025-12-17T03:18:32.404Z,2026-05-07,PT YAKIN BERTUMBUH SEKURITAS,https://www.yb.co.id,https://images.glints.com/unsafe/glints-dashboard.oss-ap-southeast-1.aliyuncs.com/company-logo/94b4929f4903bc7761883cf48a25ea29.jpg,"Gedung Kospin Jasa Lt. 8, Jl. Gatot Subroto Kav. 1, Daerah Khusus Ibukota Jakarta 12780",Surabaya,Jawa Timur,ID,-7.26417,112.79917,4788796.0,5288796.0,IDR,MONTH,"Capcut, Film & Video Production, Motion Design, Video Color Grading, Video Editing, Adobe Premiere Pro, Motion Graphics, Image Editing",12.0,high school,"Skilled in video editing (Adobe Premiere, Adobe After Effect, CapCut, or equivalent) 
 Skilled in graphic design (Photoshop, Canva, or Figma) 
 Animation or motion design skills are a plus 
 Camera operation experience is an added advantage 
 Able to manage multiple projects and meet deadlines 
 Up to date with the latest video & design trends 
 
 Job Description 
 Edit and produce high-quality videos for various platforms 
 Create visual designs and graphics to support video content 
 Collaborate with the creative team to develop fresh video concepts 
 Ensure all visuals align with the brand’s guidelines 
 Organize and maintain project files for easy access and updates 
 📁 Applicants must attach a PORTFOLIO 
 (Please include a Google Drive link)","Yakin Bertumbuh Sekuritas adalah Perusahaan Efek yang terdaftar sebagai Anggota Bursa Efek Indonesia, dan sudah terdaftar dan di awasi oleh OJK (Otoritas Jasa Keuangan)","bpjs tenaga kerja insurance and health, thr financial benefits",True,https://glints.com/id/opportunities/jobs/video-editor/65573ab6-05bf-4764-a4cd-60547a12d185,capcut film video production motion design video color grading video editing adobe premiere pro motion graphics image editing
Editor Video,Electrical/Electronic Manufacturing,FULL_TIME,Content Creator,2026-04-02T09:45:08.487Z,2026-05-03,Edifier Indonesia,https://edifier.co.id,https://images.glints.com/unsafe/glints-dashboard.oss-ap-southeast-1.aliyuncs.com/company-logo/3d5d6c6ae2fedd84dae449d532a823a4.png,"Ruko Harco Mangga 2 Blok M No. 31, RT.17/RW.11, South Mangga Dua, Sawah Besar, Central Jakarta City, Jakarta 10730",Jakarta Pusat,DKI Jakarta,ID,-6.15417,106.83333,4500000.0,8000000.0,IDR,MONTH,"Strong Communication Skills, Time Management, Teamwork",12.0,bachelor degree,"Job Description – Video Editor 
 Tanggung Jawab: 
 
 Mengedit video untuk kebutuhan pemasaran, media sosial, dan proyek internal perusahaan 
 Memastikan kualitas visual dan audio sesuai dengan standar brand perusahaan 
 Menyusun dan mengolah footage menjadi alur cerita yang menarik, jelas, dan engaging 
 Melakukan cutting, trimming, dan sequencing video dengan pacing yang tepat 
 Menambahkan elemen visual seperti teks, transisi, efek, dan motion graphic sederhana 
 Melakukan color correction & color grading untuk hasil visual yang optimal 
 Sinkronisasi audio, musik, dan sound effect 
 Mengoptimalkan format video untuk berbagai platform (YouTube, Instagram, TikTok, dll.) 
 Berkolaborasi dengan tim kreatif untuk memastikan hasil sesuai dengan konsep dan identitas brand 
 Mengelola dan mengorganisir file project serta asset video dengan rapi 
 Membantu proses pengambilan video (shooting) sesuai kebutuhan produksi 
 
 Kualifikasi: 
 
 Pendidikan minimal S1 Desain Komunikasi Visual, Film, atau bidang terkait 
 Pengalaman minimal 1 tahun sebagai Video Editor (fresh graduate dipersilakan melamar dengan portofolio yang kuat) 
 Menguasai software editing seperti Adobe Premiere Pro, After Effects, DaVinci Resolve, atau Final Cut Pro 
 Memahami dasar color grading, motion graphics, dan audio editing 
 Memiliki sense storytelling dan kreativitas visual yang baik 
 Mampu bekerja dengan deadline dan memiliki perhatian terhadap detail 
 Update terhadap tren konten digital dan social media 
 
 Nilai Tambah (Plus Point): 
 
 Mampu mengoperasikan kamera (DSLR/Mirrorless) 
 Memahami teknik dasar videografi (framing, lighting, composition) 
 Memiliki pengalaman dalam proses shooting (produk, event, atau konten digital)",A Passion for Sound,"career growth, thr financial benefits, perform bonus financial benefits, meal allowance financial benefits",True,https://glints.com/id/opportunities/jobs/editor-video/a77b688c-3389-4382-8a58-d500c2e5855d,strong communication skills time management teamwork
Video Editor,Public Relations and Communications,FULL_TIME,Editor Video & Film,2026-03-02T06:49:11.501Z,2026-05-02,PT INDIGITAL SEMUA BISA,https://inspirasidigital.id,https://images.glints.com/unsafe/glints-dashboard.oss-ap-southeast-1.aliyuncs.com/company-logo/67065174f1ad9a4d223fa76225ef9889.png,"Dinamika Office B, Lt. 2, Jl. Kesehatan I No.2b, RT.07/RW.06, Petojo Selatan, Gambir",Jakarta Pusat,DKI Jakarta,ID,-6.17083,106.81806,5000000.0,6000000.0,IDR,MONTH,"Video Editing, Photo Editing, Graphic Design, Adobe Premiere Pro, Videography, Adobe Photoshop, Adobe After Effects, Photography",12.0,bachelor degree,"1. Membuat desain untuk sosial media.  
2. Mengambil gambar dan video menggunakan kamera mirrorless maupun handphone untuk keperluan bahan konten. 
3. Mengedit video untuk keperluan TikTok, Instagram, dan Youtube. 
4. Mengoperasikan software Adobe Creative (Photoshop, Illustrator, Premiere, After Effects). 
5. Memberikan ide-ide yang kreatif terkait pekerjaan dan dapat bekerja sama dengan tim. 
6. Bersedia apabila ditugaskan keluar kota ketika diperlukan klien.","Inspirasi Digital is a media and digital media solutions company that offers best-in-class digital media executions, cutting-edge content creation, and engagement strategies.  
 
 Through our strategic solution sets, we empower publishers, advertisers, marketers, Research, Activation, Creative Production, Community and Event management, Public Relations, key influencers to access the full potential of their digital assets, and many others.","travel, medical coverage, work station",True,https://glints.com/id/opportunities/jobs/video-editor/9133d418-05a7-4d99-a3b2-cfe1a50bf1cc,video editing photo editing graphic design adobe premiere pro videography adobe photoshop adobe effects photography
Editor Video,Retail,FULL_TIME,Editor Video & Film,2026-03-31T02:54:26.47Z,2026-05-01,PT Moncer Indonesia Jaya,http://www.moncerindonesiajaya.com,https://images.glints.com/unsafe/glints-dashboard.oss-ap-southeast-1.aliyuncs.com/company-logo/7083334cbec8c002daa1c32316ae254f.png,Villa Indah Permai Blok C1 No 27,Bekasi,Jawa Barat,ID,-6.21028,107.005,2500000.0,3500000.0,IDR,MONTH,"Image Editing, Adobe Premiere Pro, Video Editing, Video Color Grading, Film & Video Production, Capcut",12.0,high school,"PT Moncer Indonesia Jaya adalah perusahaan retail digital yang telah beroperasi sejak tahun 2019 dan telah menciptakan puluhan merek yang tetap aktif di pasaran. Dengan komitmen untuk memberikan pengalaman belanja yang luar biasa kepada pelanggan, PT Moncer Indonesia Jaya terus berkembang dan mencari tenaga kerja berkualitas yang siap mendorong usaha ini menuju masa depan yang lebih cerah. Kini, kami membutuhkan seorang  Video Editor untuk bergabung dalam tim kami. Sebagai bagian dari tim kreatif kami, Anda akan memiliki kesempatan untuk bekerja dengan berbagai merek populer seperti Moncer Coffee, Paradise Fhising, dan Prodak Hobi Kicau. Bergabunglah dengan kami untuk membantu menciptakan konten visual yang menarik dan mengesankan. 
 
 Sebagai Editor Video, Anda akan bertanggung jawab atas proses editing video dan visualisasi untuk produk-produk PT Moncer Indonesia Jaya. Tugas utama Anda termasuk merancang dan mengedit video promosi, dokumenter, serta konten lainnya. Anda juga akan bekerja sama dengan tim desain untuk memastikan bahwa setiap video memiliki estetika yang unik dan sesuai dengan gaya merek. Dalam posisi ini, Anda akan menggunakan berbagai perangkat lunak editing video untuk menciptakan konten yang berkualitas tinggi, termasuk Adobe Premiere Pro, Capcut, dan software image editing lainnya. Selain itu, Anda harus mampu melakukan grading warna video untuk menciptakan efek visual yang sesuai dengan tema dan pesan dari setiap proyek. 
 
 Untuk melamar ke posisi ini, Anda harus memiliki pendidikan minimal SMA/SMK dan memiliki pengalaman kerja antara 1 hingga 3 tahun dalam bidang film dan video editing. Anda harus memiliki keterampilan yang relevan seperti video color grading, Capcut, video editing, Adobe Premiere Pro, image editing, dan film & video production. PT Moncer Indonesia Jaya menghargai keterampilan Anda dan pengalaman Anda, namun kami juga berharap Anda dapat belajar dan berkembang bersama tim kami. Kami menawarkan kesempatan yang luar biasa bagi Anda untuk berkembang dan menciptakan konten visual yang berkesan bagi merek-merek kami. Bergabunglah dengan kami dan bantu kami menciptakan konten yang mengesankan!","Moncer Indonesia Jaya adalah perusahaan retail digital yang berdiri sejak tahun 2019, telah memiliki belasan brand yang masih aktif terjual 
 
 Moncer Coffee 
 Sang Gladiator 
 Tornado 
 Moncer GO","career growth, bpjs tenaga kerja insurance and health, meal allowance financial benefits, vacation and leaves, travel, medical coverage, thr financial benefits, team building events, professional development",True,https://glints.com/id/opportunities/jobs/editor-video/d7515643-a54e-4ec3-bdbb-2305ab71a63b,image editing adobe premiere pro video editing video color grading film video production capcut
Video Editor,Internet,CONTRACTOR,Editor Video & Film,2026-04-09T08:22:06.683Z,2026-05-10,PT Global Jet Ecommerce,https://jetcommerce.co.id,https://images.glints.com/unsafe/glints-dashboard.oss-ap-southeast-1.aliyuncs.com/company-logo/eebc19f158bba1c8231423b274ae3663.png,"Jl. Pluit Selatan Raya. Landmark Pluit Tower B2, 7th Floor, Pluit, Penjaringan, Jakarta Utara",Jakarta Utara,DKI Jakarta,ID,-6.12083,106.76111,2000000.0,5000000.0,IDR,MONTH,"Video Editing, Capcut, Video Color Grading, Adobe Premiere Pro",12.0,bachelor degree,"Position: Video Editing (Freelance) 
 
 What You'll Do: 
 
 Attending brand product training. 
 Keeping brand values, brand equity, and brand voice in mind and documenting them. 
 Conducting briefings and meetings with the content planner (CP) and editor regarding weekly planning. 
 Preparing the equipment and setting up the shooting location properly. 
 Guiding talents to pose according to the storyline and brand standards. 
 Conducting the production shooting process to align with the storyline and preparing backup scenario lines. 
 Performing filing of footage. 
 Conducting retakes if necessary. 
 Collaborating with the content planner to create budgeting 
 
 
 
 What We're Looking For: 
 
 Min. 1-2 years of experience in videography & editing. 
 Proficient in Adobe Premiere Pro, Final Cut Pro, or similar tools. 
 Skilled in camera operation, lighting, and audio setup. 
 Strong visual storytelling and brand alignment. 
 Able to manage equipment, shooting locations, and footage filing. 
 Good communication, teamwork, and adaptability. 
 Willing to attend training and follow brand guidelines. 
 Open to revisions, retakes, and budget planning with the team.","We are the one-stop-solution for your e-commerce business development. We act not only as brands'​ sales drive engine, but also as their marketing propaganda frontier. Our services includes Store Operation, Digital Marketing, Creative Design, Photo and Video, Customer Relation Management, Omnichannel system and Fulﬁllment.  
 
 We have now based in few of the fastest growing e-commerce countries being Indonesia, Vietnam, Thailand, Philippines, China and Malaysia.","perform bonus financial benefits, career growth",True,https://glints.com/id/opportunities/jobs/video-editor/6f900aa8-923c-4ce1-b48e-daa542e5cbdb,video editing capcut video color grading adobe premiere pro
Videographer & Editor,Luxury Goods & Jewelry,CONTRACTOR,Videografer,2024-10-21T02:26:13.016Z,2026-05-09,Emas Berlian Corporation,http://www.emasberlian.co.id,https://images.glints.com/unsafe/glints-dashboard.oss-ap-southeast-1.aliyuncs.com/company-logo/46369c614636706e9736680c73215ef0.jpg,"Jl. Cililitan Besar No 72, Kramat Jati, Jakarta Timur",Jakarta Timur,DKI Jakarta,ID,-6.275,106.86389,4000000.0,5500000.0,IDR,MONTH,"Video Editing, Videography, Film & Video Production",12.0,bachelor degree,"Requirements 
 Diploma or Bachelor Degree In Communication 
 Proven Work Experience As A Videographer 
 Good Video Composition 
 Typography, Videography, And Photography Skills With Strong Portofolio 
 Good in Storyboarding & DSLR 
 Able To Work In Under Pressure And Deadline 
 Willing to Work In Jakarta 
 
 Send your CV and Portofolio",Emas Berlian Corporation adalah Corporate Brand PT. Odc Inter Rotasi yang bergerak dalam perdagangan dan pendistribusian Emas dan Berlian dengan Merek Brand Emas Mini.,"team building events, vacation and leaves, medical coverage, career growth, free food and beverages, travel",True,https://glints.com/id/opportunities/jobs/videographer-&-editor/524a7c23-acb6-4d79-8d4f-127f7e65a318,video editing videography film video production
Editor Video,Food & Beverages,FULL_TIME,Editor Video & Film,2026-04-08T08:30:34.581Z,2026-05-09,Yellow Fit Kitchen,https://www.yellowfitkitchen.com,https://images.glints.com/unsafe/glints-dashboard.oss-ap-southeast-1.aliyuncs.com/company-logo/d4fb65d2be74647bbce67d6949f76333.png,"Kantor YELLOW FIT KITCHEN Komplek Pergudangan Indokarya Blok G no 12, Papanggo, Sunter. JAKARTA UTARA 14340",Jakarta Utara,DKI Jakarta,ID,-6.13333,106.875,5729876.0,6000000.0,IDR,MONTH,"Film & Video Production, Video Editing, Adobe Premiere Pro, Capcut, Image Editing, Editor",12.0,professional certificate,"Kualifikasi: 
 
 Memiliki pengalaman minimal 1 tahun di bidang yang sama. 
 Pendidikan minimal Diploma (D3), lebih disukai lulusan di bidang multimedia/animasi/desain grafis atau bidang kreatif terkait. 
 Memiliki kemampuan yang baik dalam mengoperasikan software motion graphics dan animasi serta aplikasi editing seperti Adobe Premiere, After Effects, dan CapCut. 
 Memiliki kreativitas tinggi dan kemampuan storytelling yang baik, serta memahami framing, timing, dan komposisi secara mendalam, serta mampu berpikir “out of the box”. 
 Memiliki pemahaman yang baik terhadap tren terkini, baik digital maupun sosial. 
 Teliti dan memiliki kemampuan komunikasi lisan maupun tulisan yang baik. 
 Mampu bekerja di bawah tekanan dengan deadline yang ketat. 
 Mampu bekerja secara individu maupun dalam tim. 
 Bersedia bekerja di Sunter, Jakarta Utara. 
 
 
 Deskripsi Pekerjaan: 
 
 Menguasai penggunaan After Effects dan pembuatan dasar motion graphic design. 
 Memahami teknik color grading. 
 Membuat konten video untuk media sosial. 
 Berkoordinasi dalam aktivitas media sosial.","Solusi Dietmu!  Yellow Fit Kitchen adalah Diet & Healthy Catering no.1 di Indonesia. Program YellowFit menawarkan solusi mudah bagi masyarakat Indonesia untuk diet dan hidup sehat. Karena banyak orang diluar sana yang memiliki mindset yang salah mengenai diet, kalau diet itu makanannya hambar, diet itu mahal, diet itu susah, diet itu menyiksa, YellowFit akan membuktikan bahwa diet itu mudah, murah, enak, dan menyenangkan.","thr financial benefits, bpjs tenaga kerja insurance and health, career growth, medical coverage",True,https://glints.com/id/opportunities/jobs/editor-video/47abf129-64c0-4292-afea-9495bd2ddc67,film video production video editing adobe premiere pro capcut image editing editor
Videographer & editor,Retail,FULL_TIME,Videografer,2026-04-07T09:02:09.814Z,2026-05-08,PT. Shankara Citra Jaya,https://www.shankaracitrajaya.com,https://images.glints.com/unsafe/glints-dashboard.oss-ap-southeast-1.aliyuncs.com/company-logo/4d675a81ad50a4e236fb9ea4c310a352.jpg,"Komplek Toho C21, Jalan Pantai Indah Barat, Pantai Kapuk, Desa/Kelurahan Kamal Muara, Kec. Penjaringan, Jakarta Utara, DKI Jakarta. 14460",Jakarta Utara,DKI Jakarta,ID,-6.12083,106.76111,5000000.0,6000000.0,IDR,MONTH,"Adobe Premiere Pro, Video Editing, Adobe After Effects, Video Recording, Videography, Capcut",36.0,high school,"PT Shankara Citra Jaya merupakan perusahaan yang bergerak di bidang merchandise & souvenir. Salah satu brand unggulan kami adalah LebahBiru tumbler yang telah berdiri sejak tahun 2023 dan beroperasi baik secara online maupun offline.  
 Seiring dengan komitmen kami untuk terus meningkatkan kualitas konten, kami membuka kesempatan bagi kandidat yang mampu bekerja sama dengan tim kreatif kami dalam menghasilkan konten visual yang profesional, menarik, dan relevan dengan perkembangan tren. 
 
 Job Description: 
 
 Mengambil gambar/video (shooting) untuk kebutuhan konten (campaign, social media, event, dll) 
 Mengedit video menjadi konten yang menarik, sesuai dengan brief dan identitas brand 
 Mengembangkan ide konsep visual bersama tim kreatif 
 Mengelola proses produksi video dari pra-produksi hingga final output 
 Memastikan hasil video memiliki kualitas visual & storytelling yang kuat 
 Mengikuti tren konten terkini untuk meningkatkan engagement 
 
 
 Requirements: 
 
 Memiliki pengalaman 3-5 tahun  
 Menguasai teknik videografi dan editing (software seperti Adobe Premiere Pro, After Effects, atau sejenisnya) 
 Memiliki kemampuan mengoperasikan kamera profesional  
 Memiliki sense visual yang baik (composition, lighting, color grading) 
 Kreatif, detail-oriented, dan mampu bekerja sesuai deadline 
 Memiliki portofolio ( WAJIB  dilampirkan) 
 Mampu bekerja secara individu maupun dalam tim 
 
 
 Harap melampirkan CV dan portofolio terbaik anda yang sesuai dengan kebutuhan posisi ini. Pelamar yang tidak melampirkan Portofolio tidak akan diproses dalam proses recruitment ini.",Perusahaan kami bergerak dibidang Merchandise dan Souvenir. Kepuasaan pelanggan adalah fokus utama bagi kami. Unique Selling Point kami adalah menyediakan Merchandise dan Souvenir yang Ikonik dan Eksklusif melalui pelayanan yang cepat dan proffesional.,"thr financial benefits, work station, bpjs tenaga kerja insurance and health, career growth",True,https://glints.com/id/opportunities/jobs/videographer-&-editor/29efaa1a-432d-4cd0-8713-f37f4e554ae2,adobe premiere pro video editing adobe effects video recording videography capcut
Videographer & Editor,Luxury Goods & Jewelry,FULL_TIME,Videografer,2026-04-07T03:14:17.908Z,2026-05-08,RAJA EMAS INDONESIA,http://www.rajaemasindonesia.co.id,https://images.glints.com/unsafe/glints-dashboard.oss-ap-southeast-1.aliyuncs.com/company-logo/1871f1632174b485181d942f9d5e61b6.png,"Ruko Sedayu Square Blok H-07, Jl. Raya Outer Ring Road, Cengkareng Bar., Kecamatan Cengkareng, Kota Jakarta Barat, Daerah Khusus Ibukota Jakarta 11730",Jakarta Barat,DKI Jakarta,ID,-6.14722,106.7375,5500000.0,5800000.0,IDR,MONTH,"Videography, Content Editing, Video Editing, Capcut, Adobe After Effects, Video Recording",12.0,high school,"Kami membutuhkan  2 Videographer & Editor  dengan ketentuan sebagai berikut: 
 
 Job Descriptions: 
 
 Mengambil video untuk keperluan promosi, produk, acara, dan konten media sosial (Tiktok, Reels, YouTube, Facebook) 
 Mengedit dan memproses video menggunakan software editing (Adobe Premiere Pro, After Effects, CapCut, dll) 
 Memastikan hasil video menarik dan sesuai brief 
 Mengatur dan mengoperasikan peralatan shooting (kamera, lighting, audio) 
 Mengelola dan mengorganisir file video dengan rapi 
 Bekerja sama dengan tim kreatif untuk menghasilkan konsep visual yang engaging 
 
 
 Job Requirements: 
 
 Pendidikan minimal SMK/D3/S1 Film, Multimedia, Desain Komunikasi Visual, atau bidang terkait 
 Pengalaman minimal 1–2 tahun di bidang videografi & video editing 
 Mahir menggunakan kamera untuk produksi video (composition, framing, lighting dasar) 
 Menguasai software editing video (Adobe Premiere Pro, After Effects, CapCut, dll) 
 Memahami basic storytelling dan tren konten video (terutama media sosial) 
 Kreatif, detail-oriented, dan mampu bekerja dalam tim marketing & kreatif 
 Memiliki portofolio video yang menunjukkan kemampuan teknis & kreativitas","Raja Emas Indonesia merupakan perusahaan yang bergerak dalam Industri Jual Beli Emas dan Logam Mulia dibawah naungan PT. Emas Murni Asli, 
Fokus dari usaha Raja Emas sendiri pada pembelian berbagai jenis emas dan cek kadar emas yg akurat dengan Teknologi XRF 
 
 
Terdapat beberapa unit usaha didalamnya, diantaranya Raja Cincin Indonesia yang berfokus pada penjualan Cincin Diamond Asli dan bisa melayani Custom Design Cincin,","perform bonus financial benefits, bpjs tenaga kerja insurance and health, thr financial benefits, medical coverage",True,https://glints.com/id/opportunities/jobs/videographer-&-editor/b758b5fa-6923-4630-b498-f24dab11fc09,videography content editing video editing capcut adobe effects video recording
Videographer & Editor,Information Technology and Services,FULL_TIME,Videografer,2026-04-01T02:14:37.11Z,2026-05-02,PT Internusa Pasific Perkasa,https://internusapasific.com,https://images.glints.com/unsafe/glints-dashboard.oss-ap-southeast-1.aliyuncs.com/company-logo/88cc987bcbab83ed0095044dae27fda7.png,"Jl. Indraloka 1 NO. 49 RT 013 RW 007, Kel. Wijaya Kusuma, Kec. Grogol Petamburan, Jakarta Barat - DKI Jakarta 11460",Jakarta Barat,DKI Jakarta,ID,-6.1625,106.7875,4000000.0,6000000.0,IDR,MONTH,"Graphic Design, Video Color Grading, Videography, Video Editing",12.0,high school,"Mengedit video sesuai dengan kebutuhan perusahaan (konten promosi, dokumentasi, media sosial, dll) 
 Mengolah footage menjadi video yang menarik, informatif, dan sesuai dengan konsep yang ditentukan 
 Menambahkan elemen pendukung seperti musik, teks, transisi, dan efek visual 
 Melakukan pengambilan/rekam video (shooting) sesuai kebutuhan konten 
 Bekerja sama dengan tim untuk memahami konsep dan tujuan konten 
 Kreatif, detail-oriented, dan mampu bekerja dengan deadline 
 Memiliki kemampuan desain grafis (Photoshop, Illustrator, Canva, dll) menjadi nilai tambah 
 
 
 Kualifikasi: 
 
 Memiliki pengalaman atau kemampuan dalam mengedit video 
 Menguasai software editing (Adobe Premiere Pro, After Effects, CapCut, dll) 
 Mampu melakukan shooting/rekam video menjadi nilai tambah 
 Memiliki kemampuan dasar desain grafis (Photoshop, Illustrator, Canva, dll) 
 Kreatif, detail, dan memiliki sense visual yang baik 
 Mampu bekerja sesuai deadline 
 Memiliki portofolio (diutamakan yang menyertakan hasil video)","We are a company providing goods and services for TNI/Polri. Based on the problem of Indonesia’s dependence on the main tool of the country’s defense system from abroad, PT Internusa Pasific Perkasa was founded in 2016 with the trademark The D*Fender®, offering solutions to present/produce domestically made defense equipment. Until now, our company has had various experiences in providing goods and services to TNI/Polri. Now, PT Internusa Pasific Perkasa and The D*Fender® have been trusted to be partners of Kementrian Pertahanan Republik Indonesia (Kemhan RI).",work station,True,https://glints.com/id/opportunities/jobs/videographer-&-editor/4639c599-2e02-426f-8ac7-50ee0f73debc,graphic design video color grading videography video editing
Editor Video,Architecture & Planning,FULL_TIME,Editor Video & Film,2026-03-31T09:48:41.126Z,2026-05-01,Archreative Studio,http://archreative.com/,https://images.glints.com/unsafe/glints-dashboard.oss-ap-southeast-1.aliyuncs.com/company-logo/bc0ab997d10dbe3b23dd2743b024a393.jpg,"Jl. Pulo Mas II F No.4B, Kayu Putih, Kec. Pulo Gadung, Kota Jakarta Timur, Daerah Khusus Ibukota Jakarta 13210",Jakarta Timur,DKI Jakarta,ID,-6.19306,106.88889,4000000.0,4500000.0,IDR,MONTH,"Capcut, Adobe After Effects, Film & Video Production, Teamwork, Image Editing, Adobe Premiere Pro, Video Color Grading, Video Editing",12.0,bachelor degree,"Kami sedang mencari Video Editor kreatif dan detail-oriented untuk bergabung bersama tim kami. Jika kamu memiliki passion di dunia visual, storytelling, dan mampu mengolah footage menjadi konten yang engaging — ini kesempatan kamu! 
 
 Tanggung Jawab: 
 Mengedit video untuk kebutuhan konten sosial media, iklan, dan branding 
 Mengolah footage menjadi video yang menarik, sesuai brief dan target audience 
 Melakukan color grading dan penyempurnaan visual 
 Bekerja sama dengan tim kreatif & produksi untuk menghasilkan konten berkualitas 
 Mengikuti tren konten video terbaru agar tetap relevan 
 
 Kualifikasi (Skill Wajib): 
 Menguasai editing video menggunakan CapCut, Adobe Premiere Pro, dan Adobe After Effects 
 Memiliki kemampuan pengeditan gambar (basic design & visual sense) 
 Memahami teknik video color grading 
 Berpengalaman dalam produksi video (shooting hingga editing) 
 Mampu bekerja dalam tim dengan komunikasi yang baik 
 
 Nilai Plus: 
 Memiliki portofolio video (TikTok, Instagram Reels, YouTube, dll) 
 Up-to-date dengan tren konten digital & storytelling 
 Kreatif, cepat belajar, dan punya sense visual yang kuat","Archreative Studio didirikan pada tanggal 5 Februari 2018 sebagai salah satu perusahaan pengembang properti di Indonesia. Archreative Studio terus berbenah dan melakukan adaptasi untuk memenuhi kebutuhan produk properti yang berkualitas ke pasar. Kami membantu Anda dalam berinvestasi properti, menawarkan konsep hunian yang indah, nyaman, dan ramah lingkungan dengan performa bangunan yang sangat baik.","thr financial benefits, near public transport work environment and facilities",True,https://glints.com/id/opportunities/jobs/editor-video/1920550e-1c1a-41ad-bb95-6c050d1773db,capcut adobe effects film video production teamwork image editing adobe premiere pro video color grading video editing
Videographer & Editor,Food & Beverages,FULL_TIME,Videografer,2026-03-31T03:12:35.596Z,2026-05-01,pop enjoy,https://popenjoy.id,https://images.glints.com/unsafe/glints-dashboard.oss-ap-southeast-1.aliyuncs.com/company-logo/f84e1f763e001926588811b89657cef4.jpg,GREEN LAKE CITY (DETAILS HARAP WA NOMOR TERCANTUM),Jakarta Barat,DKI Jakarta,ID,-6.14722,106.7375,4000000.0,6000000.0,IDR,MONTH,"Capcut, Video Processing, Editor, Video Recording, Content Editing, Videography, Teamwork, Creative Editor, Video Editing, Videographer, Film & Video Production, Video Content Operation, Video Capture",36.0,professional certificate,"We are looking for a Videographer who doesn’t just shoot videos, but understands visual storytelling, strong hooks, and fast-paced content production. 
 
 🎯 Job Description 
 As a Videographer at Popenjoy, you will be responsible for: 
 	•	Shooting videos for TikTok, Instagram Reels, live streaming, and marketing campaigns 
 	•	Handling camera, lighting, and basic audio setup 
 	•	Editing short-form videos that are engaging and aligned with brand identity 
 	•	Collaborating with the marketing and content team to translate creative briefs into strong visuals 
 	•	Maintaining visual consistency across all Popenjoy content 
 	•	Keeping up with current social media and video trends (hooks, pacing, angles) 
 	•	Organizing and managing video files properly 
 	•	Working in a fast-paced environment (shoot today, publish fast) 
 
 ✅ Qualifications 
 Must Have: 
 	•	Minimum 2-4 years of experience as a videographer or content creator 
 	•	Strong experience in creating short-form videos (TikTok / Reels / Shorts) 
 	•	Proficient in video editing software (CapCut, Premiere Pro, Final Cut, or similar) 
 	•	Good sense of composition, lighting, and storytelling 
 	•	Able to work quickly, efficiently, and under tight deadlines 
 	•	Comfortable working with dynamic teams and fast-changing briefs 
 	•	Portfolio or sample works is required 
 
 Nice to Have: 
 	•	Experience working with F&B, lifestyle, or consumer brands 
 	•	Familiar with live streaming production 
 	•	Basic knowledge of motion graphics or text animation 
 	•	Understanding of branding and marketing content 
 	•	Experience shooting with both camera and smartphone 
 
  What We Offer 
 	•	Opportunity to grow with a fast-scaling brand 
 	•	Creative freedom with clear direction 
 	•	Dynamic, energetic, and collaborative work environment 
 	•	Competitive salary based on experience 
 	•	Exposure to high-volume content production and live commerce","PopENjoy is a fast growing premium snack brand on a mission to redefine snacking in Indonesia. We believe great snacks should be delicious, better for you, and accessible not filled with excessive preservatives, MSG, or unnecessary additives. 
 Built around premium quality corn and natural ingredients, PopENjoy was created to challenge the dominance of conventional flour based snacks. Our products are gluten free, preservative-free, and thoughtfully crafted to deliver taste, value, and functionality in every pack. 
 
 But PopENjoy is more than a snack brand we are building a modern FMCG company powered by data, digital platforms, and strong brand storytelling. With rapid growth across online channels and expanding distribution networks, we are entering an exciting scale up phase that offers meaningful ownership, learning, and impact.","thr financial benefits, bpjs tenaga kerja insurance and health, career growth",True,https://glints.com/id/opportunities/jobs/videographer-&-editor/600ada9a-91f6-4084-a28b-388000572078,capcut video processing editor video recording content editing videography teamwork creative editor video editing videographer film video production video content operation video capture
Video Editor,Marketing and Advertising,FULL_TIME,Editor Video & Film,2026-02-20T03:46:52.385Z,2026-04-27,Lux Entertainment,https://luxentertainment.id,https://images.glints.com/unsafe/glints-dashboard.oss-ap-southeast-1.aliyuncs.com/company-logo/d1c302a52fd88c045337cd6591ea65e7.jpeg,"Jl. Sangkuriang No.101, Cipageran, Kec. Cimahi Utara, Kota Cimahi, Jawa Barat 40511.",Cimahi,Jawa Barat,ID,-6.88444,107.53972,3000000.0,3500000.0,IDR,MONTH,"Adobe Premiere Pro, Capcut, Video Editing, Video Color Grading, Film & Video Production",12.0,professional certificate,"Job Description: 
 
Assembling & Pacing : Mengatur dan memotong footage sesuai skrip dan visi Creative Producer, memastikan alur cerita yang dinamis dan pacing yang tepat untuk retensi penonton. 
 Sound Design & Mixing : Melakukan audio cleaning, menambahkan efek suara, musik latar (bebas lisensi), dan menyamakan level volume (mixing) agar audio jernih dan profesional. 
 Color Grading & Correction : Melakukan koreksi warna dasar dan grading warna artistik untuk menciptakan tampilan visual yang menarik dan konsisten dengan brand talent. 
 Motion Graphic Sederhana : Membuat dan mengintegrasikan lower third, title card, atau elemen grafis bergerak sederhana yang diperlukan dalam konten. 
 File Management:  Bertanggung jawab penuh atas penamaan, organisasi, dan backup proyek editing, asset library, dan media file yang digunakan. 
 Final Delivery:  Melakukan proses export video dengan spesifikasi teknis (codec, bitrate, resolusi) yang tepat untuk setiap platform (YouTube, TikTok, dll.).","Perusahaan Agensi Penyedia Jasa KOL Specialist dan Content Creator terbaik Se-Indonesia. Dengan Optimalisasi Marketing Produk, Brand dan Aplikasi Anda.","career growth, professional development",True,https://glints.com/id/opportunities/jobs/video-editor/c12e60f3-8bf1-4ee3-9dd4-c7daa8b10755,adobe premiere pro capcut video editing video color grading film video production
Editor dan Creative,Entertainment,FULL_TIME,Editor,2026-04-07T04:33:39.705Z,2026-05-08,PT Ayo kita coba,https://vt.tiktok.com/ZSN2Ga1Vc/,https://images.glints.com/unsafe/glints-dashboard.oss-ap-southeast-1.aliyuncs.com/company-logo/9c3190f5188a3e35dca23df819a4b6a9.jpeg,Kemang Pratama Bekasi,Bekasi,Jawa Barat,ID,-6.28111,106.99417,4500000.0,5500000.0,IDR,MONTH,"Inshoot, Adobe Illustrator, Capcut, Adobe Premiere Pro",12.0,high school,"- Sanggup bekerja Target 
 - Memiliki pengalaman di bidang editor selama 1 tahun 
- Domisili diutamakan bekasi 
 - Menguasai capcut,Inshot,Adobe Premier,Adobe Photoshop 
 - Inisiatif dan Tanggap  
 -Mengerti dunia kreatif dan digital, seperti pembuatan konten 
 -Dapat menggunakan Kamera","PT Ayo Kita Coba focused in the social media, Tiktok, Youtube","career growth, free food and beverages, stock option, team building events, work station",True,https://glints.com/id/opportunities/jobs/editor-dan-creative/5143c6dd-0154-4ece-8436-f373f4caaab8,inshoot adobe illustrator capcut adobe premiere pro
Design Graphic & Video Editor,Cosmetics,FULL_TIME,Desainer Grafis & Brand,2026-03-25T03:58:59.039Z,2026-04-25,PT. Sinergi Ayu Semesta,https://sinergigroup.co.id,https://images.glints.com/unsafe/glints-dashboard.oss-ap-southeast-1.aliyuncs.com/company-logo/5b80ce08386c1b01f58d3deb5f14cbae.png,"Jl. Pelita Jaya II No. 23, Kec. Tanah Sareal, Kota Bogor",Depok,Jawa Barat,ID,-6.36861,106.87,3500000.0,4000000.0,IDR,MONTH,"Content Creation, Video Editing, Adobe Illustrator, Graphic Design, Adobe Photoshop",12.0,high school,"Kualifikasi 
 
 Memiliki pengalaman minimal 1 tahun sebagai Graphic Design & Video Editor. 
 Dapat menggunakan software pengeditan seperti Adobe Photoshop, Adobe Illustrator, Adobe Premier, Adobe After Effect, Canva, dll 
 Memiliki kemampuan dalam mengoperasikan kamera dan peralatan videografi. 
 Memiliki pemahaman yang baik tentang tren dalam industri media sosial dan konten digital. 
 Memiliki kreativitas yang baik dan dapat menuangkannya dalam bentuk visual 
 Dapat bekerja dalam team maupun secara individual 
 
 
 Deskripsi Pekerjaan 
 
 Membuat konten grafis dan video yang sesuai dengan brand guidelines perusahaan. 
 Mengelola produksi video dari awal hingga akhir, termasuk perencanaan, pengambilan gambar, dan pengeditan. 
 Berkolaborasi dengan tim internal perusahaan untuk merancang strategi visual dan konten. 
 Mengoperasikan peralatan videografi seperti kamera, lighting, dan perangkat lunak pengeditan. 
 Memastikan bahwa konten grafis dan video memenuhi standar kualitas yang tinggi.","Step into the world of Sinergi Group, a fast-growing company in the beauty and health industry. We are dedicated to constant growth and innovation, ensuring our products not only enhance lives but also promote sustainability. At Sinergi, we strive to create a positive impact on both individuals and the environment by deliver a non chemicals product that embodying our vision of fostering goodness through every endeavor.","thr financial benefits, perform bonus financial benefits, near public transport work environment and facilities, professional development",True,https://glints.com/id/opportunities/jobs/design-graphic-&-video-editor/e93d3987-e8ca-47cb-95da-3e83b2e42079,content creation video editing adobe illustrator graphic design adobe photoshop
Video Editor,Legal Services,FULL_TIME,Editor Video & Film,2026-02-19T08:07:16.043Z,2026-05-10,PT Lima Sekawan Indonesia,https://hivefive.co.id,https://images.glints.com/unsafe/glints-dashboard.oss-ap-southeast-1.aliyuncs.com/company-logo/79773bfea2b878d887a895ad88689dff.png,"18 Office Park Building 21th Floor Unit C.
Jl. TB Simatupang Kav. 18,
Jakarta Selatan ,12520",Tangerang Selatan,Banten,ID,-6.25417,106.6625,5700000.0,6000000.0,IDR,MONTH,"Video Editing, Video Color Grading, Adobe Premiere Pro, Image Editing, Capcut",12.0,high school,"Mengedit video konten perusahaan (promosi, edukasi, sosial media, dan campaign) sesuai dengan brief dan brand guideline. 
 Menguasai dan memanfaatkan tools AI untuk editing video, seperti auto-cut, color correction, subtitle otomatis, voice enhancement, dan video enhancement. 
 Melakukan penyusunan alur video (storytelling) agar konten menarik, komunikatif, dan sesuai target audiens. 
 Menghasilkan output video yang rapi, konsisten, dan siap tayang di berbagai platform (Instagram, TikTok, YouTube, dll.). 
 Berkolaborasi dengan tim Creative, Marketing, dan Social Media untuk pengembangan konsep konten. 
 Melakukan revisi dengan cepat dan tepat sesuai feedback. 
 Menjaga arsip file video secara terstruktur dan aman.","Hive Five adalah Solusi satu pintu untuk segala kebutuhan Konsultan Bisnis Pendirian Usaha Anda. Kami memiliki team yang profesional untuk memudahkan pengurusan legalitas usaha, Kami juga sangat mengerti dan berpengalaman dalam membantu Anda membangun sebuah bisnis mulai dari awal Konsultasi Bisnis Pendirian Usaha, Laporan Perpajakan dan Keuangan Badan Usaha maupun Perorangan, 
Penyewaan Virtual Office, hingga Branding Usaha.","medical coverage, bpjs tenaga kerja insurance and health, thr financial benefits",True,https://glints.com/id/opportunities/jobs/video-editor/955e0cf6-18d9-41bc-8b88-abee49c7b4ac,video editing video color grading adobe premiere pro image editing capcut
video editor,Food & Beverages,FULL_TIME,Editor Video & Film,2026-04-09T06:07:10.366Z,2026-05-10,PT Runxiang International Indonesia ( We Drink ),https://wedrink.co.id,https://images.glints.com/unsafe/glints-dashboard.oss-ap-southeast-1.aliyuncs.com/company-logo/4e76bd177f07fc6926bbf595cc560a0d.jpg,"Blok D No.56, Ruko Crown Golf (Sebelah BORNGA), Jl. Pantai Indah Kapuk No.57, Kamal Muara, Kec. Penjaringan, Jkt Utara, Daerah Khusus Ibukota Jakarta 14440",Jakarta Utara,DKI Jakarta,ID,-6.12083,106.76111,5000000.0,7500000.0,IDR,MONTH,"Video Color Grading, Video Editing, Image Editing",12.0,professional certificate,"RESPONSIBILITIES:  
 Bertanggung jawab dalam produksi dan editing konten di sosial media  
 Mentranslasikan konsep kreatif menjadi konten visual yang menarik.  
 Menjaga kualitas dan konsistensi identitas visual dalam setiap produksi video (tone, warna, tipografi, pacing, dll)  
 Mengatur arsip produksi video secara efisien untuk referensi atau stok footage.  
 Menganalis & mengevaluasi konten video setiap minggunya 
 
 REQUIREMENTS & SKILLS:  
 1-2 tahun pengalaman dalam bidang konten online, videografi, video editing, dll, untuk produksi sosial media  
 Memiliki porfolio karya yang sesuai dengan industri F&B lebih disukai  
 Menguasai Software Editing Video (Premiere, Capcut, After Effects), alat-alat produksi shooting, serta selalu mengupdate ilmu terkait secara berkala  
 Memahami alur produksi video (end to end), mampu berkomunikasi dan bekerja sama dengan tim.  
 Mampu mengatur waktu dan prioritas produksi dengan baik","PT Runxiang International, adalah perusahaan terdiversifikasi yang mengintegrasikan penelitian dan pengembangan dibidang F&B, produksi bahan baku, manajemen operasi merek, dan pasokan logistik. PT Runxiang International Indonesia, didirikan pada September 2022, berlokasi di PIK 1, Distrik Utara, DKI Jakarta, Indonesia, merupakan kantor pusat operasi dan manajemen merek “WEDRINK” di Indonesia.","bpjs tenaga kerja insurance and health, thr financial benefits, career growth",True,https://glints.com/id/opportunities/jobs/video-editor/abeabebd-da47-4848-9b71-6a74d93fffc3,video color grading video editing image editing
Editor Video,Marketing and Advertising,FULL_TIME,Editor Video & Film,2026-04-08T07:32:46.684Z,2026-05-09,Pt. Gawe Becik Nadhah Anugrah (genah),http://gawebecik.com,https://images.glints.com/unsafe/glints-dashboard.oss-ap-southeast-1.aliyuncs.com/company-logo/f31fd97b32b4b959d7bc5c9021c9f55e.jpg,"Jl. Mesjid Jogokaryan MJ III/669 RT 40 RW 11 Kec. Mantrijeron,, Yogyakarta, Yogyakarta 55143, ID",Bantul,DI Yogyakarta,ID,-7.83333,110.32778,3000000.0,4000000.0,IDR,MONTH,"Film & Video Production, Video Editing, Adobe Premiere Pro, Capcut, Video Color Grading, Audiosavvy, 3D Animation, Market Trends, Image Editing",12.0,bachelor degree,"Tanggung Jawab Pekerjaan : 
 
 Melakukan editing video untuk kebutuhan iklan, edukasi produk, dan brand awareness. 
 Mengolah footage menjadi konten yang menarik, storytelling, dan sesuai dengan identitas brand. 
 Menjaga kualitas visual, audio, dan alur cerita agar konsisten dan engaging. 
 Menambahkan elemen grafis, motion, dan animasi sederhana untuk meningkatkan nilai produksi video. 
 Melakukan color grading dan audio enhancement untuk menghasilkan output yang optimal. 
 Memastikan setiap video selesai tepat waktu sesuai deadline. 
 
 Kualifikasi : 
 
 Pendidikan minimal D3 DKV, Multimedia, atau bidang terkait. 
 Memiliki pengalaman minimal 2 tahun sebagai Video Editor. 
 Mahir menggunakan tools editing Adobe Premiere Pro, After Effects, CapCut atau software sejenis. 
 Memiliki kemampuan storytelling dan sense visual yang baik. 
 Terbiasa mengedit konten untuk platform digital (TikTok, Instagram, dll). 
 Memahami dasar motion graphic / animasi sederhana. 
 Mampu bekerja dengan deadline, detail, dan adaptif terhadap revisi. 
 Wajib melampirkan portofolio terbaru.","PT. Gawe Becik Nadhah Anugrah adalah perusahaan pemasaran melalui Digital Marketing (Faceboook Ads, TikTok Ads dan Google ads) yang sedang bertumbuh sangat cepat di Yogyakarta, kami fokus memasarkan dan mengembangkan produk herbal untuk kesehatan dengan kualitas tinggi serta dilengkapi sertifikat BPOM. 
 VISI : 
 Menjadi Perusahaan Digital Marketing & Distribusi yang Terus Bertumbuh dan Memberi Manfaat. 
 
 MISI : 
 
 Jumlah Mitra/CS semakin bertambah dengan pemanfaatan teknologi 
 Mencapai 1000 karyawan dengan berbagai peran 
 1 produk Nasional dan 5 produk Niche Market 
 Rata-rata gaji karyawan lebih tinggi dari gaji ASN dan bangga menjadi bagian dari Gawe Becik","bpjs tenaga kerja insurance and health, career growth, gifts and vouchers, well ness, medical coverage, team building events, professional development",True,https://glints.com/id/opportunities/jobs/editor-video/a763b989-a438-4090-a6d6-6b90202247a8,film video production video editing adobe premiere pro capcut video color grading audiosavvy animation market trends image editing
Videografer & editor,Logistics and Supply Chain,FULL_TIME,Videografer,2026-04-07T04:19:17.583Z,2026-05-08,FANCHI INDONESIA,https://fanchi.id,https://images.glints.com/unsafe/glints-dashboard.oss-ap-southeast-1.aliyuncs.com/company-logo/439425adb8483c3232205513cfc7bf37.png,"Kapuk Business Park Kamal Muara Blok BF No. 28, Kamal Muara, Kecamatan Penjaringan, Jkt Utara, Daerah Khusus Ibukota Jakarta 14470",Jakarta Barat,DKI Jakarta,ID,-6.14722,106.7375,4000000.0,6000000.0,IDR,MONTH,"Video Editing, Videography, Capcut, Video Recording, Video Capture",12.0,high school,"Deskripsi Pekerjaan 
 
 Videografer & Video Editor 
 
 1️⃣ Produksi Video 
 Melakukan pengambilan gambar (shooting) untuk kebutuhan konten brand 
 Mengoperasikan kamera DSLR / Mirrorless / Cinema Camera 
 Mengatur pencahayaan, komposisi, dan framing agar hasil video optimal 
 Mengambil footage yang stabil, cinematic, dan sesuai konsep konten 
 Melakukan dokumentasi kegiatan perusahaan, event, dan aktivitas produksi 
 2️⃣ Editing Video 
 Mengedit video menjadi konten yang menarik dan sesuai konsep 
 Melakukan cutting, sequencing, dan penyusunan footage 
 Menambahkan musik, sound effect, dan transisi 
 Melakukan color grading dasar agar tampilan video lebih menarik 
 Menyesuaikan format video untuk berbagai platform media sosial 
 
 Software yang biasa digunakan: 
 Adobe Premiere Pro 
 Adobe After Effects 
 DaVinci Resolve 
 CapCut 
 
 3️⃣ Pengembangan Konten 
 Berkolaborasi dengan tim untuk membuat konsep dan ide konten video 
 Mengikuti tren konten media sosial 
 Mengembangkan video yang menarik, informatif, dan sesuai dengan identitas brand 
 4️⃣ Manajemen File & Produksi 
 Mengelola dan menyimpan file video dengan rapi 
 Menyiapkan peralatan shooting sebelum produksi 
 Memastikan hasil video sesuai dengan standar brand 
 5️⃣ Dokumentasi Event & Aktivitas Brand 
 Melakukan dokumentasi event, promosi, dan kegiatan perusahaan 
 Bersedia melakukan shooting di luar kantor atau luar kota jika diperlukan 
 
 ⭐ Nilai Tambah (Plus Point) 
 Menjadi nilai lebih apabila kandidat juga memiliki kemampuan: 
 Desain grafis menggunakan software seperti 
 Adobe Photoshop 
 Adobe Illustrator 
 Membuat motion graphic sederhana 
 Membantu pekerjaan multimedia lainnya seperti konten visual, foto produk, atau desain kebutuhan media sosial",Fanchi adalah brand stiker otomotif di Indonesia yang berfokus pada wrapping mobil & motor serta perlindungan cat (PPF). Brand ini berada di bawah naungan PT Tongxin Trading dan telah berkembang sebagai salah satu pemain di industri modifikasi otomotif sejak sekitar tahun 2020,"medical coverage, thr financial benefits, bpjs tenaga kerja insurance and health",True,https://glints.com/id/opportunities/jobs/videografer-&-editor/5162db06-4ae2-4216-8bf5-6a6f76a2b069,video editing videography capcut video recording video capture
Videografer & editor,Logistics and Supply Chain,FULL_TIME,Videografer,2026-04-07T08:12:41.761Z,2026-05-08,FANCHI INDONESIA,https://fanchi.id,https://images.glints.com/unsafe/glints-dashboard.oss-ap-southeast-1.aliyuncs.com/company-logo/439425adb8483c3232205513cfc7bf37.png,"Kapuk Business Park Kamal Muara Blok BF No. 28, Kamal Muara, Kecamatan Penjaringan, Jkt Utara, Daerah Khusus Ibukota Jakarta 14470",Jakarta Barat,DKI Jakarta,ID,-6.14722,106.7375,4000000.0,6000000.0,IDR,MONTH,"Video Editing, Video Recording, Capcut, Videography, Video Capture",12.0,high school,"Deskripsi Pekerjaan 
 
 Videografer & Video Editor 
 
 1️⃣ Produksi Video 
 Melakukan pengambilan gambar (shooting) untuk kebutuhan konten brand 
 Mengoperasikan kamera DSLR / Mirrorless / Cinema Camera 
 Mengatur pencahayaan, komposisi, dan framing agar hasil video optimal 
 Mengambil footage yang stabil, cinematic, dan sesuai konsep konten 
 Melakukan dokumentasi kegiatan perusahaan, event, dan aktivitas produksi 
 2️⃣ Editing Video 
 Mengedit video menjadi konten yang menarik dan sesuai konsep 
 Melakukan cutting, sequencing, dan penyusunan footage 
 Menambahkan musik, sound effect, dan transisi 
 Melakukan color grading dasar agar tampilan video lebih menarik 
 Menyesuaikan format video untuk berbagai platform media sosial 
 
 Software yang biasa digunakan: 
 Adobe Premiere Pro 
 Adobe After Effects 
 DaVinci Resolve 
 CapCut 
 
 3️⃣ Pengembangan Konten 
 Berkolaborasi dengan tim untuk membuat konsep dan ide konten video 
 Mengikuti tren konten media sosial 
 Mengembangkan video yang menarik, informatif, dan sesuai dengan identitas brand 
 4️⃣ Manajemen File & Produksi 
 Mengelola dan menyimpan file video dengan rapi 
 Menyiapkan peralatan shooting sebelum produksi 
 Memastikan hasil video sesuai dengan standar brand 
 5️⃣ Dokumentasi Event & Aktivitas Brand 
 Melakukan dokumentasi event, promosi, dan kegiatan perusahaan 
 Bersedia melakukan shooting di luar kantor atau luar kota jika diperlukan 
 
 ⭐ Nilai Tambah (Plus Point) 
 Menjadi nilai lebih apabila kandidat juga memiliki kemampuan: 
 Desain grafis menggunakan software seperti 
 Adobe Photoshop 
 Adobe Illustrator 
 Membuat motion graphic sederhana 
 Membantu pekerjaan multimedia lainnya seperti konten visual, foto produk, atau desain kebutuhan media sosial",Fanchi adalah brand stiker otomotif di Indonesia yang berfokus pada wrapping mobil & motor serta perlindungan cat (PPF). Brand ini berada di bawah naungan PT Tongxin Trading dan telah berkembang sebagai salah satu pemain di industri modifikasi otomotif sejak sekitar tahun 2020,"medical coverage, thr financial benefits, bpjs tenaga kerja insurance and health",True,https://glints.com/id/opportunities/jobs/videografer-&-editor/da36a261-3b32-4fda-acca-026863e423e5,video editing video recording capcut videography video capture
VFX Editor,Automotive,FULL_TIME,Editor,2026-04-06T08:48:40.078Z,2026-05-07,PT WSGS Global Sentosa,http://www.wrapstation.id,https://images.glints.com/unsafe/glints-dashboard.oss-ap-southeast-1.aliyuncs.com/company-logo/04e36f95ced988fdfd8659efbaa10d32.png,"Jl. Raya Serpong Kilometer 7 No.86, Pd. Jagung, Kec. Serpong Utara, Kota Tangerang Selatan, Banten 15326",Tangerang Selatan,Banten,ID,-6.30694,106.67917,3500000.0,4500000.0,IDR,MONTH,"Motion Graphics, visual effects, camera, Editor",12.0,high school,"Gambaran Umum Pekerjaan 
 Kami mencari seorang Visual Effect (VFX) Editor yang berpengalaman dan kreatif untuk bergabung dengan tim kami di Invishield Protective Indonesia, perusahaan terkemuka di bidang keamanan dan perlindungan. Sebagai VFX Editor, Anda akan memainkan peran kunci dalam mengembangkan dan menyempurnakan konten visual yang menarik dan inovatif untuk berbagai platform media digital perusahaan kami. Posisi ini membutuhkan keahlian dalam menggabungkan elemen visual yang kompleks untuk menghasilkan efek khusus yang memukau. 
 
 Tanggung Jawab Utama 
 1. Melakukan editing video menggunakan software Visual Effect, khususnya Adobe After Effects. 
 2. Membuat motion graphic untuk kebutuhan konten perusahaan. 
 3. Mengolah footage menjadi konten visual yang berkualitas dan sesuai dengan kebutuhan branding. 
 4. Mengimplementasikan AI assisted video tools untuk meningkatkan efisiensi dan kualitas produksi video. 
 5. Melakukan pengambilan gambar (foto dan video) untuk kebutuhan konten, khususnya objek kendaraan. 
 6. Berkolaborasi dengan tim terkait dalam proses produksi konten visual. 
 7. Membantu dalam pengembangan konsep kreatif yang bertujuan untuk memenuhi tujuan bisnis. 
 
 Keterampilan, Kualifikasi, dan Pengalaman yang Dibutuhkan 
 1. Pendidikan minimal SMK/D3/S1 jurusan Multimedia, DKV, Film, atau bidang relevan 
 2. Pengalaman kerja minimal 1–2 tahun sebagai Video Editor / VFX Editor 
 3. Menguasai Adobe After Effects (wajib) 
 4. Memiliki kemampuan motion graphic 
 5. Memahami penggunaan AI assisted video workflow menjadi nilai tambah 
 6. Memiliki pemahaman dasar pengoperasian kamera (foto dan video) 
 7. Teliti, kreatif, dan mampu bekerja sesuai timeline project 
 8. Memiliki portfolio pekerjaan (wajib dilampirkan)","Wrap Station adalah perusahaan yang bergerak di bidang perawatan dan perlindungan eksterior kendaraan, khususnya dalam pemasangan Paint Protection Film (PPF) dan Winyl Wrap untuk perubahan warna. Wrap Station telah menangani berbagai jenis kendaraan, mulai dari mobil harian hingga supercar, dengan standar tinggi, kesabaran, dan perhatian terhadap detail.  
 
 Selain layanan utama tersebut, Wrap Station juga memiliki anak perusahaan bernama Invishield, yang khusus menyediakan proteksi untuk jam tangan mewah dan aksesoris dengan menggunakan teknologi pemindaian 3D. 
 
 Saat ini, Wrap Station beroperasi di beberapa lokasi, termasuk di Serpong dan Kelapa Gading, serta akan memperluas jangkauan ke beberapa titik di Indonesia bahkan di Luar Negeri. Dengan komitmen terhadap kualitas dan inovasi, perusahaan ini terus berkembang untuk memnuhi kebutuhan perlingsungan dan estetika kendaraan para pelanggan.","career growth, thr financial benefits, professional development",True,https://glints.com/id/opportunities/jobs/vfx-editor/e53dbb26-1f92-42e2-84f0-2cf55463c428,motion graphics visual effects camera editor
Editor Video,Marketing and Advertising,FULL_TIME,Editor Video & Film,2026-03-12T02:47:41.627Z,2026-05-12,Tren Masa Kini,http://trenmasakini.com,https://images.glints.com/unsafe/glints-dashboard.oss-ap-southeast-1.aliyuncs.com/company-logo/a3198c5136323a6c4abe428f6a488bc9.png,"Podomoro City Ruko GSA 8DH Jl. Letjen S. Parman, RT.15/RW.5 Tanjung Duren Selatan",Jakarta Barat,DKI Jakarta,ID,-6.1625,106.7875,4000000.0,5000000.0,IDR,MONTH,"Photography, Video Color Grading, Film & Video Production, Videography, Adobe Premiere Pro, Video Editing, Image Editing, Capcut",12.0,bachelor degree,"Kami mencari seorang Videografer kreatif yang tidak hanya mahir dalam mengambil video, tetapi juga memiliki keahlian dalam desain grafis dan editing video. Kandidat ideal mampu menciptakan konten visual yang menarik dan sesuai dengan identitas brand kami. 
 
 Tanggung Jawab: 
 
 Melakukan proses pengambilan gambar (shooting) untuk kebutuhan konten (produk, promosi, event, dll). 
 Mengedit video untuk keperluan media sosial, iklan, dan presentasi. 
 Membuat motion graphic dan elemen visual pendukung video. 
 Mengembangkan konsep kreatif untuk produksi video dan visual. 
 Berkolaborasi dengan tim marketing dan desain. 
 Memastikan hasil akhir sesuai dengan brief dan standar kualitas. 
 
 
 Kualifikasi: 
 
 Pria/Wanita, usia maks. 29 tahun 
 Pendidikan min. D3/S1 sederajat, diutamakan DKV, Multimedia, atau bidang terkait. 
 Berpengalaman min. 1 tahun di bidang videografi dan desain grafis (fresh graduate dipersilakan melamar). 
 Menguasai software editing video: Adobe Premiere, Final Cut Pro, atau sejenis. 
 Menguasai software desain: Adobe Photoshop, Illustrator, After Effects (diutamakan). 
 Memahami teknik pengambilan gambar dan pengaturan kamera (DSLR/Mirrorless). 
 Kreatif, teliti, dan mampu bekerja dengan deadline. 
 Mampu bekerja secara individu maupun dalam tim. 
 
 Nilai Plus Jika: 
 
 Memiliki portofolio video iklan, produk, atau cinematic. 
 Menguasai fotografi dasar. 
 Mampu mengoperasikan drone. 
 Aktif di media sosial atau terbiasa membuat konten TikTok/Reels.","TrenMasaKini adalah perusahaan konsultan digital marketing agency yang berlokasi di Jakarta. Sejak tahun 2019, kami telah membantu berbagai bisnis, mulai dari UMKM hingga perusahaan besar, untuk mencapai tujuan pemasaran mereka melalui solusi digital yang inovatif dan efektif.",thr financial benefits,True,https://glints.com/id/opportunities/jobs/editor-video/6684b769-d0d6-4273-aae1-7850fecda848,photography video color grading film video production videography adobe premiere pro video editing image editing capcut
Video Editor,Apparel & Fashion,CONTRACTOR,Editor Video & Film,2026-04-01T04:41:15.774Z,2026-05-02,JINISO,http://www.jiniso.id,https://images.glints.com/unsafe/glints-dashboard.oss-ap-southeast-1.aliyuncs.com/company-logo/a7fb608a0308e2d1a01cb91a090d1857.jpg,"Serpong, Tangerang",Tangerang,Banten,ID,-6.29583,106.62083,5000000.0,6000000.0,IDR,MONTH,"Video Color Grading, Video Editing, Adobe Premiere Pro, Capcut",12.0,high school,"JINISO, a distinguished Indonesian fashion brand known for its high-quality denim products, seeks to expand its team with a Lead Customer Service Representative. Our brand, which caters to a wide demographic of young adults and mature consumers, is dedicated to offering stylish and comfortable jeans at competitive prices. With a strong online presence on platforms like Instagram and TikTok, Jiniso engages with its audience and promotes its collections through vibrant and nteractive content. As we continue to grow in our ""ACTIVE"" culture-Agile, Respect, Fast, Integrity, Creative, and Extra Miles-we are looking for a passionate individual to join our team. 
 
 Requirements: 
 
 Teliti, detail-oriented, dan mampu bekerja sesuai dengan tenggat waktu 
 Menguasai tools editing: capcut, adobe premier, dll 
 Pendidikan minimal SMK semua jurusan 
 
 
 Responsibilities: 
 
 Up to date dengan trend video dan editing yang sedang viral. 
 Creative dalam mengembangkan skill dan ide ke dalam hasil video. 
 Menjaga kualitas video dan hasil editing sesuai dengan pedoman Brand. 
 Mematuhi deadline dan jadwal yang telah ditetapkan oleh tim. 
 Mengelola dan memastikan semua aset konten hasil syuting dan editing aman dan rapi di folder penyimpanan milik Perusahaan. 
 Bekerjasama dengan content creator dan tim social media sehingga hasil video sesuai dengan rencana. 
 Bekerjasama dengan Tim Graphic Designer untuk memaksimalkan element dalam video. 
 Menganalisis performa konten untuk mengevaluasi efektivitas dan membuat perbaikan jika diperlukan. 
 Memahami konteks konten awareness atau Konversi sehingga hasil editing maksimal dan tepat sasaran. 
 
 
 Sistem Kerja:  Full WFO 
 
 Lokasi: BSD, Northpoint Navapark","Jiniso is a renowned Indonesian fashion brand specializing in high-quality denim products. Catering to both young adults and mature consumers, Jiniso is committed to providing stylish-active jeans at competitive prices. The brand's vision revolves around creating collections that emphasize comfort, style, and contemporary trends.  
 
 One of Jiniso’s distinguishing features is its commitment to inclusivity. The brand offers a diverse range of sizes, from small to plus sizes, catering to various body shapes. This approach not only broadens its customer base but also enhances its popularity within the Indonesian market, setting it apart from many competitors.  
 
 Jiniso effectively utilizes social media as a key tool for customer engagement and product promotion, boasting approximately 1.5 million followers on Instagram and 3 million followers on TikTok. The brand frequently interacts with its audience and showcases new collections through various platforms.  
 
 We are growing in “ACTIVE” culture : Agile, respeCt, fasT, Integrity, creatiVe, Extra miles.","thr financial benefits, meal allowance financial benefits",True,https://glints.com/id/opportunities/jobs/video-editor/14e9313a-6336-4624-be27-01845c900388,video color grading video editing adobe premiere pro capcut
Video Editor,Broadcast Media,FULL_TIME,Editor Video & Film,2026-04-01T03:51:54.358Z,2026-05-02,Shuttshoot Official,http://www.shuttshootofficial.com,https://images.glints.com/unsafe/glints-dashboard.oss-ap-southeast-1.aliyuncs.com/company-logo/e14ab3f15de3d6c463831fe998d02d61.png,"Perum Griya Kencana 2 Blok DD No. 50, Sudimara Barat, Ciledug, Kota Tangerang",Tangerang,Banten,ID,-6.23889,106.70556,3000000.0,3500000.0,IDR,MONTH,"Video Color Grading, Adobe Premiere Pro, Film & Video Production, Video Editing",12.0,professional certificate,"Tanggung Jawab : 
 ﻿﻿Mengedit video untuk kebutuhan social media (Reels, TikTok, YouTube), event recap, aftermovie, dan konten promosi 
 ﻿﻿Menyusun alur cerita sesuai brief kreatif dan kebutuhan brand 
 ﻿﻿Melakukan cutting, basic color correction/ grading, audio balancing, dan final rendering 
 ﻿﻿Menyesuaikan format video sesuai platform (16:9 / 9:16 / 1:1) 
 ﻿﻿Menjaga kerapihan file project (foldering & naming) 
 ﻿﻿Bekerja sama dengan tim creative dan videographer 
 ﻿﻿Mengirim hasil editing sesuai timeline dan menerima revisi dengan profesional 
 Kualifikasi : 
 ﻿﻿Pria/Wanita usia 18-35 tahun 
 ﻿﻿Menguasai Adobe Premiere Pro 
 ﻿﻿Memahami basic color grading & audio editing 
 ﻿﻿Pengalaman minimal 1 tahun (boleh freelance) 
 ﻿﻿Wajib melampirkan portofolio 
 ﻿﻿Mampu bekerja cepat dan sesuai deadline 
 ﻿﻿Jujur, bertanggung jawab, dan bersemangat 
 Benefit : 
 ﻿﻿Gaji pokok 
 ﻿﻿Insentif & komisi menarik 
 ﻿﻿BPJS Kesehatan & Ketenagakerjaan 
 ﻿﻿Pengembangan karier 
 ﻿﻿Lingkungan kerja kreatif & dinamis 
 Nilai Plus : 
 ﻿﻿Bisa Adobe After Effects (motion graphic sederhana) 
 ﻿﻿Familiar dengan tren konten social media 
 ﻿﻿Terbiasa menggunakan tools Al editing","SHUTTSHOOT OFFICIAL is a company engaged in the field of the event industry. Its business lines include Multicamera System, Live Streaming System, Content Production, Event Production, and Photobooth. 
 Our Vision is to become an entity in providing work, inspiration, and innovation in the midst of industrial events. 
 Our Mission is consistently to provide the best service, innovate products HR development in building a work culture and standardize results, and overall production supervision control both in the workshop and on-site. We are also active in leveraging social media platforms with different content and visualization.","meal allowance financial benefits, sales commission financial benefits, perform bonus financial benefits, bpjs tenaga kerja insurance and health, career growth, medical coverage, thr financial benefits",True,https://glints.com/id/opportunities/jobs/video-editor/79583330-1831-4003-9302-714bf3bceaca,video color grading adobe premiere pro film video production video editing
Video Editor,Retail,FULL_TIME,Editor Video & Film,2026-03-31T04:36:31.255Z,2026-05-01,Raja Pungga Marsada,http://rajapunggamarsda.com,https://images.glints.com/unsafe/glints-dashboard.oss-ap-southeast-1.aliyuncs.com/company-logo/1bbe743009353a9bef280c02c80b2605.jpeg,"Gedung ITC Kuningan, Blk. C1 No.3A, Kapuk Muara, Kec. Penjaringan, Jkt Utara, Daerah Khusus Ibukota Jakarta 12940",Jakarta Selatan,DKI Jakarta,ID,-6.25556,106.84306,5200000.0,5500000.0,IDR,MONTH,"Video Color Grading, Image Editing, Video Editing, Adobe Premiere Pro, Capcut",12.0,bachelor degree,"Kualifikasi: 
 1. Pria/Wanita, pendidikan minimal S1 (Multimedia/Desain/Film atau jurusan terkait) 
 2. Pengalaman sebagai Video Editor minimal 1–2 tahun 
 3. Menguasai software editing (Adobe Premiere Pro, CapCut, dll) 
 4. Memiliki pemahaman dasar editing (editing sense), mampu menyesuaikan identitas visual tiap project, serta membuat hook video yang menarik di awal konten 
 5. Terbiasa membuat konten untuk media sosial (Instagram, TikTok, YouTube) 
 6. Kreatif, teliti, dan mampu bekerja sesuai deadline 
 7. Update terhadap tren perkembangan audio visual 
 
 Deskripsi Pekerjaan: 
 •	Mengedit video menjadi konten yang sesuai kebutuhan  
 •	Menyesuaikan warna, pencahayaan, dan efek visual untuk meningkatkan kualitas video  
 •	Menambahkan efek, animasi, dan elemen grafis yang diperlukan  
 •	Mengedit serta menyinkronkan audio (narasi, musik, dan sound effect)  
 •	Berkolaborasi dengan tim kreatif untuk mencapai hasil sesuai konsep  
 •	Memastikan kualitas akhir video sesuai standar yang ditetapkan 
 •	Mengelola dan mengarsipkan file video secara sistematis","Profesional pengadaan barang & jasa yang menawarkan solusi bisnis kebutuhan bahan bakar padat, cair, & gas. Kami mengelola perdagangan ATK, percetakan, tekstil, furniture, & kebutuhan rumah tangga. Berawal dari tekad tiga orang anak muda bersama seorang mentor, kami berusaha menciptakan peluang bisnis dari 'general supplier' sektor barang riil. Raja Pungga Marsada didirikan tahun 2019 & terus berkembang dengan inovasi serta kolaborasi untuk memberdayakan keterampilan masyarakat. Kami percaya kepuasan bersama bisa diraih dengan memprioritaskan kecepatan, ketepatan, & kualitas dalam implementasi.","medical coverage, bpjs tenaga kerja insurance and health, thr financial benefits",True,https://glints.com/id/opportunities/jobs/video-editor/c418ead9-b809-4cad-8192-2097d54b0cf6,video color grading image editing video editing adobe premiere pro capcut
Video Editor,Retail,FULL_TIME,Editor Video & Film,2026-03-31T02:58:06.931Z,2026-05-01,PT. KODE NIAGA TAMA,http://www.codeshop.co.id,https://images.glints.com/unsafe/glints-dashboard.oss-ap-southeast-1.aliyuncs.com/company-logo/6f8210206939c49620e1bb1141be9ade.jpeg,"Jl. Kuta III Blok G5 No.27 , Gunung Anyar, Surabaya City, East Java 60294",Surabaya,Jawa Timur,ID,-7.2925,112.80333,3000000.0,4500000.0,IDR,MONTH,"Adobe Premiere Pro, Video Color Grading, Video Editing, Capcut, Image Editing",12.0,professional certificate,"Kami mencari Video Editor yang kreatif dan detail untuk bergabung dengan tim kami. Kandidat yang ideal memiliki kemampuan editing yang kuat serta mampu menyampaikan cerita melalui visual yang menarik. 
 
 Kualifikasi : 
 1.  Laki-laki atau perempuan, usia minimal 23 tahun  
 2. Memiliki sense visual yang baik (komposisi, warna, pacing, dan storytelling) 
 3. Mampu bekerja dengan deadline yang ketat 
 4. Kreatif, inovatif, dan up-to-date dengan tren video terbaru (TikTok, Reels, YouTube, dll.) 
 5. Memiliki kemampuan komunikasi yang baik 
 6. Mampu bekerja secara individu maupun tim 
 7 .Pengalaman minimal 1 tahun di bidang video editing (fresh graduate dipersilakan melamar jika memiliki portofolio) 
 
 
Tugas & Tanggung Jawab : 
 
Menguasai software editing video seperti Adobe Premiere Pro, Adobe After Effects, atau CapCut 
 Memiliki kemampuan storytelling yang kuat serta sense kreatif yang baik 
 Memahami pacing, pemilihan musik, dan penggunaan transisi yang tepat 
 Mampu bekerja sesuai deadline yang ditentukan 
 Teliti, detail-oriented, dan memiliki manajemen file yang rapi 
 Mengikuti tren terbaru di media sosial (TikTok, Instagram, YouTube)","Codeshop Indonesia adalah perusahaan berskala nasional yang bergerak dibidang penjualan semua kebutuhan produk yang berkaitan dengan solusi identifikasi data. Kami didukung dengan support terbaik dari merk dagang ternama dan telah teruji konsistensi nya di dunia identifikasi data selama bertahun-tahun. Seiring berjalannya waktu kami berkembang dan melakukan banyak terobosan, perubahan baik secara pelayanan maupun pemasaran.","professional development, bpjs tenaga kerja insurance and health, perform bonus financial benefits, career growth, thr financial benefits, medical coverage",True,https://glints.com/id/opportunities/jobs/video-editor/325d23d4-bca0-4ea7-875a-2c1ce2316b88,adobe premiere pro video color grading video editing capcut image editing
Videografer - Editor,Apparel & Fashion,FULL_TIME,Videografer,2024-06-06T08:11:01.906Z,2026-04-27,PT FADSAN INDONESIA GROUP,http://www.fadsan.id,https://images.glints.com/unsafe/glints-dashboard.oss-ap-southeast-1.aliyuncs.com/company-logo/847b06926093565c631c2db7cba3e417.jpg,Jl.Padasuka Kel.Sukamajukaler Kec.Indihiang Kota Tasikmalaya,Tasikmalaya,Jawa Barat,ID,-7.29111,108.19667,3500000.0,4500000.0,IDR,MONTH,"Adobe Lightroom, Audio Editing, Videography, Video Editing",12.0,high school,"Job Desk: 
 Perencanaan dan Konsep: 
 
 Merencanakan konsep video sesuai dengan brief yang diberikan. 
 Menentukan lokasi, pencahayaan, dan pengaturan lainnya yang diperlukan untuk pengambilan gambar. 
 
 Pengambilan Gambar: 
 
 Melakukan pengambilan gambar/video sesuai dengan storyboard atau skenario yang telah disepakati. 
 Memastikan kualitas gambar sesuai dengan standar yang ditetapkan (pencahayaan, framing, dll.). 
 
 Editing Video: 
 
 Mengedit rekaman video menjadi produk akhir yang siap tayang sesuai dengan brief. 
 Menyusun potongan video, menambahkan efek, transisi, teks, dan elemen grafis lainnya. 
 Melakukan color correction dan color grading untuk memastikan kualitas visual yang optimal. 
 
 Pengaturan Peralatan: 
 
 Menyiapkan dan mengatur peralatan kamera dan pencahayaan sebelum pengambilan gambar. 
 Memastikan semua peralatan berfungsi dengan baik dan siap digunakan. 
 
 Koordinasi dengan Tim: 
 
 Bekerja sama dengan tim digital marketing dan sales 
 
 Pemeliharaan Peralatan: 
 
 Merawat dan memelihara peralatan kamera dan lainnya untuk memastikan kondisi tetap prima. 
 
 
 
 Kualifikasi: 
 Pengalaman: 
 
 Pengalaman minimal 2 tahun sebagai videographer atau dalam bidang yang relevan. 
 Portofolio yang menunjukkan berbagai proyek video yang pernah dikerjakan. 
 
 Kemampuan Teknis: 
 
 Menguasai penggunaan berbagai jenis kamera (DSLR, mirrorless, dll.). 
 Pemahaman tentang teknik pencahayaan dan komposisi video. 
 Menguasai software editing video seperti Adobe Premiere, Final Cut Pro, atau software sejenis. 
 Pemahaman tentang teknik editing, color grading, dan penyuntingan audio. 
 
 Kreativitas: 
 
 Kemampuan untuk menghasilkan konsep video  dan hasil editing yang kreatif dan menarik. 
 Kemampuan storytelling visual yang kuat. 
 
 Kemampuan Komunikasi: 
 
 Keterampilan komunikasi yang baik untuk berkoordinasi dengan tim produksi dan klien. 
 
 Fleksibilitas: 
 
 Kemampuan untuk bekerja dalam lingkungan yang cepat dan di bawah tekanan. 
 Bersedia bekerja di luar jam kerja normal jika diperlukan.",PT FADSAN INDONESIA GROUP www.fadsan.id FADSAN adalah brand fashion yang bergerak khusus di produk couple wear ayah dan anak.,"work station, well ness, free food and beverages, travel, vacation and leaves, thr financial benefits, medical coverage, career growth, professional development, bpjs tenaga kerja insurance and health",True,https://glints.com/id/opportunities/jobs/videografer---editor/3b972764-c093-4492-842c-f54963f49041,adobe lightroom audio editing videography video editing
Editor VIDEO AI,Apparel & Fashion,CONTRACTOR,Editor Video & Film,2026-04-06T05:26:22.697Z,2026-05-07,Guten Inc,https://www.guteninc.com,https://images.glints.com/unsafe/glints-dashboard.oss-ap-southeast-1.aliyuncs.com/company-logo/e8c6a8e485cdd854db23d0fd7d248e27.png,"Jl. Moh. Toha No.357C, Ciseureuh, Kec. Regol, Kota Bandung, Jawa Barat 40243",Bandung,Jawa Barat,ID,-7.05722,107.53972,2000000.0,3000000.0,IDR,MONTH,"Capcut, Video Editing, Adobe Premiere Pro",12.0,high school,mencari editor yang pandai dan ahli dalam menggunakan AI untuk menghasilkan video,"Dengan berkembang pesatnya dunia bisnis, kami mengundang individu-individu yang berkualitas untuk dapat bergabung dan maju bersama perusahaan kami. Kami tidak pernah memungut biaya apapun dalam proses rekrutmen. Kami  tidak pernah bekerja sama dengan travel agent / biro perjalanan tertentu dalam proses rekrutmen. Apabila Anda diminta untuk membayar sejumlah uang dalam bentuk pembayaran tiket pesawat dan hotel atau akomodasi lainnya, agar diabaikan. Jangan memberikan data pribadi atau data keuangan Anda kepada  siapapun. Jika membutuhkan klarifikasi lebih lanjut dapat langsung menghubungi kami.","travel, housing, loans, work station, vacation and leaves, career growth, gifts and vouchers, free food and beverages",True,https://glints.com/id/opportunities/jobs/editor-video-ai/2bbd4fff-e397-4cd1-b8c0-752611a46c24,capcut video editing adobe premiere pro
Video Editor,Retail,FULL_TIME,Editor Video & Film,2026-03-23T03:52:15.474Z,2026-04-23,Kleaner Indonesia,http://kleaner.co.id,https://images.glints.com/unsafe/glints-dashboard.oss-ap-southeast-1.aliyuncs.com/company-logo/0a7f090f111719883859f9a57530ae9d.png,"SOHO Graha Natura DS-28A, Lontar, Sambikerep",Surabaya,Jawa Timur,ID,-7.27667,112.65306,5288796.0,6000000.0,IDR,MONTH,"Motion Graphics, Adobe Premiere Pro, Adobe After Effects, Video Editing, Capcut, Video Color Grading, DaVinci Resolve, Music, Teamwork",12.0,professional certificate,"Kualifikasi : 
 
 Laki-laki/Perempuan 
 Lulusan SMA/SMK/S1 
 Menguasai Adobe After Effects, Adobe Premiere, Capcut, dan Davinci Resolve. 
 Memahami prinsip dan teknik color grading. 
 Memahami post production atau compositing. 
 Memahami dan mampu melakukan VFX. 
 Memiliki pengalaman editing video minimal 2 tahun (Fresh graduate dipersilakan melamar dengan portofolio yang kuat). 
 Memiliki manajemen waktu dan analisa yang baik. 
 Memiliki portofolio editing yang relevan.","Kleaner Indonesia didirikan pada tahun 2020. Menyediakan perlatan kebersihan rumah tangga yang inovatif, Kleaner Indonesia telah berkembang pesat dan mendistribusikan produknya ke lebih dari 40 kota besar di seluruh Indonesia. 
 
Didorong oleh ambisi untuk perubahan positif, Kleaner terus melakukan pengembangan untuk menyediakan produk yang dapat meningkatkan kualitas hidup anda dengan harga yang terjangkau dan design produk yang premium. 
 
Komitmen Kleaner Indonesia  
 
 Mengutamakan Kepuasan Pelanggan  
Menurut kami kepuasan pelanggan adalah hal yang harus selalu diutamakan. Setiap produk yang kami jual telah melalui proses pengecekan kualitas yang detail, apabila ditemukan cacat produksi pada produk Kleaner. 
 Berusaha Lebih Dekat dan Memudahkan Anda 
Dalam waktu yang belum genap satu tahun, Kleaner telah berhasil tersebar di berbagai kota besar di Indonesia, dan masih akan terus bertambah. Hal ini kami lakukan agar semakin memudahkan Anda mendapatkan Produk Kleaner. 
 Terus Berinovasi Menghasilkan Hal Baru 
Didorong oleh ambisi untuk perubahan positif, Kleaner terus melakukan pengembangan untuk menyediakan produk baru yang inovatif, yang dapat meningkatkan kualitas hidup dan memudahkan kegiatan sehari-hari Anda.","user defined, bpjs tenaga kerja insurance and health, vacation and leaves, medical coverage, user defined, user defined, thr financial benefits",True,https://glints.com/id/opportunities/jobs/video-editor/04f50241-1280-4d36-986c-28cd33ee4aed,motion graphics adobe premiere pro adobe effects video editing capcut video color grading davinci resolve music teamwork
Video Editor,Food & Beverages,FULL_TIME,Editor Video & Film,2026-03-16T03:04:47.887Z,2026-04-16,PT Bisnis Bersama Karunia,http://riyadhaqiqah.net,https://images.glints.com/unsafe/glints-dashboard.oss-ap-southeast-1.aliyuncs.com/company-logo/2b523fff21b5f814800317e64715cd60.png,"Pergudangan Keong Ronyok No. 8, Sukabakti, Curug, Kab. Tangerang",Tangerang,Banten,ID,-6.2425,106.56611,4500000.0,5500000.0,IDR,MONTH,"Photography, Adobe Illustrator, Adobe Audition, Videography, Film & Video Production, Photo Editing, Product Photography, Adobe Premiere Pro, Video Editing",36.0,high school,"Requirement : 
 1. Minimum 1 year of experience as a Video Editor, preferably within the beauty or skincare industry. 
 2. Bachelor’s degree in a relevant field. 
 3. Strong proficiency in CapCut (mandatory) and familiarity with other video editing software (e.g., Adobe Premiere Pro, Final Cut Pro, or DaVinci Resolve). 
 4. Proven experience in creating promotional videos, tutorials, educational content, and social media content for beauty or skincare products. 
 5. A strong and relevant editing portfolio that showcases creativity, technical skills, and past work. 
 6. Excellent creative storytelling skills with a strong sense of visual aesthetics and trend awareness.","PT BBK engaged in digital marketing and has several business fields. PT BBK has received good and positive reviews and ratings from various platforms such as Google, Instagram, Youtube, Facebook, etc. which prove the quality of our services.","work station, career growth, vacation and leaves, free food and beverages, professional development, team building events",True,https://glints.com/id/opportunities/jobs/video-editor/634586cf-9724-4ef3-9db5-334e2962db8a,photography adobe illustrator adobe audition videography film video production photo editing product photography adobe premiere pro video editing
Graphic Designer and Video Editor,Textiles,FULL_TIME,Desainer Grafis & Brand,2026-03-14T19:10:33.76Z,2026-05-09,SJA Textile Bandung,https://sjatextile.com,https://images.glints.com/unsafe/glints-dashboard.oss-ap-southeast-1.aliyuncs.com/company-logo/5bd802859a5e31a32d9340f1369f921f.jpg,"Jl. Jend. Sudirman No.67, Karanganyar, Kec. Astanaanyar, Kota Bandung, Jawa Barat 40241",Bandung,Jawa Barat,ID,-6.93139,107.60083,3000000.0,4500000.0,IDR,MONTH,"Image Editing, Typography, Short Video Editor, Video Editing, Banner Design, Photo Editing, Brand Design, Adobe Illustrator, Adobe Photoshop, Graphic Design, Image Photo Retouching, social media design, Promotion Design",12.0,high school,"Graphic / Social Media Designer  + Video Editor (CapCut) jadi Nilai Plus 
 
 Abby n Bev lagi cari Graphic Designer yang jago banget di Adobe Illustrator (wajib), dan akan makin kece kalau kamu juga familiar dengan Adobe family lainnya. Kamu juga bakal bantu edit video (minimal CapCut mobile/PC). Kalau sesekali bisa jadi talent untuk konten—itu nilai plus banget 💛 
 
 Kita lagi di fase heavy campaign & banyak design rolling, jadi kita cari yang siap gas bareng, cepat adapt, dan enjoy kerja di environment yang fast-paced. 
 
 About Abby n Bev 
 Abby n Bev adalah Brand dibawah naungan SJA Group. Beauty Brand curated beauty store (makeup & skincare) dengan Tagline “Curated for Your Beauty”. Offline store kami ada di area Kota Baru Parahyangan (Bandung Barat) dan online aktif di website + marketplace. Vibenya: warm, supportive, fun—kayak beauty bestie kamu, tapi tetap professional. (Yes, we’re the beauty store bandung yang curated & super detail di edukasi produk!) 
 
 Kamu bakal ngapain aja? 
 
 Desain kebutuhan promo untuk social media & platform online (utama: feeds carousel, story, banner website, thumbnail marketplace/website) 
 Adapt ukuran desain untuk berbagai channel (IG, TikTok, website, Shopee/TikTok Shop, dll) 
 Bikin layout yang clean, eye-catching, dan tetap on brand 
 Basic video editing untuk konten promo/produk (CapCut mobile/PC) 
 Kolaborasi bareng marketing team untuk kejar timeline campaign 
 (Plus) Kalau bisa jadi talent untuk beberapa konten simple: unboxing, promo, atau announcement 
 
 
 Requirements (wajib) 
 
 Pengalaman minimal 1 tahun sebagai Graphic Designer / Social Media Designer 
 Mahir Adobe Illustrator (wajib banget) 
 Punya taste desain yang kuat, paham hierarchy, typography, dan layout untuk promo 
 Bisa video editing minimal CapCut (mobile/PC) 
 Punya portfolio yang lengkap & menarik (wajib attach link) 
 Cepat, responsif, dan terbiasa handle beberapa request dalam waktu dekat 
 Nice to have (nilai plus) 
 Bisa Adobe Photoshop / After Effects / Premiere (basic–intermediate is okay) 
 Pernah desain untuk brand beauty / lifestyle / retail 
 Bisa motion simple (animated text, sticker-style, dll) 
 Berani tampil jadi talent di beberapa konten (nggak harus sering) 
 
 
 Work style yang kita cari  
 
 Suka kerja yang dinamis & siap handle peak season campaign 
 Comfortable dengan tight deadline dan bisa maintain kualitas 
 Punya growth mindset: mau belajar, mau di-review, mau improve 
 Catatan: Di Abby n Bev, ritme kerjanya bisa ngebut saat campaign. Jadi kita cari yang siap “kerja bareng” dan nggak kaget kalau pace lagi kenceng. 
 
 
 What you’ll get 
 
 Kesempatan bikin visual untuk brand beauty yang lagi growing (online + offline) 
 Ruang eksplorasi ide kreatif (asal tetap on-brand & goal-driven) 
 Team yang supportive + fast execution (no kebanyakan birokrasi) 
 Banyak project seru: promo, launching, campaign, website assets, marketplace",SJA TEXTILE,"thr financial benefits, near public transport work environment and facilities, career growth",True,https://glints.com/id/opportunities/jobs/graphic-designer-and-video-editor/feb79504-bdf4-43a5-add4-3a240fcb50bf,image editing typography short video editor video editing banner design photo editing brand design adobe illustrator adobe photoshop graphic design image photo retouching social media design promotion design
Videographer & Video Editor,Consumer Goods,FULL_TIME,Videografer,2026-03-31T02:03:31.535Z,2026-05-01,PT Nutrisi Asia Mandiri (Broth & Co),https://brothnco.co.id,https://images.glints.com/unsafe/glints-dashboard.oss-ap-southeast-1.aliyuncs.com/company-logo/929c518c8ce7cbff1f6d9704dc5981f5.jpg,"Ruko Sedayu City Blok SCBSB No. 30, Sedayu City, Cakung Bar., Kec. Cakung, Kota Jakarta Timur, Daerah Khusus Ibukota Jakarta 13920",Jakarta Timur,DKI Jakarta,ID,-6.18889,106.94167,5700000.0,7000000.0,IDR,MONTH,"Video Editing, Videography, Video Recording",36.0,professional certificate,"Memiliki pengalaman minimal 3 tahun sebagai videografer & editor. 
 Menguasai software editing (Adobe Premiere Pro, After Effects, Final Cut, atau lainnya). 
 Terampil dalam videografi dengan penguasaan pencahayaan natural & soft 
 Mahir dalam color grading dan editing berbasis storytelling. 
 Teliti, presisi, dan mampu menghasilkan karya dengan kualitas yang konsisten. 
 Berpengalaman dalam kerja tim, multitasking, proaktif, serta kreatif dan mau terus belajar untuk meningkatkan kualitas konten","Premium Organic Bonebroth Healing food for daily nutrients. Produce premium quality from clean, hygiene, organic ingredients.","thr financial benefits, medical coverage, professional development, bpjs tenaga kerja insurance and health, career growth, perform bonus financial benefits",True,https://glints.com/id/opportunities/jobs/videographer-&-video-editor/e4490a36-bd5b-4c3b-91c1-102959b27ebe,video editing videography video recording
Video Editor YouTube,Medical Practice,FULL_TIME,Editor Video & Film,2026-03-23T14:28:38.142Z,2026-04-23,Dental 21,https://dental21clinic.com,https://images.glints.com/unsafe/glints-dashboard.oss-ap-southeast-1.aliyuncs.com/company-logo/b75070ce08a7d0e13cf847a20eff220c.jpg,"Dental 21, Town House Cordoba No. 21. Bukit Golf Mediterania. Pantai Indah Kapuk.",Jakarta Utara,DKI Jakarta,ID,-6.12083,106.76111,6500000.0,7000000.0,IDR,MONTH,"Adobe Premiere Pro, DaVinci Resolve, Capcut",12.0,bachelor degree,"Video Editor YouTube (Long Video) - As a Marketing Dental 21 (70% Editor Youtube & 30% Marketing Support) 
 
 Dental 21 PIK sedang mencari Video Editor yang bisa menjadi bagian produksi konten salah satunya edukasi dokter dengan kualitas rapi, engaging, dan konsisten setiap minggu. Bukan hanya menjadi seseorang editor video, namun bisa membantu untuk kita grow bersama dari segi marketing secara keseluruhan dengan sistem kerja yang sangat mendukung pertumbuhan untuk employee. 
 
 Fokus utama: 
 	•	Editing video edukasi dental (format 16:9) 
 	•	Durasi video 3–4 menit 
 	•	Target: 2 video/minggu 
 	•	Membuat thumbnail yang menarik & high click-through 
 	•	Menganalisis performa konten & memahami algoritma YouTube (punya basic dan ingin belajar) 
 
 Kualifikasi Umum : 
 
 Menguasai editing di platform masing-masing (CapCut, Premiere, dll) 
 Memiliki kemampuan copywriting & storytelling yang baik 
 Kreatif dan mampu memberikan ide saat diskusi konten 
 Memiliki komunikasi & attitude yang baik 
 Siap bekerja sebagai bagian dari tim marketing (tidak hanya editing) 
 
 
 Weekly Meeting dengan dokter : 
 1 hari : bahas script & VO 
 1 hari : revisi 1 
 1 hari : revisi 2 
 
 Kualifikasi Cara Kerja (Wajib) : 
 
 Komunikasi enak & responsif (update progress, nanya kalau brief kurang jelas). 
 Mampu kerja dengan deadline dan manage beberapa project. 
 Siap melakukan revisi (mis. 2–3x (bahkan lebih) revisi per video, sesuai brief dan target). 
 
 
 Output & Standar Kerja yang Kami Cari : 
 
 Hasil edit rapih, engaging, dan “enak nonton sampai selesai” 
 Tidak asal efek; fokus ke cerita & kejelasan pesan 
 Format file rapi: project folder, penamaan file, versioning (V1, V2, Final) 
 
 
 Soft Skill yang Dicari : 
 
 Proaktif kasih saran (hook, struktur, pacing) tanpa keluar dari brand. 
 Mau belajar & adapt ke gaya channel. 
 Bisa terima feedback tanpa baper, fokus ke hasil. 
 
 
 Larangan / Red Flags :  
 
 Sering telat tanpa kabar 
 Folder kerja berantakan, file hilang 
 Tidak paham hak cipta (pakai musik/footage sembarangan) 
 Sulit dihubungi saat proses revisi 
 
 
 Note : 
 
 Detail sistem kerja, workflow, dan ekspektasi akan dijelaskan lebih lanjut setelah kandidat lolos tahap seleksi awal. 
 
 
 Cara Melamar 
 Kirim: 
 Portfolio/showreel link 
 Minimal 3 contoh: 
 1 Long-form (16:9) 
 1 Short (9:16) 
 1 contoh yang menunjukkan caption + pacing yang rapi 
 
 Sebutkan software yang digunakan + device (PC/laptop spek singkat) 
 
 Benefit :  
 
 Gaji pokok = Rp6.000.000 - Rp6.500.000 
 Insentif lembur  
 Insentif kesehatan 
 Serta benefit lainnya 
 
 Lamar sebelum tanggal 01 April 2026","Dental 21 is a dental clinic established in 2019. Located in Pantai Indah Kapuk, North Jakarta. We are a clinic that aims to be the leading dental and oral clinic in providing quality, humanistic and professional dental and oral health services to achieve patient health and satisfaction.  
 
We will realize our goal to prioritize patient satisfaction by maintaining the 5 rating we get from 3000+ Satisfied Patients. Doctors who work with Dental 21 are doctors who actively participate in national and international level courses, to support skills to make Dental 21 the best dental clinic.  
 
Let's grow and develop with Dental 21!!","thr financial benefits, overtime pay financial benefits",True,https://glints.com/id/opportunities/jobs/video-editor-youtube/98f67064-3102-44d0-ad8b-3efd202a2207,adobe premiere pro davinci resolve capcut
Video Editor Instagram,Medical Practice,FULL_TIME,Editor Video & Film,2026-03-23T14:33:26.797Z,2026-04-23,Dental 21,https://dental21clinic.com,https://images.glints.com/unsafe/glints-dashboard.oss-ap-southeast-1.aliyuncs.com/company-logo/b75070ce08a7d0e13cf847a20eff220c.jpg,"Dental 21, Town House Cordoba No. 21. Bukit Golf Mediterania. Pantai Indah Kapuk.",Jakarta Utara,DKI Jakarta,ID,-6.12083,106.76111,5500000.0,6000000.0,IDR,MONTH,"DaVinci Resolve, Adobe Premiere Pro, Capcut",12.0,bachelor degree,"Video Editor Instagram - As a Marketing Dental 21 (70% Editor Instagram & 30% Marketing Support) 
 
 Dental 21 PIK sedang mencari Video Editor yang bisa menjadi bagian produksi konten salah satunya edukasi dokter dengan kualitas rapi, engaging, dan konsisten setiap minggu. Bukan hanya menjadi seseorang editor video, namun bisa membantu untuk kita grow bersama dari segi marketing secara keseluruhan dengan sistem kerja yang sangat mendukung pertumbuhan untuk employee. 
 
 Fokus utama: 
 	•	Editing konten Reels (≤ 1 menit), Story, dan Feeds 
 	•	Target: 5 reels/minggu + 1 carousel + story (menyesuaikan) 
 	•	Memahami gaya konten untuk market premium (medium–high class Jakarta) 
 	•	Mengikuti tren & algoritma Instagram 
 
 Kualifikasi Umum : 
 
 Menguasai editing di platform masing-masing (CapCut, Premiere, dll) 
 Memiliki kemampuan copywriting & storytelling yang baik 
 Kreatif dan mampu memberikan ide saat diskusi konten 
 Memiliki komunikasi & attitude yang baik 
 Siap bekerja sebagai bagian dari tim marketing (tidak hanya editing) 
 
 
 Weekly Meeting dengan dokter : 
 1 hari : bahas script & VO 
 1 hari : revisi 1 
 1 hari : revisi 2 
 
 Kualifikasi Cara Kerja (Wajib) : 
 
 Komunikasi enak & responsif (update progress, nanya kalau brief kurang jelas). 
 Mampu kerja dengan deadline dan manage beberapa project. 
 Siap melakukan revisi (mis. 2–3x (bahkan lebih) revisi per video, sesuai brief dan target). 
 
 
 Output & Standar Kerja yang Kami Cari : 
 
 Hasil edit rapih, engaging, dan “enak nonton sampai selesai” 
 Tidak asal efek; fokus ke cerita & kejelasan pesan 
 Format file rapi: project folder, penamaan file, versioning (V1, V2, Final) 
 
 
 Soft Skill yang Dicari : 
 
 Proaktif kasih saran (hook, struktur, pacing) tanpa keluar dari brand. 
 Mau belajar & adapt ke gaya channel. 
 Bisa terima feedback tanpa baper, fokus ke hasil. 
 
 
 Larangan / Red Flags :  
 
 Sering telat tanpa kabar 
 Folder kerja berantakan, file hilang 
 Tidak paham hak cipta (pakai musik/footage sembarangan) 
 Sulit dihubungi saat proses revisi 
 
 
 Note: 
 
 Detail sistem kerja, workflow, dan ekspektasi akan dijelaskan lebih lanjut setelah kandidat lolos tahap seleksi awal. 
 
 
 Cara Melamar 
 Kirim: 
 Portfolio/showreel link 
 Minimal 3 contoh: 
 1 Long-form (16:9) 
 1 Short (9:16) 
 1 contoh yang menunjukkan caption + pacing yang rapi 
 
 Sebutkan software yang digunakan + device (PC/laptop spek singkat) 
 
 Benefit :  
 
 Gaji pokok = Rp5.500.000 - Rp6.000.000 
 Insentif lembur  
 Insentif kesehatan 
 Serta benefit lainnya 
 
 Lamar sebelum tanggal 01 April 2026","Dental 21 is a dental clinic established in 2019. Located in Pantai Indah Kapuk, North Jakarta. We are a clinic that aims to be the leading dental and oral clinic in providing quality, humanistic and professional dental and oral health services to achieve patient health and satisfaction.  
 
We will realize our goal to prioritize patient satisfaction by maintaining the 5 rating we get from 3000+ Satisfied Patients. Doctors who work with Dental 21 are doctors who actively participate in national and international level courses, to support skills to make Dental 21 the best dental clinic.  
 
Let's grow and develop with Dental 21!!","thr financial benefits, overtime pay financial benefits",True,https://glints.com/id/opportunities/jobs/video-editor-instagram/00c7ddd4-52c7-4b15-b60e-4bf339ee85b0,davinci resolve adobe premiere pro capcut
Videographer & Video Editor,Mechanical or Industrial Engineering,CONTRACTOR,Videografer,2026-03-30T01:05:22.231Z,2026-04-30,Rotary Bintaro,https://rotarybintaro.co.id,https://images.glints.com/unsafe/glints-dashboard.oss-ap-southeast-1.aliyuncs.com/company-logo/7548dddb4027da6746ad2108647c3275.png,"Foresta Business Loft 6 No.5 Lengkong Kulon, Pagedangan, Tangerang - Banten",Jakarta Selatan,DKI Jakarta,ID,-6.25,106.75972,4000000.0,5000000.0,IDR,MONTH,"Videography, Video Editing, Video Capture, Video Recording, Capcut",12.0,high school,"Kualifikasi : 
 1. Pendidikan SMK / D3 /S1 Jurusan Broadcast / Komunikasi 
 2. Laki - laki / Perempuan, usia maksimal 25 Tahun 
 3. Memiliki keahlian komunikasi tertulis / verbal / presentasi yang baik 
 4. Memahami prinsip konsep dan creative brief 
 5. Pengalaman minimal 1 Tahun dibidang yang sama 
 6. Kreatif dan cekatan 
 7. Mahir menggunakan Kamera semua tipe 
 7. Bersedia bekerja full time 
 8. Bersedia bergabung secepatnya 
 
 Job Desc : 
 1. Paham menggunakan kamera DSLR / mirrorless secara teknis 
 2. Mampu mengoperasikan studio, audio lapangan, pencahayaan, dan peralatan produksi terkait 
 3. Mampu menggunakan aplikasi video editing (After Effect, Adobe Photoshop, dan UE 4) 
 4. Mampu membuat video / foto yang berkualitas 
 5. Bertanggung jawab mengelola akun konten dari tahap awal, meliputi perencanaan konsep video, proses shooting, editing, hingga publikasi dan pengelolaan performa konten di platform digital.","PT. Rotary Gemilang Indonesia adalah perusahaan yg bergerak di bidang otomotif sejak tahun 2000 dan memiliki Brand Rotary Bintaro (Bengkel mobil) dan Brand Kyoto (Produk Sterilisasi Ruangan) 
 ROTARY BINTARO Berdiri sejak tahun 2000 yang saat ini memiliki 9 cabang di jabodetabek : 
 
 Rotary Bintaro Cab. Veteran - Jakarta Selatan 
 Rotary Bintaro Cab. Ciledug - Jakarta Selatan 
 Rotary Bintaro Cab. Kedoya - Jakarta Barat 
 Rotary Bintaro Cab. Serpong - Tangerang 
 Rotary Bintaro Cab. Bekasi - Bekasi 
 Rotary Bintaro Cab. Puri - Jakarta Barat 
 Rotary Bintaro Cab. Rawamangun - Jakarta Timur 
 Rotary Bintaro Cab. Kuningan - Jakarta Selatan 
 Rotary Bintaro Cab. Depok - Depok 
 
 dengan Jam terbang Pengalaman yang sudah tinggi, Rotary Bintaro Sedang agresif untuk mengembangkan Sayapnya untuk membuka 100 outlet di seluruh Indonesia dengan tujuan membantu pemerintah dalam membuka lapangan kerja seluas2 nya di seluruh indonesia. 
 Selain itu PT.Rotary Gemilang Indonesia juga mengeluarkan produk dengan Brand Kyoto yg dimana untuk membantu sterilisasi Ruangan / Kendaraan yang di butuhkan pada saat kondisi virus/bakteri. 
 dan kyoto juga sedang lakukan pengembangan produk yang berhubungan dengan otomotif. 
 Rotary Bintaro & Kyoto yang sedang berkembang pesat ini membutuhkan mitra kerja dengan karakter baik, memiliki kompetensi tinggi, pengalaman luar biasa untuk tumbuh dan sukses bersama, silahkan rasakan kepuasan dan kebahagaian bersama keluarga kami. 
 TIDAK ADA YANG LEBIH NIKMAT DARI MENGANTISIPASI KEBAHAGIAN UNTUK MENCAPAI KESUKSESAAN YANG KITA INGINKAN","sales commission financial benefits, thr financial benefits, medical coverage, career growth, bpjs tenaga kerja insurance and health, meal allowance financial benefits, vacation and leaves",True,https://glints.com/id/opportunities/jobs/videographer-&-video-editor/4eefed06-ec64-4b41-930a-8600c0c7a967,videography video editing video capture video recording capcut
Text Editor,Oil & Energy,CONTRACTOR,Editor,2026-03-11T02:33:50.847Z,2026-04-11,PT Berkat Sentosa Utama,https://www.berkatsentosautama.com,https://images.glints.com/unsafe/glints-dashboard.oss-ap-southeast-1.aliyuncs.com/company-logo/0a5f4b87700a67c67fb94faf6f0aa8fa.jpg,"Jl. Paseban Bar. No.10, RT.5/RW.3, Paseban, Kec. Senen, Kota Jakarta Pusat, Daerah Khusus Ibukota Jakarta 10440",Jakarta Selatan,DKI Jakarta,ID,-6.25,106.75972,1000000.0,5000000.0,IDR,MONTH,"Editor, Copy Editing, Adobe Photoshop, Image Editing, Adobe Illustrator",36.0,high school,"PT Berkat Sentosa Utama, yang didirikan pada tahun 2004, telah menjadi pionir dalam outsourcing tenaga kerja untuk eksplorasi rig minyak. Dengan pengalaman lebih dari dua dekade di industri ini, kami telah membangun diri sebagai mitra yang dapat dipercaya dan andal bagi perusahaan internasional yang mencari tenaga profesional terlatih untuk operasi rig mereka. Prioritas utama kami adalah kepuasan klien, dan kami percaya bahwa hubungan jangka panjang yang didasarkan pada kepercayaan, profesionalisme, dan keunggulan adalah inti dari layanan kami. Komitmen kami terhadap layanan luar biasa membuat kami berbeda. Kami memastikan pengalaman yang mulus bagi klien kami, dari konsultasi awal hingga pelaksanaan profesional yang kompeten. Kami terus berinvestasi dalam program pelatihan dan pengembangan untuk meningkatkan kemampuan tenaga kerja kami dan menjaganya ter-update dengan perkembangan terbaru di industri ini. Tim ahli kami memastikan kebutuhan dan preferensi spesifik Anda dipenuhi dengan presisi dan efisiensi, menghasilkan tingkat kepuasan pelanggan yang luar biasa. 
 
 Kami sedang mencari individu yang berbakat untuk posisi Editor dan Title Text Editor. Sebagai seorang editor, Anda akan bertanggung jawab untuk merancang dan menyunting teks serta judul untuk dokumen, presentasi, atau media lainnya. Anda akan bekerja sama dengan tim untuk memastikan semua materi komunikasi internal dan eksternal perusahaan kami memiliki standar yang tinggi dalam hal kualitas dan estetika. Posisi ini tersedia secara remote, sehingga Anda dapat bekerja dari mana pun yang nyaman bagi Anda, selama Anda memiliki koneksi internet yang stabil. Kami mencari kandidat yang memiliki pendidikan minimal SMA/SMK, dengan pengalaman kerja minimal 3 hingga 5 tahun. Keterampilan yang diperlukan meliputi editing teks, penyuntingan copy, Adobe Illustrator, editing gambar, dan Adobe Photoshop. Jika Anda memiliki kemampuan ini dan tertarik untuk bergabung dengan tim kami, kami sangat antusias untuk menerima aplikasi Anda. 
 
 Kualifikasi untuk posisi ini termasuk pendidikan minimal SMA/SMK, pengalaman kerja minimal 3 hingga 5 tahun, dan keterampilan yang relevan seperti editing teks, penyuntingan copy, Adobe Illustrator, editing gambar, dan Adobe Photoshop. Kami menawarkan kesempatan yang mengasyikkan untuk bekerja dengan tim yang profesional dan dinamis di bidang outsourcing tenaga kerja. PT Berkat Sentosa Utama memberikan lingkungan kerja yang mendukung pertumbuhan profesional dan kreativitas. Kami menghargai keterbukaan dan kebersamaan dalam mencapai tujuan bersama. Bergabunglah dengan tim kami dan gunakan keterampilan Anda untuk membantu kami terus menjadi mitra yang andal bagi klien kami.","Founded in 2004, BSU Group has been a leading force in the field of manpower outsourcing for oil rig exploration. With over two decades of industry experience, we have established ourselves as a trusted and reliable partner for international companies seeking skilled and qualified personnel for their oil rig operations. 
 
 Our Clients’ satisfaction is our top priority. At BSU Group, we believe in fostering long term partnerships built on trust, professionalism, and excellence. Our dedication to outstanding service sets us apart. We prioritize a seamless experience for our clients, from initial consultation to the deployment of highly competent professionals. We continually invest in training and development programs to enhance the skills of our workforce and keep them up to date with the latest industry advancements. Our team of dedicated experts ensures that your specific needs and preferences are met with precision and efficiency, resulting in an unparalleled level of customer satisfaction.",near public transport work environment and facilities,True,https://glints.com/id/opportunities/jobs/text-editor/a8e4a571-9b74-482e-b4a5-3dc122268a86,editor copy editing adobe photoshop image editing adobe illustrator
Editor Videographer Property,Commercial Real Estate,FULL_TIME,Videografer,2026-03-27T03:35:03.533Z,2026-04-27,PT XAVIER MARKS PRIMA - (PIK),https://www.xaviermarks.com/,https://images.glints.com/unsafe/glints-dashboard.oss-ap-southeast-1.aliyuncs.com/company-logo/92e7af2b990c9f36a601ad0d1e99fc5f.jpg,"Soho Rodeo Drive Nomor 16, Desa/Kelurahan Kamal Muara, Kec.
Penjaringan, Kota Adm. Jakarta Utara, Provinsi DKI Jakarta,
Kode Pos: 14470",Jakarta Utara,DKI Jakarta,ID,-6.12083,106.76111,4000000.0,5000000.0,IDR,MONTH,"Video Capture, Video Recording, Video Editing, Capcut, Drone Testing, Videography",12.0,high school,"Pendidikan minimal  SMA/SMK  atau  setara 
 Pengalaman sebagai videographer minimal 1 tahun (property lebih diutamakan) 
 Memiliki portofolio video (WAJIB) 
 Mengoperasikan  drone  untuk  aerial shot 
 Setup alat  shooting  (tripod, gimbal, lighting, mic , dll) 
 Menguasai teknik pengambilan gambar ( composition, framing, movement ) 
 Melakukan pengambilan video properti ( indoor & outdoor ) 
 Mengoperasikan kamera profesional ( DSLR/Mirrorless ) 
 Membuat video promosi ( short video, reels, cinematic property tour ) 
 Color grading  dan  sound editing  agar hasil profesional 
 Mengikuti trend konten (TikTok, IG Reels, YouTube) 
 Menguasai  software editing , khususnya  CapCut, Photoshop, dan After Effects 
 Kreatif, teliti, dan mampu bekerja dengan deadline 
 Mampu bekerja secara individu maupun dalam tim 
 Bersedia bekerja full-time 
 
 
 Penempatan Pantai Indah Kapuk atau Puri","Xavier Marks menyediakan produk dan layanan terbaik untuk membantu properti Anda terjual lebih cepat, serta memberikan kemudahan dan perlindungan bagi para Calon Pembeli dalam memperoleh Rumah Idaman.","perform bonus financial benefits, thr financial benefits, sales commission financial benefits",True,https://glints.com/id/opportunities/jobs/editor-videographer-property/c795a058-2316-43fa-be77-4afd3e4fe5a1,video capture video recording video editing capcut drone testing videography
AI Video Editor,Apparel & Fashion,FULL_TIME,Editor Video & Film,2026-01-18T23:23:49.885Z,2026-04-25,PT Berkat Indah Garment,http://drxasia.com,https://images.glints.com/unsafe/glints-dashboard.oss-ap-southeast-1.aliyuncs.com/company-logo/34cf692623c394da61d8bc63a017f227.png,"Ruko Kirana Boutique Office, Jl. Boulevard Raya No.1 Blok E2-5, Klp. Gading Tim., Kec. Klp. Gading, Jkt Utara, Daerah Khusus Ibukota Jakarta 14240",Jakarta Utara,DKI Jakarta,ID,-6.16111,106.90417,6500000.0,8000000.0,IDR,MONTH,"Film & Video Production, Video Color Grading, Video Editing",12.0,high school,"Job Summary 
 The AI Video Editor is responsible for producing high-quality video content using AI video generation tools combined with strong video editing fundamentals. This role focuses on creating engaging short-form and long-form videos for social media and digital platforms, including cinematic, advertising, UGC, and educational content. 
 The ideal candidate is familiar with AI video tools, understands video prompting and iteration workflows, and is able to transform creative briefs into polished, platform-ready video outputs while maintaining consistency in style, pacing, and brand identity. 
 
 Key Responsibilities 
 
 Create video content using AI video tools such as Kling, Veo, Runway, or Pika. 
 Develop and refine AI video prompts, including iterative improvements to achieve optimal results. 
 Edit video footage with strong attention to pacing, continuity, transitions, and visual flow. 
 Produce videos optimized for multiple platforms: (Vertical format (9:16) for TikTok, Instagram Reels, and Shorts) 
 Ensure subtitle placement follows safe-area guidelines for each platform. 
 Perform basic motion graphics and captioning for social media content. 
 Apply basic color correction and light grading when required. 
 Handle basic audio editing including volume leveling and light noise reduction. 
 Manage file organization, naming conventions, and export settings properly. 
 Collaborate with the team to interpret briefs accurately and deliver revisions (2–3 rounds). 
 Deliver final outputs according to required formats (MP4 / H.264, resolution, frame rate). 
 Meet content production targets (e.g., daily output or weekly quotas as defined by the team). 
 
 
 Job Specification (Qualifications & Requirements) 
 Mandatory Requirements 
 
 Experience creating AI-generated videos using at least 1–2 AI video tools (Kling, Veo, Runway, Pika, or similar). 
 Strong understanding of AI video prompting and iterative improvement processes. 
 Solid video editing fundamentals: cutting, pacing, continuity, clean transitions. 
 Ability to produce videos for both vertical and horizontal formats. 
 Must have a video portfolio, including examples of AI-generated video content. 
 
 Editing Tools 
 
 CapCut (accepted) for fast editing, subtitles, templates, and social media formatting. 
 Adobe Premiere Pro (preferred) for professional editing workflows and project management. 
 Adobe After Effects (basic) for simple motion text, masking, and compositing. 
 DaVinci Resolve (color correction / grading) 
 
 
 Basic Photoshop for asset cleanup, cropping, retouching, or simple background extension","Empowering Indonesian sport, advancing football culture with tech-driven apparel, digital platforms, & tokenized rewards","bpjs tenaga kerja insurance and health, medical coverage, thr financial benefits",True,https://glints.com/id/opportunities/jobs/ai-video-editor/2c05331a-8b3b-41ae-be68-895701429dcd,film video production video color grading video editing
Intern-Video Editor,Retail,INTERN,Editor Video & Film,2026-03-15T22:52:01.684Z,2026-04-15,AHA Commerce,http://www.ahacommerce.net,https://images.glints.com/unsafe/glints-dashboard.oss-ap-southeast-1.aliyuncs.com/company-logo/b4c6f17585d667b8095abf5f4f891bfe.png,"Central Park Mall, Letjen S. Parman St Level LG, Unit L109-114, South Tanjung Duren, Grogol petamburan, West Jakarta City, Jakarta 11470",Jakarta Barat,DKI Jakarta,ID,-6.1625,106.7875,2000000.0,2500000.0,IDR,MONTH,"Video Color Grading, Film & Video Production, Video Editing, Adobe Premiere Pro, Image Editing, Capcut",12.0,high school,"Persyaratan: 
 - Mampu menggunakan Microsoft Excel & beberapa formula nya. 
 - Memiliki integritas yang tinggi 
 - Mampu bekerja dengan tenggat waktu yang ditentukan. 
 - Memiliki komunikasi yang baik dan dapat bekerja secara mandiri maupun bersama tim. 
 
 Job Desc: 
 1. Assembly & Story Build 
 Merakit cerita (hook → tension → reveal → proof → CTA), memastikan continuity (framing, motion, tone, typography) dan ritme yang pas tiap platform. 
 2. Technical Editing 
 Cutting, pacing, transisi; sound design (leveling, SFX, musik, VO); caption akurat; finishing multi-format (9:16/1:1/16:9) dengan preset bitrate/resolution. 
 3. On-Set Production (Shoot & Direct) 
 - Menyusun shot-list & call sheet, memilih lokasi, menyiapkan blocking & basic lighting. 
 - Directing talent/creator: memberi arahan emosi, tempo, dan gesture agar natural. 
 - Camera operation (mirrorless/DSLR/phone pro mode), lensa, frame rate, shutter 180-rule, white balance, exposure. 
 - Audio capture (lav/shotgun), check noise, monitoring; basic gimbal/handheld dengan stabil. 
 4. Storycraft & Audience Insight (Relatability) 
 - Mengembangkan cerita yang dekat dengan keseharian audiens (situasi lokal, pain/aspirasi nyata, UGC vibe bila cocok). 
 - Riset cepat: mini-interview, comment mining, dan pattern narasi yang terbukti jalan. 
 - Uji hook & angle versi A/B; dokumentasi insight untuk diulang. 
 5. Asset Management & Collaboration 
 Manajemen file & versi (struktur proyek, naming), handover rapi; kolaborasi erat dengan tim terkait. 
 6. Platform Compliance & Pre-flight 
 Safe area, durasi, teks; cek kebijakan iklan, IP, musik; pre-flight sebelum publish. 
 7. Mengikuti arahan leader. 
 8. Membantu anggota team apabila dibutuhkan. 
 
 Ketentuan kerja:  
 •⁠  ⁠Jadwal kerja 8 jam kerja / hari (5 hari / minggu), pilihan jam & hari fleksibel  
 •⁠  ⁠Upah Lembur 1.5x dari harian / jam (akumulatif per menit)  
 •⁠  ⁠Upah Lembur tanggal Merah 2x dari harian  
 
 keuntungan menjadi staff FULL TIME AHA:  
 ✅ Jaminan kenaikan gaji setiap tahun 
 ✅ Waktu kerja 8 jam sehari dan waktu absensi fleksibel 
 ✅ Jenjang karir jelas 
 ✅ Jatah cuti 12-24 hari (tergantung posisi, setelah bekerja 1 tahun) 
 ✅ Tunjangan Hari Raya (THR) 
 ✅ Kegiatan kebersamaan tim 
 ✅ Vitamin / Suplemen setiap minggu 
 ✅ BONUS & Insentif",AHA Commerce adalah perusahaan yang bergerak di bidang perdagangan elektronik (e-commerce) dan solusi e-commerce.,"flexible work hours, career growth, team building events",True,https://glints.com/id/opportunities/jobs/intern-video-editor/ee891a2e-2093-4097-96d2-9e164cd801cf,video color grading film video production video editing adobe premiere pro image editing capcut
Videographer & Editor,Consumer Services,FULL_TIME,Videografer,2026-04-07T02:37:02.943Z,2026-05-08,Bekerdja.id,https://www.bekerdja.com/,https://images.glints.com/unsafe/glints-dashboard.oss-ap-southeast-1.aliyuncs.com/company-logo/c14a8ad05629fe1e1094a76ffc4e18ed.jpeg,"Kuningan, Jakarta Selatan 12950, ID",Tangerang,Banten,ID,-6.18889,106.64028,5000000.0,6000000.0,IDR,MONTH,"Capcut, Video Editing, Video Recording, Videography",12.0,bachelor degree,"Requirements: 
 - Bachelor’s degree in Visual Communication Design, Film, Multimedia, or related field. 
 - Minimum 1-3 years of experience in videography and video editing. 
 - Strong skills in video shooting, lighting, audio, and post-production workflows. 
 - Proficient in Adobe Creative Suite (Premiere Pro, After Effects, Photoshop). 
 - Good understanding of storytelling, visual composition, and branding. 
 - Detail-oriented, highly creative, and able to work independently. 
 - Strong time management and communication skills. 
 
 Responsibilities: 
 - Develop and execute engaging visual concepts for brand campaigns and product launches. 
 - Handle end-to-end video production, including shooting and editing, to produce high-quality promotional and branding content. 
 - Ensure visual consistency and quality in line with brand guidelines. 
 - Collaborate closely with the Social Media and Marketing teams to improve content performance based on insights and analytics. 
 - Stay up to date with video trends, formats, and platform best practices.",Welcome to BeKerja - Your Trusted Career Partner! BeKerja was born in 2023with a clear mission - to democratize access to reliable professional assistancefor all workplace challenges. Our vision is to create a secure and welc ... see more,"mentorship career growth and workplace support, career growth",True,https://glints.com/id/opportunities/jobs/videographer-&-editor/79fd98b5-9756-4dd8-acb3-9443e8ddc7d2,capcut video editing video recording videography
Social Media Video Editor,Education Management,FULL_TIME,Editor,2026-03-05T06:26:30.542Z,2026-05-05,TianWaa Indonesia,https://www.tianwaa.com/id/homeCtr,https://images.glints.com/unsafe/glints-dashboard.oss-ap-southeast-1.aliyuncs.com/company-logo/f694f20f8bcd0d2475ac9a41a1aa1b14.png,Komplek Rukan Puri Mansion Blok A20,Jakarta Barat,DKI Jakarta,ID,-6.19861,106.74167,6000000.0,7000000.0,IDR,MONTH,"English Language, Video Editing, Copy Editing, Image Editing, Editor",12.0,bachelor degree,"- Age 25 – 35 years old 
 - Bachelor's degree in film, multimedia or related degree is required 
 -  1-3 years of experience in social media operations 
 - Fluent in English (listening, speaking, reading, and writing), Indonesian language skills preferred; Mandarin speakers preferred, able to communicate fluently with a Mandarin-speaking team. 
 -Excellent content planning and creative skills, with an understanding of short video production 
 - Strong interest in the Indonesian market, familiarity with local culture, consumption habits, and social media usage characteristics 
 - Proactive, responsible, with excellent teamwork and communication skills, able to adapt to a fast-paced work environment 
 - Ability to multitask and work toward several milestones on various projects simultaneously 
 - Willing to be placed in West Jakarta","Tianwaa Indonesia adalah salah satu brand pendidikan Bahasa Mandarin terkemuka di dunia. Selama satu dekade terakhir, TianWaa telah menyediakan Kursus Bahasa Mandarin yang nyaman, profesional, dan berkualitas tinggi bagi lebih dari 20.000 siswa yang menggemari Bahasa Mandarin dan memiliki kebutuhan belajar Bahasa Mandarin di lebih dari 30 negara dan wilayah, sehingga berkontribusi terhadap pengembangan pendidikan Bahasa Mandarin di seluruh dunia","career growth, thr financial benefits, medical coverage, professional development, bpjs tenaga kerja insurance and health, perform bonus financial benefits, sales commission financial benefits",True,https://glints.com/id/opportunities/jobs/social-media-video-editor/95affd50-88c6-4511-a353-5576ae280691,english language video editing copy editing image editing editor
Videographer & Editor,Marketing and Advertising,FULL_TIME,Videografer,2026-04-03T02:20:41.256Z,2026-05-04,Nawasena Creative Studio,http://nawasenaworks.com,https://images.glints.com/unsafe/glints-dashboard.oss-ap-southeast-1.aliyuncs.com/company-logo/1bf0cb736269a53ca0d7f489d54f4961.png,"Kota Pekanbaru, Riau ID",Pekanbaru,Riau,ID,0.525,101.39639,3500000.0,5000000.0,IDR,MONTH,"Video Recording, Social Media, Capcut, Videography, Motion Graphics, Adobe Premiere Pro, Video Color Grading, Video Editing, Adobe After Effects",12.0,bachelor degree,"We are looking for a versatile Videographer & Video Editor with hands-on experience in both production and post-production. 
 
 Responsibilities: 
 
 Handle video production both on-site (events, outdoor shoots) and in studio settings 
 Operate and manage camera equipment, including proper setup and configuration 
 Capture high-quality footage for various content needs, including events and social media 
 Edit videos such as talking head content, event recaps, and short-form social media videos 
 Perform color grading using DaVinci Resolve 
 Create basic to intermediate motion graphics to enhance video content 
 
 Requirements: 
 
 Proven experience in videography, including event coverage 
 Strong understanding of camera settings, lighting, and composition 
 Proficiency in video editing and color grading (DaVinci Resolve preferred) 
 Ability to produce engaging talking head and social media content 
 Experience in creating content for social media platforms 
 Portfolio required, especially showcasing event videography work","Nawasena is a creative storytelling studio focused on helping founders and brands communicate their stories through powerful visual content. 
 From founder storytelling and brand content to event production, we craft cinematic and engaging videos designed to build trust, elevate brand presence, and create meaningful impact. 
 Working with clients across Australia, the United States, the United Kingdom, and Indonesia, Nawasena combines storytelling, strategy, and visual production to bring stories to life",career growth,True,https://glints.com/id/opportunities/jobs/videographer-&-editor/9aca2b0d-8dc2-469a-bce1-032db8671172,video recording social media capcut videography motion graphics adobe premiere pro video color grading video editing adobe effects
TikTok & Reels Editor,Marketing and Advertising,FULL_TIME,Editor,2026-04-09T07:38:34.695Z,2026-05-10,Firli Digital,https://firlidigital.com/,https://images.glints.com/unsafe/glints-dashboard.oss-ap-southeast-1.aliyuncs.com/company-logo/d6cd72224b372b520ee7b139f0d9df16.jpg,"Geduung B, Kawasan Bandung Techno Park, Telkom University",Bandung,Jawa Barat,ID,-6.98361,107.66472,1000000.0,2000000.0,IDR,MONTH,"TikTok, Short Video, Copy Editing, Capcut, Editor, Video Capture",12.0,high school,"Lowongan Kerja: TikTok & Reels Editor (WFO - Bojongsoang) 
 📍 Lokasi: Bojongsoang, Kab. Bandung (Area kampus) 
 💼 Tipe Pekerjaan: Full-time / Offline 
 
 Deskripsi Pekerjaan 
 Kami mencari talent yang bukan cuma sekadar ""bisa edit"", tapi paham soul dari konten pendek. Tugas utama kamu adalah mengubah ide dan raw footage menjadi konten yang thumb-stopping (bikin orang berhenti scroll) untuk TikTok dan Instagram Reels. 
 
 Kualifikasi Utama 
 Short-Form Expert: Mahir menggunakan CapCut (Mobile/PC). Paham penggunaan transisi, text overlay yang dinamis, dan pemilihan musik yang sedang tren. 
 Social Media Savvy: Ngerti bedanya vibe konten TikTok dan Reels. Tahu cara bikin hook di 3 detik pertama. 
 Mobilitas: Wajib memiliki kendaraan pribadi untuk akses ke kantor. 
 Gear: Memiliki device (HP/Laptop) yang mumpuni untuk editing video secara cepat dan lancar. 
 Domisili: Bersedia kerja tatap muka (WFO) setiap hari di kantor kami di Bojongsoang, Kab. Bandung. 
 
 Target & KPI (Key Performance Indicator) 
 Output: Minimal memproduksi 4 video siap tayang per hari. 
 Engagement Oriented: Mampu mengikuti tren terbaru agar konten punya potensi reach yang luas. 
 
 Fasilitas & Benefit 
 Flexible Working Style: Boleh kerja sambil rebahan atau tiduran, selama target minimal 4 video/hari selesai dengan kualitas mantap. 
 Koneksi: Wifi kenceng (bebas hambatan buat upload/download). 
 Amunisi: Air minum free refill sepuasnya (nggak perlu takut dehidrasi). 
 Lingkungan Seru: Lokasi kantor deket area mahasiswa, suasana santai dan banyak pilihan kuliner. 
 
 Benefit Tambahan: 
 Uang Makan 
 Uang Visit 
 Uang Lembur",Your Trusted Digital Marketing Partner,"travel, professional development, meal allowance financial benefits",True,https://glints.com/id/opportunities/jobs/tiktok-&-reels-editor/fdafad41-9523-4439-b572-723a0697970e,tiktok short video copy editing capcut editor video capture
Videographer & Video Editor,E-Learning,FULL_TIME,Videografer,2026-04-09T02:57:37.006Z,2026-05-10,PT Sinergi Insan Andalan,https://www.englishvit.com,https://images.glints.com/unsafe/glints-dashboard.oss-ap-southeast-1.aliyuncs.com/company-logo/9c2fea4c3b31a22411bf59adb53a8c5f.png,"Jl. Jogokaryan.28C, Mantrijeron, Kec. Mantrijeron, Kota Yogyakarta, Daerah Istimewa Yogyakarta 55143",Yogyakarta,DI Yogyakarta,ID,-7.82076,110.36131,2300000.0,2800000.0,IDR,MONTH,"Creative Strategy, Video Editing, Adobe Premiere Pro, Capcut, Video Recording, Film & Video Production, Photography, Teamwork, Videography, Attention to Detail",12.0,high school,"Job Descriptions 
 
 Edit and enhance educational videos for instagram and ads content. 
 Create catchy and engaging videos that follow current trends. 
 Shoot and produce high-quality video content as a videographer. 
 Collaborate with the team to develop creative video concepts. 
 Ensure all videos meet quality standards before publishing. 
 Manage and organize video assets efficiently. 
 
 
 Job Requirements  
 
 Familiar with professional cameras, lighting, and audio equipment. 
 Passion for video editing, storytelling, and educational content. 
 Strong editing skills using Adobe Premiere, Capcut  or similar software. 
 Creative mindset with attention to detail in visual and audio editing. 
 Basic knowledge of cinematography and motion graphics is a plus. 
 Please attach your portofolio or provide link for your portofolio 
 Fresh graduates are welcome to apply.","PT Sinergi Insan Andalan (SIA) is a tech-driven education company based in Yogyakarta, Indonesia. We are on a mission to revolutionize education by making it more practical, accessible, and aligned with today’s job market. 
 Formed from the merger of Eduwork and Englishvit, SIA combines job-ready training and English language mastery to empower learners across Indonesia. Through our programs, we’ve helped thousands of alumni for the transition into the workforce and partnered with companies to bridge the gap between education and employability. 
 At SIA, we don’t just build skills—we transform mindsets. Our hands-on, mentor-led approach prepares future talents to thrive in the modern professional world. As we continue to grow, we aim to set a new standard for education and talent development nationwide. 
 #FounderGlobalCompanyWannabe 
 
Be part of our journey to build a world-class education company from the ground up.","career growth, overtime pay financial benefits, travel, sales commission financial benefits, bpjs tenaga kerja insurance and health, perform bonus financial benefits, free food and beverages, medical coverage, meal allowance financial benefits, thr financial benefits",True,https://glints.com/id/opportunities/jobs/videographer-&-video-editor/9d740d0a-c935-427c-96bd-d9fe7bc05af9,creative strategy video editing adobe premiere pro capcut video recording film video production photography teamwork videography attention detail
Videografer & Video Editor,Hospital & Health Care,FULL_TIME,Videografer,2026-04-06T07:26:26.015Z,2026-05-07,Physiorehab Clinic,https://physiorehab.id/,https://images.glints.com/unsafe/glints-dashboard.oss-ap-southeast-1.aliyuncs.com/company-logo/71945ad8d54b6ee75536c42c4eb4feef.jpg,"Jakarta, Tangerang",Jakarta Utara,DKI Jakarta,ID,-6.12083,106.76111,6000000.0,8000000.0,IDR,MONTH,"Time Management & Deadline Management, Creative Thinking & Attention To Detail, Motion Graphics, Videography, Social media content strategy, Video Editing, Lighting & Audio Setup, Storytelling & Visual Composition, Video Color Grading, Content Creation (tiktok, Instagram, Youtube)",12.0,bachelor degree,"Videografer & Video Editor  
 
 Penempatan: Head Office Jakarta (PIK 2) 
 
 Tentang Kami 
 Physiorehab adalah klinik fisioterapi yang terus berkembang dengan fokus pada pelayanan berkualitas dan edukasi kesehatan kepada masyarakat. Kami aktif membuat konten digital untuk meningkatkan awareness dan memberikan edukasi yang bermanfaat. 
 Kami mencari kamu yang  kreatif, detail, dan punya passion di dunia konten untuk tumbuh bersama tim kami  
 
 Deskripsi Pekerjaan 
 
 Mengambil video untuk kebutuhan konten (edukasi, promosi, sosial media) 
 Mengedit video menjadi konten yang menarik, informatif, dan sesuai branding Physiorehab 
 Melakukan editing (cutting, color grading, sound design, motion, dll) 
 Berkolaborasi dengan tim untuk membuat ide & konsep konten 
 Mengikuti tren konten (TikTok, Instagram, YouTube) 
 Mengelola dan menyimpan file video dengan rapi 
 
 
 Kualifikasi 
 
 Pria/Wanita, usia minimal 23 tahun 
 Pendidikan minimal S1 (diutamakan jurusan Multimedia, Film, DKV, atau sejenisnya) 
 Memiliki pengalaman sebagai videografer dan/atau video editor minimal 2–3 tahun 
 Mampu mengoperasikan kamera (DSLR/Mirrorless), smartphone & equipment pendukung 
 Menguasai teknik pengambilan gambar (framing, composition, lighting, movement) 
 
 
 Menguasai software editing: 
 
 Adobe Premiere Pro 
 After Effects 
 CapCut / Final Cut / sejenisnya 
 Mampu menggunakan AI untuk produksi/editing video 
 Kreatif, detail, dan memiliki sense visual yang baik 
 Mampu bekerja sesuai deadline 
 Bisa bekerja dalam tim maupun individu 
 Bersedia bekerja fleksibel (termasuk outdoor/lapangan) 
 
 
 
 Persyaratan Wajib 
 
 Wajib melampirkan portofolio video 
 Cantumkan link (Google Drive / YouTube / dll) 
 
 
 Nilai Tambah 
 
 Mampu membuat konsep / storyboard 
 Update dengan tren konten kesehatan & lifestyle 
 Diutamakan memiliki pengalaman membuat konten sosial media (Reels/TikTok) 
 Berpengalaman handle konten brand / bisnis",Your journey to recovery starts here,"bpjs tenaga kerja insurance and health, yearly bonus financial benefits, career growth, medical coverage, meal allowance financial benefits, work station, thr financial benefits",True,https://glints.com/id/opportunities/jobs/videografer-&-video-editor/eb56aad5-76e0-41c3-b37c-f1ea06384470,time management deadline management creative thinking attention detail motion graphics videography social media content strategy video editing lighting audio setup storytelling visual composition video color grading content creation tiktok instagram youtube
Videographer & Editor,Retail,FULL_TIME,Videografer,2026-03-18T04:13:37.427Z,2026-04-18,CV BERKAT UNTUNG BERSAUDARA,https://azarinecosmetic.com/,https://images.glints.com/unsafe/glints-dashboard.oss-ap-southeast-1.aliyuncs.com/company-logo/58e945cb46537532bbe7a631ff2598d8.jpg,"Jl. Raya Gedangan No.214 A, Megersari, Gedangan, Sidoarjo
Pergudangan Gedangan Permail Blok A1,A2",Sidoarjo,Jawa Timur,ID,-7.39167,112.72972,5000000.0,5500000.0,IDR,MONTH,"Video Editing, Videography, Video Recording",12.0,professional certificate,"Mengambil footage video sesuai kebutuhan konten dan branding (produk, talent, event, dan lainnya) 
 Mengatur konsep visual, lighting, dan angle agar produk terlihat menarik 
 Melakukan editing video (cutting, color grading, sound, basic motion) sesuai identitas brand 
 Berkolaborasi dengan tim kreatif untuk menghasilkan konten yang engaging dan sesuai campaign","CV Berkat Untung Bersaudara is one of the subsidiaries of PT Wahana Kosmetika Indonesia that focusing more on the distribution and sale of goods. CV Berkat Untung Bersaudara houses several brands such as Azarine, Wonderlux, Allura, and Life Buddy.","meal allowance financial benefits, bpjs tenaga kerja insurance and health, thr financial benefits, medical coverage",True,https://glints.com/id/opportunities/jobs/videographer-&-editor/10da81f8-86d3-42a9-947e-1356c11f0523,video editing videography video recording
Editor & videographer property,Furniture,FULL_TIME,Editor,2026-04-01T04:30:49.374Z,2026-05-02,Insight Homes,https://www.instagram.com/insighthomes.id/?hl=en,https://images.glints.com/unsafe/glints-dashboard.oss-ap-southeast-1.aliyuncs.com/company-logo/568a44d786419758437f3461dc23f167.png,Ruko Bolsena Blok D no 26,Tangerang,Banten,ID,-6.2375,106.60833,100000.0,3000000.0,IDR,MONTH,"Photo Editing, Copy Editing, Image Editing, Videography, Film & Video Production, Video Editing, Video Ad Creative, Editor",12.0,high school,"Job Requirement - wajib melampirkan PORTOFOLIO  
 
 - Pengalaman minimal 2-3 tahun produksi video 
 - Berpengalaman di bidang property atau pernah shoot rumah  / pengalaman di agency  
 -Dapat menggunakan adobe after effect WAJIB 
 -bisa penggunakan Ai WAJIB 
 -Dapat menggunakan CAPCUT di HP & PC 
 -Dapat mengoperasikan drone 
 -mempunyai peralatan pribadi seperti laptop (wajib ) 
 -MEMPUNYAI KENDARAAN PRIBADI ( wajib )  
 - Lulusan SMK/S1 - (lebih diutamakan berpengalaman) 
 
 
 Berdomisili di Gading serpong, BSD, sekitarnya 
 WAJIB MEMILIKI KENDARAAN PRIBADI",CREATE LEADER,"career growth, thr financial benefits, mentorship career growth and workplace support, team outing work environment and facilities, vacation and leaves, perform bonus financial benefits",True,https://glints.com/id/opportunities/jobs/editor-&-videographer-property/d69d085d-33e3-478f-99c7-9eec601a3659,photo editing copy editing image editing videography film video production video editing video ad creative editor
Internship Editor Video,Retail,INTERN,Editor Video & Film,2026-03-30T03:44:18.185Z,2026-04-30,Pt Sumber Sejahtera Audiotama,http://www.venom-audio.com,https://images.glints.com/unsafe/glints-dashboard.oss-ap-southeast-1.aliyuncs.com/company-logo/e697f7375bffe9ecd53ca64c199db67f.png,"Jl. Pluit Barat Raya No.11A, RT.17/RW.4, Pluit, Kec. Penjaringan, Jkt Utara, Daerah Khusus Ibukota Jakarta 14450",Jakarta Utara,DKI Jakarta,ID,-6.12083,106.76111,1000000.0,1500000.0,IDR,MONTH,"Creative Writing, Photo Editing, Image Photo Retouching, Content Marketing, Photography, Adobe Photoshop, Content Editing, Content Writing, Adobe Lightroom, E-Commerce Photography, Image Editing",12.0,high school,"Job Desk 
 
 Melakukan pemotretan sesuai kebutuhan perusahaan. 
 Menyiapkan peralatan fotografi sebelum dan sesudah pemotretan 
 Mengatur komposisi, pencahayaan, dan angle agar menghasilkan visual yang optimal 
 Bekerja sama dengan tim konten/kreatif untuk memahami konsep dan kebutuhan visual 
 Melakukan proses editing foto (color correction, retouch, cropping, dll.) 
 Mengedit video pendek untuk kebutuhan perusahaan 
 Menyesuaikan hasil editing dengan guideline brand 
 
 
 Kualifikasi 
 
 Mahasiswa atau fresh graduate jurusan DKV/Multimedia/Desain Komunikasi Visual/Broadcasting atau sejenisnya 
 Memiliki minat dan kemampuan dasar fotografi & videografi 
 Menguasai software editing seperti Adobe Lightroom / Photoshop / Adobe Premiere Pro / CapCut / After Effects (nilai plus) 
 Memahami komposisi visual, warna, dan storytelling 
 Kreatif, detail-oriented, jujur dan mampu bekerja dengan deadline 
 Bersedia bekerja secara on-site",PT. Sumber Sejahtera Audiotama adalah perusahaan Car Audio System dengan merek VENOM yang telah dikenal luas baik dari dalam negeri maupun luar negeri. Kami mempunyai berbagai varian produk Car Audio System yang berkualitas. Perusahaan kami telah berdiri sejak tahun 2002 dan terus berkembang hingga saat ini sehingga memiliki Workshop dan Dealer Perusahaan yang dapat melayani konsumen seluruh Indonesia. Skala perusahaan saat ini berkisar antara 51 - 200 karyawan.,near public transport work environment and facilities,True,https://glints.com/id/opportunities/jobs/internship-editor-video/cb55aee3-cb49-45d1-a182-979364cc07e7,creative writing photo editing image photo retouching content marketing photography adobe photoshop content editing content writing adobe lightroom ecommerce photography image editing
Editor Video,Automotive,FULL_TIME,Editor Video & Film,2026-03-11T12:13:37.737Z,2026-04-11,Pt. Sentra Pratama Motorindo,http://www.sphinxmotorsport.co.id,https://images.glints.com/unsafe/glints-dashboard.oss-ap-southeast-1.aliyuncs.com/company-logo/ca0f5f6df45e4cb0fd9203a817569cec.jpg,Duta Indah Starhub U-02. Jl. Saluran Irigasi Cisadane Timur. Benda. Tangerang,Tangerang,Banten,ID,-6.13333,106.66667,3090000.0,4635000.0,IDR,MONTH,"Capcut, Video Color Grading, Image Editing, Film & Video Production, Video Editing, Adobe Premiere Pro",12.0,professional certificate,"Kualifikasi : 
 
 Pendidikan minimal D3/S1 Jurusan DKV / Multimedia 
 Pengalaman minimal 2 tahun di bidang Videography / Video Editing 
 Menguasai software editing video (Adobe Premiere Pro, After Effects, atau sejenisnya) 
 Memiliki kemampuan graphic design menjadi nilai tambah 
 Kreatif, komunikatif, dan mampu bekerja dalam tim maupun secara mandiri 
 
 
 Tanggung Jawab : 
 1. Pra-Produksi 
 
 Merencanakan konsep video sesuai kebutuhan proyek 
 Membuat storyboard sebagai panduan visual 
 Berkoordinasi dengan tim terkait mengenai visi dan tujuan video 
 
 
 2. Produksi (Shooting) 
 
 Mengoperasikan kamera  untuk proses pengambilan gambar 
 Mengatur pencahayaan (lighting) agar menghasilkan visual yang optimal 
 Memastikan kualitas suara (audio) saat proses perekaman 
 
 
 3. Teknis Visual 
 
 Menentukan sudut pengambilan gambar (camera angle) yang tepat 
 Mengatur komposisi visual agar mampu menyampaikan cerita secara efektif 
 
 
 4. Editing & Post-Production 
 
 Memilih, memotong, dan menyusun klip video mentah sesuai alur cerita atau skenario 
 Menambahkan efek visual, transisi, motion graphics, serta teks (judul/subtitle) 
 Melakukan proses finishing agar hasil video siap dipublikasikan","We are specializing in Motorcycle and Car aftermarket industry. 
 PT. SENTRA PRATAMA MOTORINDO a leading distributor of automotive parts and accessories in Indonesia. The company focuses on distributing premium motorcycle and car accessories and parts from well-known international brands such as AKRAPOVIC, YOSHIMURA, MRA, DIXCEL, KONI, SUBARU, INVIDIA, FUJITSUBO, etc","professional development, career growth, thr financial benefits, sales commission financial benefits, bpjs tenaga kerja insurance and health, perform bonus financial benefits",True,https://glints.com/id/opportunities/jobs/editor-video/a7e674a2-263e-4b0d-98ca-40903a72f4b6,capcut video color grading image editing film video production video editing adobe premiere pro
videographer editor,Retail,FULL_TIME,Videografer,2026-03-11T07:46:04.904Z,2026-04-11,Lokita Indonesia,https://lokita.co.id/,https://images.glints.com/unsafe/glints-dashboard.oss-ap-southeast-1.aliyuncs.com/company-logo/042cd04bca2873797dc759ed7afd73fa.jpeg,"Blok M, Mojorejo, RT.07/RW.06, Plesungan, Kec. Gondangrejo, Kabupaten Karanganyar, Jawa Tengah 57181",Wonogiri,Jawa Tengah,ID,-7.84222,111.13222,2000000.0,2700000.0,IDR,MONTH,"Video Editing, Capcut, Videography, Adobe After Effects, Video Recording, Adobe Photoshop, Adobe Premiere Pro",12.0,high school,"Videographer & Video Editor bertanggung jawab untuk merencanakan, mengambil gambar/video, serta mengedit konten visual yang digunakan untuk kebutuhan marketing, branding, promosi, dan media sosial dari seluruh brand yang berada di bawah naungan Zakha Jaya Group. 
 
 Posisi ini berperan penting dalam menghasilkan konten video yang menarik, berkualitas, dan mampu meningkatkan engagement serta penjualan. 
 
 Tanggung Jawab Pekerjaan 
 
 Melakukan pengambilan gambar (shooting) untuk kebutuhan konten promosi, branding, dan dokumentasi perusahaan. 
 
 Mengedit video menjadi konten yang menarik, kreatif, dan sesuai dengan konsep marketing. 
 
 Membuat konten video untuk berbagai platform seperti Instagram, TikTok, YouTube, dan kebutuhan iklan digital. 
 
 Berkolaborasi dengan tim marketing dan creative team untuk menghasilkan konsep konten yang efektif. 
 
 Mengatur komposisi visual, lighting, angle, dan storytelling dalam setiap produksi video. 
 
 Melakukan editing video, color grading, sound editing, dan penambahan motion graphic sederhana. 
 Mengelola dan menyimpan file footage serta hasil produksi secara rapi dan terorganisir. 
 Mengikuti trend konten digital agar video yang dibuat relevan dengan market. 
 Membantu proses produksi konten mulai dari pre-production, production, hingga post-production. 
 
 Memiliki pengalaman sebagai Videographer / Video Editor (fresh graduate dipersilakan jika memiliki portofolio). 
 Menguasai software editing seperti Adobe Premiere Pro, After Effects, CapCut, atau software sejenis. 
 Memahami teknik pengambilan gambar, lighting, framing, dan storytelling visual. 
 Kreatif, memiliki sense visual yang baik, dan mengikuti trend konten digital 
 Mampu bekerja secara tim maupun individu. 
 Memiliki inisiatif tinggi dan mampu bekerja dengan deadline. 
 Memiliki portofolio video menjadi nilai tambah.","Lokita adalah brand minuman franchise yang berasal dari kota Wonogiri. Berdiri sejak Desember 2020 dengan konsep produk kekinian dan Instagramable, cocok untuk semua kalangan, rasa nikmat dan segar, serta dibuat dari bahan-bahan yang baik untuk kesehatan. 
 Dengan bahan dasar pilihan yang sudah Premium Food Grade serta sudah lulus uji BPOM dan PIRT. Selain itu, sudah bersertifikat Halal MUI juga.","thr financial benefits, team building events, perform bonus financial benefits, professional development, work station, career growth",True,https://glints.com/id/opportunities/jobs/videographer-editor/86bc145e-6943-4104-93f0-527768e7ddfe,video editing capcut videography adobe effects video recording adobe photoshop adobe premiere pro
Video Editor (with 3D Capabilities),Manufacturing,FULL_TIME,Editor Video & Film,2026-03-30T09:13:35.357Z,2026-04-30,PT Torop Natio Sejahtera,http://www.poda.co.id,https://images.glints.com/unsafe/glints-dashboard.oss-ap-southeast-1.aliyuncs.com/company-logo/2bd025ab4da18f10c3893ee67dc75b25.jpeg,jl raya kopo bizpark commercial blok a3 no 11,Bandung,Jawa Barat,ID,-6.91583,107.61694,3000000.0,4200000.0,IDR,MONTH,"Adobe Premiere Pro, Film & Video Production, 3d Software, Video Color Grading, Video Editing",12.0,professional certificate,"JOB DESC 
 
1. Produksi & Editing Video 
 
 Mengedit footage mentah menjadi video yang menarik dan sesuai dengan brand guidelines. 
 Melakukan cutting, sequencing, sound mixing, color correction, dan color grading. 
 Membuat opening title, closing screen, serta motion graphics untuk kebutuhan video promosi. 
 Menghasilkan konten video untuk media sosial, digital campaign, iklan, dan materi promosi lainnya. 
 
 2. Desain & Animasi 3D 
 
 Mendesain dan membuat model 3D produk seperti botol liquid. 
 Melakukan texturing, lighting, rendering, dan animasi 3D. 
 Membuat efek visual seperti vapor/smoke effect, product fly-through, dan logo animation. 
 Mengintegrasikan elemen 3D ke dalam video menggunakan teknik compositing. 
 
 3. Konsep Visual & Storytelling 
 
 Berkolaborasi dengan tim marketing untuk mengembangkan konsep visual dan storyboard. 
 Menerjemahkan konsep kreatif menjadi visual video yang kuat dan menarik. 
 
 4. Manajemen Aset 
 
 Mengelola dan mengorganisir footage, aset grafis, sound effect, dan file project secara rapi dan efisien. 
 
 
 KUALIFIKASI 
 
 Pendidikan :  Gelar Sarjana (S1) atau Diploma di bidang Desain Komunikasi Visual, Multimedia, Film, Animasi 3D, atau bidang terkait. 
 Pengalaman  : Minimal 1-3 tahun pengalaman profesional sebagai Video Editor, dengan portofolio yang kuat yang menampilkan kemampuan 3D modeling, texturing, rendering, dan animasi. 
 Perangkat Lunak  : Premier pro, AE, dan sejenisnya 3D Software: Blender, Cinema 4D, 3ds Max, atau Maya (sertakan software yang paling dikuasai). 
 Keterampilan  : Teknis Pemahaman yang kuat tentang prinsip-prinsip sinematografi, storytelling visual, teori warna, tipografi, sound design, dan compositing. 
 Kreativitas & Detail Mata  : yang tajam untuk detail visual, kreativitas yang tinggi, dan kemampuan menerjemahkan konsep abstrak menjadi visual yang nyata. 
 Portofolio  : Wajib menyertakan portofolio yang kuat dan relevan yang menunjukkan kemampuan video editing dan grafis 3D Anda.","PODA E-Liquid Company 
 Founded in 2021, Poda E-liquid Company is a premium E-Liquid producer from Indonesia. Our product is budget-friendly but has a high quality. We are passionate about what we do, and we do it with a smile on our faces! 
 To become your","work station, thr financial benefits, team building events",True,https://glints.com/id/opportunities/jobs/video-editor-(with-3d-capabilities)/1a3727b8-5bc1-44b1-aa6e-34a4fb353a40,adobe premiere pro film video production software video color grading video editing
